{
    "doc_type": "user_profile",
    "personal_details": {
        "age": 39,
        "display_name": "Aaron Ashton",
        "email": "Aaron.Ashton@snailmail.com",
        "first_name": "Aaron",
        "last_name": "Ashton",
        "state": "Washington"
    },
    "profile_details": {
        "last_login_time": "Mon Jan 14 12:58:49 2013",
        "loyalty": {
            "friends_referred": [
                "Luis_78585771",
                "Allison_21356565"
            ],
            "loyalty_score": 7.751442406553885,
            "membership_type": "Gold",
            "redeemed_points": 588,
            "reward_points": 1155
        },
        "password": "Aaron36",
        "prefs": {
            "promotion_category": [
                "Books",
                "Music"
            ],
            "promotion_email": true,
            "ui_language": "Spanish",
            "ui_theme": "Pebbles"
        },
        "user_creation_time": "Sat Apr  7 12:58:49 2012",
        "user_id": "Aaron_31596570"
    },
    "search_history": [
        {
            "category": "Films",
            "sub-category": [
                "Classic Films",
                "Documentary"
            ]
        },
        {
            "category": "Books",
            "sub-category": [
                "Religion"
            ]
        }
    ],
    "shipped_order_history": []
}