{
    "doc_type": "user_profile",
    "personal_details": {
        "age": 27,
        "display_name": "Abe Edmondson",
        "email": "Abe.Edmondson@snailmail.com",
        "first_name": "Abe",
        "last_name": "Edmondson",
        "state": "Louisiana"
    },
    "profile_details": {
        "last_login_time": "Tue Jun 11 12:58:49 2013",
        "loyalty": {
            "friends_referred": [
                "Yung_38607457"
            ],
            "loyalty_score": 9.833309946750651,
            "membership_type": "Platinum",
            "redeemed_points": 2052,
            "reward_points": 1296
        },
        "password": "Abe80",
        "prefs": {
            "promotion_email": false,
            "ui_language": "English",
            "ui_theme": "Tree Tops"
        },
        "user_creation_time": "Wed Nov 21 12:58:49 2012",
        "user_id": "Abe_23786215"
    },
    "search_history": [
        {
            "category": "Films",
            "sub-category": [
                "Classic Films",
                "Comedy",
                "Fitness / Instructional"
            ]
        },
        {
            "category": "Books",
            "sub-category": [
                "Religion"
            ]
        },
        {
            "category": "Music",
            "sub-category": [
                "Broadway and Vocal"
            ]
        }
    ],
    "shipped_order_history": [
        {
            "order_datetime": "Tue Apr  9 12:58:49 2013",
            "order_id": "T384969429252"
        },
        {
            "order_datetime": "Thu Jan 31 12:58:49 2013",
            "order_id": "T815048507467"
        },
        {
            "order_datetime": "Sat Jun  8 12:58:49 2013",
            "order_id": "T868761873797"
        },
        {
            "order_datetime": "Wed May 29 12:58:49 2013",
            "order_id": "T317222126562"
        },
        {
            "order_datetime": "Thu Mar 14 12:58:49 2013",
            "order_id": "T299423483472"
        },
        {
            "order_datetime": "Tue Jan  8 12:58:49 2013",
            "order_id": "T899931978463"
        },
        {
            "order_datetime": "Mon Apr 15 12:58:49 2013",
            "order_id": "T539229106079"
        }
    ]
}