{
    "doc_type": "user_profile",
    "personal_details": {
        "age": 31,
        "display_name": "Adam Sampson",
        "email": "Adam.Sampson@snailmail.com",
        "first_name": "Adam",
        "last_name": "Sampson",
        "state": "Illinois"
    },
    "profile_details": {
        "last_login_time": "Sat Nov 10 12:58:49 2012",
        "loyalty": {
            "friends_referred": [
                "Chanelle_28795324",
                "Pablo_5432489"
            ],
            "loyalty_score": 8.641712122352882,
            "membership_type": "Gold",
            "redeemed_points": 2304,
            "reward_points": 1680
        },
        "password": "Adam12",
        "prefs": {
            "promotion_category": [
                "Books",
                "Music"
            ],
            "promotion_email": true,
            "ui_language": "German",
            "ui_theme": "Grafitti"
        },
        "user_creation_time": "Sun Jul 10 12:58:49 2011",
        "user_id": "Adam_4734755"
    },
    "shipped_order_history": []
}