{
    "doc_type": "user_profile",
    "personal_details": {
        "age": 37,
        "display_name": "Adela Beaman",
        "email": "Adela.Beaman@snailmail.com",
        "first_name": "Adela",
        "last_name": "Beaman",
        "state": "North Carolina"
    },
    "profile_details": {
        "last_login_time": "Mon Nov  5 12:58:49 2012",
        "loyalty": {
            "friends_referred": [],
            "loyalty_score": 0.04123024850673951,
            "membership_type": "Basic",
            "redeemed_points": 0,
            "reward_points": 0
        },
        "password": "Adela11",
        "prefs": {
            "promotion_category": [
                "Books",
                "Music",
                "Films"
            ],
            "promotion_email": true,
            "ui_language": "Spanish",
            "ui_theme": "Ocean"
        },
        "user_creation_time": "Tue Aug  9 12:58:49 2011",
        "user_id": "Adela_73499147"
    },
    "search_history": [
        {
            "category": "Films",
            "sub-category": [
                "Animation",
                "Drama",
                "Sci-Fi, Fantasy & Horror"
            ]
        }
    ],
    "shipped_order_history": []
}