{
    "doc_type": "user_profile",
    "personal_details": {
        "age": 60,
        "display_name": "Adrian Mcbride",
        "email": "Adrian.Mcbride@snailmail.com",
        "first_name": "Adrian",
        "last_name": "Mcbride",
        "state": "South Dakota"
    },
    "profile_details": {
        "last_login_time": "Fri Feb  8 12:58:49 2013",
        "loyalty": {
            "friends_referred": [
                "Arianna_1108899",
                "Gerry_80263414",
                "Delana_12968485",
                "Ashleigh_13948377"
            ],
            "loyalty_score": 9.235553445941777,
            "membership_type": "Platinum",
            "redeemed_points": 1890,
            "reward_points": 1080
        },
        "password": "Adrian44",
        "prefs": {
            "promotion_email": false,
            "ui_language": "German",
            "ui_theme": "Beach"
        },
        "user_creation_time": "Fri Apr  1 12:58:49 2011",
        "user_id": "Adrian_74534503"
    },
    "search_history": [
        {
            "category": "Films",
            "sub-category": [
                "Foreign Films",
                "Documentary"
            ]
        },
        {
            "category": "Books",
            "sub-category": [
                "Humor",
                "NonFiction",
                "Home & Garden"
            ]
        }
    ],
    "shipped_order_history": [
        {
            "order_datetime": "Thu Jan 19 12:58:49 2012",
            "order_id": "T910648964761"
        },
        {
            "order_datetime": "Mon Aug  8 12:58:49 2011",
            "order_id": "T179337477822"
        },
        {
            "order_datetime": "Mon Oct 24 12:58:49 2011",
            "order_id": "T841337299904"
        }
    ]
}