{
    "doc_type": "user_profile",
    "personal_details": {
        "age": 60,
        "display_name": "Agnus Burleson",
        "email": "Agnus.Burleson@snailmail.com",
        "first_name": "Agnus",
        "last_name": "Burleson",
        "state": "Idaho"
    },
    "profile_details": {
        "last_login_time": "Thu Aug  8 12:58:49 2013",
        "loyalty": {
            "friends_referred": [],
            "loyalty_score": 9.055534300037,
            "membership_type": "Platinum",
            "redeemed_points": 1809,
            "reward_points": 1107
        },
        "password": "Agnus85",
        "prefs": {
            "promotion_category": [
                "Books"
            ],
            "promotion_email": true,
            "ui_language": "German",
            "ui_theme": "Planets"
        },
        "user_creation_time": "Tue Dec 27 12:58:49 2011",
        "user_id": "Agnus_60177070"
    },
    "shipped_order_history": [
        {
            "order_datetime": "Tue Mar 26 12:58:49 2013",
            "order_id": "T372737663486"
        },
        {
            "order_datetime": "Wed Apr 18 12:58:49 2012",
            "order_id": "T199054882574"
        },
        {
            "order_datetime": "Mon Oct  1 12:58:49 2012",
            "order_id": "T699261758574"
        },
        {
            "order_datetime": "Tue Mar 26 12:58:49 2013",
            "order_id": "T305163514873"
        },
        {
            "order_datetime": "Mon Nov 26 12:58:49 2012",
            "order_id": "T996258705023"
        },
        {
            "order_datetime": "Thu Jun 27 12:58:49 2013",
            "order_id": "T257547695955"
        },
        {
            "order_datetime": "Sun Jul 28 12:58:49 2013",
            "order_id": "T328153662578"
        },
        {
            "order_datetime": "Wed Aug 29 12:58:49 2012",
            "order_id": "T830421163451"
        },
        {
            "order_datetime": "Wed Sep 26 12:58:49 2012",
            "order_id": "T674432849217"
        }
    ]
}