{
    "doc_type": "user_profile",
    "personal_details": {
        "age": 46,
        "display_name": "Agustina Peck",
        "email": "Agustina.Peck@snailmail.com",
        "first_name": "Agustina",
        "last_name": "Peck",
        "state": "Illinois"
    },
    "profile_details": {
        "last_login_time": "Sun Jul 21 12:58:49 2013",
        "loyalty": {
            "friends_referred": [],
            "loyalty_score": 0.0250317701283298,
            "membership_type": "Basic",
            "redeemed_points": 0,
            "reward_points": 0
        },
        "password": "Agustina54",
        "prefs": {
            "promotion_category": [
                "Books",
                "Music"
            ],
            "promotion_email": true,
            "ui_language": "German",
            "ui_theme": "Pebbles"
        },
        "user_creation_time": "Mon Dec 17 12:58:49 2012",
        "user_id": "Agustina_83795618"
    },
    "search_history": [
        {
            "category": "Films",
            "sub-category": [
                "Animation"
            ]
        },
        {
            "category": "Books",
            "sub-category": [
                "Humor",
                "Travel"
            ]
        },
        {
            "category": "Music",
            "sub-category": [
                "Broadway and Vocal"
            ]
        }
    ],
    "shipped_order_history": []
}