{
    "doc_type": "user_profile",
    "personal_details": {
        "age": 15,
        "display_name": "Aisha Floyd",
        "email": "Aisha.Floyd@snailmail.com",
        "first_name": "Aisha",
        "last_name": "Floyd",
        "state": "Georgia"
    },
    "profile_details": {
        "last_login_time": "Sat Jun  8 12:58:49 2013",
        "loyalty": {
            "friends_referred": [
                "Adella_70534281",
                "Maire_92486045",
                "Zola_72792991",
                "Joelle_92603598"
            ],
            "loyalty_score": 9.599479128832552,
            "membership_type": "Platinum",
            "redeemed_points": 432,
            "reward_points": 1269
        },
        "password": "Aisha58",
        "prefs": {
            "promotion_email": false,
            "ui_language": "German",
            "ui_theme": "Mountains"
        },
        "user_creation_time": "Sat Jan 12 12:58:49 2013",
        "user_id": "Aisha_70844187"
    },
    "shipped_order_history": [
        {
            "order_datetime": "Wed Apr 24 12:58:49 2013",
            "order_id": "T702236193888"
        },
        {
            "order_datetime": "Sat May 25 12:58:49 2013",
            "order_id": "T363923409563"
        },
        {
            "order_datetime": "Wed Mar 13 12:58:49 2013",
            "order_id": "T950358367979"
        }
    ]
}