{
    "doc_type": "user_profile",
    "personal_details": {
        "age": 60,
        "display_name": "Aja Chapa",
        "email": "Aja.Chapa@snailmail.com",
        "first_name": "Aja",
        "last_name": "Chapa",
        "state": "South Dakota"
    },
    "profile_details": {
        "last_login_time": "Wed Jan 30 12:58:49 2013",
        "loyalty": {
            "friends_referred": [],
            "loyalty_score": 5.591278217737018,
            "membership_type": "Silver",
            "redeemed_points": 225,
            "reward_points": 1455
        },
        "password": "Aja91",
        "prefs": {
            "promotion_email": false,
            "ui_language": "English",
            "ui_theme": "Beach"
        },
        "user_creation_time": "Mon Oct 31 12:58:49 2011",
        "user_id": "Aja_80762849"
    },
    "search_history": [
        {
            "category": "Films",
            "sub-category": [
                "Foreign Films",
                "Drama"
            ]
        }
    ],
    "shipped_order_history": [
        {
            "order_datetime": "Tue Oct  2 12:58:49 2012",
            "order_id": "T803522081224"
        },
        {
            "order_datetime": "Sun Mar  4 12:58:49 2012",
            "order_id": "T459653603900"
        },
        {
            "order_datetime": "Fri Jul 13 12:58:49 2012",
            "order_id": "T268263421659"
        }
    ]
}