{
    "doc_type": "user_profile",
    "personal_details": {
        "age": 17,
        "display_name": "Akiko Wolff",
        "email": "Akiko.Wolff@snailmail.com",
        "first_name": "Akiko",
        "last_name": "Wolff",
        "state": "Oklahoma"
    },
    "profile_details": {
        "last_login_time": "Fri Sep 20 12:58:49 2013",
        "loyalty": {
            "friends_referred": [
                "Altagracia_68847686",
                "Tiny_24448700"
            ],
            "loyalty_score": 9.988920259250635,
            "membership_type": "Platinum",
            "redeemed_points": 1998,
            "reward_points": 216
        },
        "password": "Akiko89",
        "prefs": {
            "promotion_email": false,
            "ui_language": "English",
            "ui_theme": "Planets"
        },
        "user_creation_time": "Thu Jun 27 12:58:49 2013",
        "user_id": "Akiko_32815264"
    },
    "search_history": [
        {
            "category": "Films",
            "sub-category": [
                "Classic Films",
                "Comedy"
            ]
        },
        {
            "category": "Books",
            "sub-category": [
                "Humor",
                "Travel",
                "Sports & Adventure"
            ]
        },
        {
            "category": "Music",
            "sub-category": [
                "Blues and Folk",
                "Country Music"
            ]
        }
    ],
    "shipped_order_history": [
        {
            "order_datetime": "Sat Sep  7 12:58:49 2013",
            "order_id": "T722648295866"
        },
        {
            "order_datetime": "Sat Aug 17 12:58:49 2013",
            "order_id": "T326048468350"
        },
        {
            "order_datetime": "Thu Aug 29 12:58:49 2013",
            "order_id": "T249463508006"
        },
        {
            "order_datetime": "Sat Sep 14 12:58:49 2013",
            "order_id": "T398830462474"
        },
        {
            "order_datetime": "Wed Jul 10 12:58:49 2013",
            "order_id": "T812851042648"
        },
        {
            "order_datetime": "Mon Jul  1 12:58:49 2013",
            "order_id": "T558144134706"
        },
        {
            "order_datetime": "Thu Sep 12 12:58:49 2013",
            "order_id": "T339127568452"
        }
    ]
}