{
    "doc_type": "user_profile",
    "personal_details": {
        "age": 56,
        "display_name": "Alaine Stoner",
        "email": "Alaine.Stoner@snailmail.com",
        "first_name": "Alaine",
        "last_name": "Stoner",
        "state": "Mississippi"
    },
    "profile_details": {
        "last_login_time": "Wed Oct 31 12:58:49 2012",
        "loyalty": {
            "friends_referred": [
                "Dorthey_25197248",
                "Romelia_36839379",
                "Maia_53598060",
                "Mervin_77851221"
            ],
            "loyalty_score": 9.045900015890647,
            "membership_type": "Platinum",
            "redeemed_points": 1350,
            "reward_points": 324
        },
        "password": "Alaine86",
        "prefs": {
            "promotion_category": [
                "Books",
                "Music",
                "Films"
            ],
            "promotion_email": true,
            "ui_language": "Spanish",
            "ui_theme": "Beach"
        },
        "user_creation_time": "Fri Jul 29 12:58:49 2011",
        "user_id": "Alaine_60638473"
    },
    "search_history": [
        {
            "category": "Films",
            "sub-category": [
                "Animation",
                "Comedy"
            ]
        }
    ],
    "shipped_order_history": [
        {
            "order_datetime": "Mon Feb  6 12:58:49 2012",
            "order_id": "T569528364940"
        }
    ]
}