{
    "doc_type": "user_profile",
    "personal_details": {
        "age": 35,
        "display_name": "Alberta Grove",
        "email": "Alberta.Grove@snailmail.com",
        "first_name": "Alberta",
        "last_name": "Grove",
        "state": "North Carolina"
    },
    "profile_details": {
        "last_login_time": "Sat Sep  7 12:58:49 2013",
        "loyalty": {
            "friends_referred": [],
            "loyalty_score": 2.3810652148886247,
            "membership_type": "Basic",
            "redeemed_points": 342,
            "reward_points": 594
        },
        "password": "Alberta81",
        "prefs": {
            "promotion_category": [
                "Books",
                "Music",
                "Films"
            ],
            "promotion_email": true,
            "ui_language": "German",
            "ui_theme": "Wood"
        },
        "user_creation_time": "Wed Jan  2 12:58:49 2013",
        "user_id": "Alberta_81577022"
    },
    "search_history": [
        {
            "category": "Films",
            "sub-category": [
                "Classic Films"
            ]
        }
    ],
    "shipped_order_history": []
}