{
    "doc_type": "user_profile",
    "personal_details": {
        "age": 21,
        "display_name": "Albertine Brothers",
        "email": "Albertine.Brothers@snailmail.com",
        "first_name": "Albertine",
        "last_name": "Brothers",
        "state": "Florida"
    },
    "profile_details": {
        "last_login_time": "Fri Jul  5 12:58:49 2013",
        "loyalty": {
            "friends_referred": [
                "Natashia_21168499"
            ],
            "loyalty_score": 9.072073979376054,
            "membership_type": "Platinum",
            "redeemed_points": 783,
            "reward_points": 594
        },
        "password": "Albertine13",
        "prefs": {
            "promotion_category": [
                "Books",
                "Music"
            ],
            "promotion_email": true,
            "ui_language": "Spanish",
            "ui_theme": "Planets"
        },
        "user_creation_time": "Thu Jun 21 12:58:49 2012",
        "user_id": "Albertine_66534995"
    },
    "search_history": [
        {
            "category": "Films",
            "sub-category": [
                "Classic Films"
            ]
        },
        {
            "category": "Books",
            "sub-category": [
                "Humor"
            ]
        }
    ],
    "shipped_order_history": [
        {
            "order_datetime": "Sat Jun 22 12:58:49 2013",
            "order_id": "T785558484437"
        },
        {
            "order_datetime": "Sun Dec 30 12:58:49 2012",
            "order_id": "T811529727166"
        },
        {
            "order_datetime": "Mon Jul 23 12:58:49 2012",
            "order_id": "T671250222027"
        },
        {
            "order_datetime": "Thu Aug 30 12:58:49 2012",
            "order_id": "T610333347965"
        },
        {
            "order_datetime": "Sat May 18 12:58:49 2013",
            "order_id": "T850954424542"
        },
        {
            "order_datetime": "Mon Jan 14 12:58:49 2013",
            "order_id": "T994567856633"
        },
        {
            "order_datetime": "Thu Sep 27 12:58:49 2012",
            "order_id": "T754655045280"
        },
        {
            "order_datetime": "Sat Jan 26 12:58:49 2013",
            "order_id": "T996935865677"
        }
    ]
}