{
    "doc_type": "user_profile",
    "personal_details": {
        "age": 43,
        "display_name": "Alease Culver",
        "email": "Alease.Culver@snailmail.com",
        "first_name": "Alease",
        "last_name": "Culver",
        "state": "New Mexico"
    },
    "profile_details": {
        "last_login_time": "Sat Sep  7 12:58:49 2013",
        "loyalty": {
            "friends_referred": [],
            "loyalty_score": 2.0147238676112025,
            "membership_type": "Basic",
            "redeemed_points": 420,
            "reward_points": 408
        },
        "password": "Alease17",
        "prefs": {
            "promotion_category": [
                "Books"
            ],
            "promotion_email": true,
            "ui_language": "French",
            "ui_theme": "Tree Tops"
        },
        "user_creation_time": "Thu Aug 15 12:58:49 2013",
        "user_id": "Alease_67115428"
    },
    "search_history": [
        {
            "category": "Films",
            "sub-category": [
                "Foreign Films"
            ]
        },
        {
            "category": "Books",
            "sub-category": [
                "Religion",
                "NonFiction",
                "Diet & Health"
            ]
        }
    ],
    "shipped_order_history": [
        {
            "order_datetime": "Wed Aug 28 12:58:49 2013",
            "order_id": "T527332261150"
        },
        {
            "order_datetime": "Sun Aug 18 12:58:49 2013",
            "order_id": "T906920598112"
        }
    ]
}