{
    "doc_type": "user_profile",
    "personal_details": {
        "age": 59,
        "display_name": "Alejandro Chisolm",
        "email": "Alejandro.Chisolm@snailmail.com",
        "first_name": "Alejandro",
        "last_name": "Chisolm",
        "state": "Texas"
    },
    "profile_details": {
        "last_login_time": "Mon Aug 26 12:58:49 2013",
        "loyalty": {
            "friends_referred": [],
            "loyalty_score": 2.634106202748953,
            "membership_type": "Basic",
            "redeemed_points": 12,
            "reward_points": 282
        },
        "password": "Alejandro66",
        "prefs": {
            "promotion_email": false,
            "ui_language": "English",
            "ui_theme": "Mountains"
        },
        "user_creation_time": "Fri Mar  2 12:58:49 2012",
        "user_id": "Alejandro_47413912"
    },
    "search_history": [
        {
            "category": "Films",
            "sub-category": [
                "Classic Films",
                "Comedy"
            ]
        },
        {
            "category": "Books",
            "sub-category": [
                "Humor",
                "Travel"
            ]
        }
    ],
    "shipped_order_history": [
        {
            "order_datetime": "Sat Aug 11 12:58:49 2012",
            "order_id": "T794830641180"
        },
        {
            "order_datetime": "Sat Mar 30 12:58:49 2013",
            "order_id": "T126240266553"
        }
    ]
}