{
    "doc_type": "user_profile",
    "personal_details": {
        "age": 55,
        "display_name": "Alessandra Dukes",
        "email": "Alessandra.Dukes@snailmail.com",
        "first_name": "Alessandra",
        "last_name": "Dukes",
        "state": "Georgia"
    },
    "profile_details": {
        "last_login_time": "Sun Apr 21 12:58:49 2013",
        "loyalty": {
            "friends_referred": [
                "Deedee_74092971"
            ],
            "loyalty_score": 6.9948359590410725,
            "membership_type": "Silver",
            "redeemed_points": 1080,
            "reward_points": 1008
        },
        "password": "Alessandra73",
        "prefs": {
            "promotion_email": false,
            "ui_language": "English",
            "ui_theme": "Grafitti"
        },
        "user_creation_time": "Wed Aug  1 12:58:49 2012",
        "user_id": "Alessandra_8874873"
    },
    "search_history": [
        {
            "category": "Films",
            "sub-category": [
                "Foreign Films",
                "Drama"
            ]
        }
    ],
    "shipped_order_history": [
        {
            "order_datetime": "Sat Feb 23 12:58:49 2013",
            "order_id": "T818630261099"
        },
        {
            "order_datetime": "Mon Nov 26 12:58:49 2012",
            "order_id": "T122438585828"
        }
    ]
}