{
    "doc_type": "user_profile",
    "personal_details": {
        "age": 50,
        "display_name": "Alfonso Choi",
        "email": "Alfonso.Choi@snailmail.com",
        "first_name": "Alfonso",
        "last_name": "Choi",
        "state": "Michigan"
    },
    "profile_details": {
        "last_login_time": "Mon Mar  4 12:58:49 2013",
        "loyalty": {
            "friends_referred": [
                "Mayola_8135736"
            ],
            "loyalty_score": 8.722715230704697,
            "membership_type": "Gold",
            "redeemed_points": 2136,
            "reward_points": 672
        },
        "password": "Alfonso49",
        "prefs": {
            "promotion_category": [
                "Books",
                "Music",
                "Films"
            ],
            "promotion_email": true,
            "ui_language": "German",
            "ui_theme": "Beach"
        },
        "user_creation_time": "Mon Sep 26 12:58:49 2011",
        "user_id": "Alfonso_4195401"
    },
    "shipped_order_history": [
        {
            "order_datetime": "Wed Nov 28 12:58:49 2012",
            "order_id": "T305252413355"
        },
        {
            "order_datetime": "Thu May  3 12:58:49 2012",
            "order_id": "T150954976728"
        },
        {
            "order_datetime": "Thu May 10 12:58:49 2012",
            "order_id": "T243348406449"
        },
        {
            "order_datetime": "Wed Dec 28 12:58:49 2011",
            "order_id": "T784742663877"
        },
        {
            "order_datetime": "Sun May 13 12:58:49 2012",
            "order_id": "T212153274942"
        },
        {
            "order_datetime": "Tue Feb 19 12:58:49 2013",
            "order_id": "T895236942351"
        },
        {
            "order_datetime": "Sat Jan 14 12:58:49 2012",
            "order_id": "T233624795666"
        }
    ]
}