{
    "doc_type": "user_profile",
    "personal_details": {
        "age": 48,
        "display_name": "Alfreda Moeller",
        "email": "Alfreda.Moeller@snailmail.com",
        "first_name": "Alfreda",
        "last_name": "Moeller",
        "state": "Arkansas"
    },
    "profile_details": {
        "last_login_time": "Thu Apr 18 12:58:49 2013",
        "loyalty": {
            "friends_referred": [],
            "loyalty_score": 1.0717676173954627,
            "membership_type": "Basic",
            "redeemed_points": 291,
            "reward_points": 36
        },
        "password": "Alfreda73",
        "prefs": {
            "promotion_category": [
                "Books",
                "Music"
            ],
            "promotion_email": true,
            "ui_language": "English",
            "ui_theme": "Grafitti"
        },
        "user_creation_time": "Thu Jul 19 12:58:49 2012",
        "user_id": "Alfreda_7510967"
    },
    "search_history": [
        {
            "category": "Films",
            "sub-category": [
                "Classic Films",
                "Documentary",
                "Fitness / Instructional"
            ]
        }
    ],
    "shipped_order_history": [
        {
            "order_datetime": "Fri Apr 12 12:58:49 2013",
            "order_id": "T724547858791"
        }
    ]
}