{
    "doc_type": "user_profile",
    "personal_details": {
        "age": 21,
        "display_name": "Ali Stine",
        "email": "Ali.Stine@snailmail.com",
        "first_name": "Ali",
        "last_name": "Stine",
        "state": "Arkansas"
    },
    "profile_details": {
        "last_login_time": "Fri Sep  6 12:58:49 2013",
        "loyalty": {
            "friends_referred": [],
            "loyalty_score": 5.29846646481543,
            "membership_type": "Silver",
            "redeemed_points": 465,
            "reward_points": 345
        },
        "password": "Ali34",
        "prefs": {
            "promotion_category": [
                "Books",
                "Music"
            ],
            "promotion_email": true,
            "ui_language": "German",
            "ui_theme": "Ocean"
        },
        "user_creation_time": "Mon Jul  4 12:58:49 2011",
        "user_id": "Ali_75936097"
    },
    "search_history": [
        {
            "category": "Films",
            "sub-category": [
                "Animation",
                "Comedy",
                "Music & Musicals"
            ]
        },
        {
            "category": "Books",
            "sub-category": [
                "History",
                "Medicine"
            ]
        }
    ],
    "shipped_order_history": [
        {
            "order_datetime": "Sun Nov 11 12:58:49 2012",
            "order_id": "T491345508775"
        },
        {
            "order_datetime": "Tue Jun 18 12:58:49 2013",
            "order_id": "T247940835891"
        },
        {
            "order_datetime": "Wed Dec 19 12:58:49 2012",
            "order_id": "T454353438661"
        },
        {
            "order_datetime": "Mon Nov 26 12:58:49 2012",
            "order_id": "T596261428345"
        }
    ]
}