{
    "doc_type": "user_profile",
    "personal_details": {
        "age": 35,
        "display_name": "Ali Park",
        "email": "Ali.Park@snailmail.com",
        "first_name": "Ali",
        "last_name": "Park",
        "state": "Washington"
    },
    "profile_details": {
        "last_login_time": "Thu Aug  1 12:58:49 2013",
        "loyalty": {
            "friends_referred": [],
            "loyalty_score": 5.221055027712084,
            "membership_type": "Silver",
            "redeemed_points": 375,
            "reward_points": 645
        },
        "password": "Ali28",
        "prefs": {
            "promotion_email": false,
            "ui_language": "English",
            "ui_theme": "Planets"
        },
        "user_creation_time": "Mon Aug 20 12:58:49 2012",
        "user_id": "Ali_77175702"
    },
    "shipped_order_history": [
        {
            "order_datetime": "Thu Jan  3 12:58:49 2013",
            "order_id": "T395345239686"
        },
        {
            "order_datetime": "Wed Feb 27 12:58:49 2013",
            "order_id": "T252665887114"
        },
        {
            "order_datetime": "Tue Sep 25 12:58:49 2012",
            "order_id": "T729222803246"
        },
        {
            "order_datetime": "Mon Sep  3 12:58:49 2012",
            "order_id": "T315864643978"
        }
    ]
}