{
    "doc_type": "user_profile",
    "personal_details": {
        "age": 47,
        "display_name": "Aline Ames",
        "email": "Aline.Ames@snailmail.com",
        "first_name": "Aline",
        "last_name": "Ames",
        "state": "Louisiana"
    },
    "profile_details": {
        "last_login_time": "Mon Jul  1 12:58:49 2013",
        "loyalty": {
            "friends_referred": [
                "Wava_85969641"
            ],
            "loyalty_score": 8.564870782346754,
            "membership_type": "Gold",
            "redeemed_points": 2112,
            "reward_points": 1176
        },
        "password": "Aline77",
        "prefs": {
            "promotion_email": false,
            "ui_language": "English",
            "ui_theme": "Planets"
        },
        "user_creation_time": "Mon Dec 10 12:58:49 2012",
        "user_id": "Aline_44857561"
    },
    "search_history": [
        {
            "category": "Films",
            "sub-category": [
                "Foreign Films"
            ]
        },
        {
            "category": "Books",
            "sub-category": [
                "History",
                "Medicine",
                "Sports & Adventure"
            ]
        }
    ],
    "shipped_order_history": [
        {
            "order_datetime": "Sun Feb 24 12:58:49 2013",
            "order_id": "T665152647412"
        },
        {
            "order_datetime": "Wed Mar 13 12:58:49 2013",
            "order_id": "T307567185006"
        }
    ]
}