{
    "doc_type": "user_profile",
    "personal_details": {
        "age": 42,
        "display_name": "Alise Griffin",
        "email": "Alise.Griffin@snailmail.com",
        "first_name": "Alise",
        "last_name": "Griffin",
        "state": "Wisconsin\n"
    },
    "profile_details": {
        "last_login_time": "Thu Jun 20 12:58:49 2013",
        "loyalty": {
            "friends_referred": [
                "Chester_94434075"
            ],
            "loyalty_score": 7.098324775120206,
            "membership_type": "Gold",
            "redeemed_points": 2037,
            "reward_points": 2079
        },
        "password": "Alise70",
        "prefs": {
            "promotion_email": false,
            "ui_language": "German",
            "ui_theme": "Grafitti"
        },
        "user_creation_time": "Tue Jan 17 12:58:49 2012",
        "user_id": "Alise_43095231"
    },
    "search_history": [
        {
            "category": "Films",
            "sub-category": [
                "Classic Films"
            ]
        },
        {
            "category": "Books",
            "sub-category": [
                "History",
                "NonFiction",
                "Home & Garden"
            ]
        },
        {
            "category": "Music",
            "sub-category": [
                "Blues and Folk"
            ]
        }
    ],
    "shipped_order_history": []
}