{
    "doc_type": "user_profile",
    "personal_details": {
        "age": 19,
        "display_name": "Alison Call",
        "email": "Alison.Call@snailmail.com",
        "first_name": "Alison",
        "last_name": "Call",
        "state": "Louisiana"
    },
    "profile_details": {
        "last_login_time": "Mon Aug 26 12:58:49 2013",
        "loyalty": {
            "friends_referred": [],
            "loyalty_score": 6.840431061334052,
            "membership_type": "Silver",
            "redeemed_points": 432,
            "reward_points": 1584
        },
        "password": "Alison49",
        "prefs": {
            "promotion_email": false,
            "ui_language": "German",
            "ui_theme": "Grafitti"
        },
        "user_creation_time": "Fri May 10 12:58:49 2013",
        "user_id": "Alison_6929681"
    },
    "search_history": [
        {
            "category": "Films",
            "sub-category": [
                "Foreign Films",
                "Comedy"
            ]
        },
        {
            "category": "Books",
            "sub-category": [
                "Religion",
                "Travel",
                "Sports & Adventure"
            ]
        },
        {
            "category": "Music",
            "sub-category": [
                "Broadway and Vocal"
            ]
        }
    ],
    "shipped_order_history": []
}