{
    "doc_type": "user_profile",
    "personal_details": {
        "age": 41,
        "display_name": "Alleen Mcdougal",
        "email": "Alleen.Mcdougal@snailmail.com",
        "first_name": "Alleen",
        "last_name": "Mcdougal",
        "state": "North Carolina"
    },
    "profile_details": {
        "last_login_time": "Tue May 28 12:58:49 2013",
        "loyalty": {
            "friends_referred": [],
            "loyalty_score": 3.807525498888703,
            "membership_type": "Basic",
            "redeemed_points": 729,
            "reward_points": 774
        },
        "password": "Alleen33",
        "prefs": {
            "promotion_email": false,
            "ui_language": "English",
            "ui_theme": "Planets"
        },
        "user_creation_time": "Sun Nov 25 12:58:49 2012",
        "user_id": "Alleen_90203686"
    },
    "search_history": [
        {
            "category": "Films",
            "sub-category": [
                "Animation",
                "Comedy",
                "Fitness / Instructional"
            ]
        },
        {
            "category": "Books",
            "sub-category": [
                "History",
                "Travel",
                "Sports & Adventure"
            ]
        },
        {
            "category": "Music",
            "sub-category": [
                "Classical Music"
            ]
        }
    ],
    "shipped_order_history": [
        {
            "order_datetime": "Sat Mar  9 12:58:49 2013",
            "order_id": "T871138001898"
        },
        {
            "order_datetime": "Fri Mar 29 12:58:49 2013",
            "order_id": "T334648936390"
        },
        {
            "order_datetime": "Fri Dec  7 12:58:49 2012",
            "order_id": "T135849759216"
        }
    ]
}