{
    "doc_type": "user_profile",
    "personal_details": {
        "age": 34,
        "display_name": "Allene Bostic",
        "email": "Allene.Bostic@snailmail.com",
        "first_name": "Allene",
        "last_name": "Bostic",
        "state": "Wisconsin\n"
    },
    "profile_details": {
        "last_login_time": "Sat Jul 27 12:58:49 2013",
        "loyalty": {
            "friends_referred": [],
            "loyalty_score": 0.9892680598994974,
            "membership_type": "Basic",
            "redeemed_points": 0,
            "reward_points": 0
        },
        "password": "Allene48",
        "prefs": {
            "promotion_category": [
                "Books",
                "Music"
            ],
            "promotion_email": true,
            "ui_language": "English",
            "ui_theme": "Beach"
        },
        "user_creation_time": "Thu Mar 29 12:58:49 2012",
        "user_id": "Allene_89199207"
    },
    "search_history": [
        {
            "category": "Films",
            "sub-category": [
                "Animation",
                "Documentary",
                "Sci-Fi, Fantasy & Horror"
            ]
        }
    ],
    "shipped_order_history": []
}