{
    "doc_type": "user_profile",
    "personal_details": {
        "age": 31,
        "display_name": "Allison Steinberg",
        "email": "Allison.Steinberg@snailmail.com",
        "first_name": "Allison",
        "last_name": "Steinberg",
        "state": "Louisiana"
    },
    "profile_details": {
        "last_login_time": "Sun Dec  9 12:58:49 2012",
        "loyalty": {
            "friends_referred": [],
            "loyalty_score": 2.003255209116742,
            "membership_type": "Basic",
            "redeemed_points": 300,
            "reward_points": 450
        },
        "password": "Allison95",
        "prefs": {
            "promotion_email": false,
            "ui_language": "English",
            "ui_theme": "Tree Tops"
        },
        "user_creation_time": "Fri Dec  9 12:58:49 2011",
        "user_id": "Allison_21356565"
    },
    "search_history": [
        {
            "category": "Films",
            "sub-category": [
                "Animation",
                "Documentary"
            ]
        },
        {
            "category": "Books",
            "sub-category": [
                "Religion",
                "NonFiction"
            ]
        },
        {
            "category": "Music",
            "sub-category": [
                "Classical Music"
            ]
        }
    ],
    "shipped_order_history": []
}