{
    "doc_type": "user_profile",
    "personal_details": {
        "age": 22,
        "display_name": "Allison Vera",
        "email": "Allison.Vera@snailmail.com",
        "first_name": "Allison",
        "last_name": "Vera",
        "state": "Arizona"
    },
    "profile_details": {
        "last_login_time": "Sat Sep 21 12:58:49 2013",
        "loyalty": {
            "friends_referred": [],
            "loyalty_score": 5.003350400922647,
            "membership_type": "Silver",
            "redeemed_points": 735,
            "reward_points": 435
        },
        "password": "Allison93",
        "prefs": {
            "promotion_email": false,
            "ui_language": "Spanish",
            "ui_theme": "Wood"
        },
        "user_creation_time": "Fri Mar 15 12:58:49 2013",
        "user_id": "Allison_72044294"
    },
    "search_history": [
        {
            "category": "Films",
            "sub-category": [
                "Classic Films"
            ]
        }
    ],
    "shipped_order_history": [
        {
            "order_datetime": "Fri Aug 23 12:58:49 2013",
            "order_id": "T128039854522"
        },
        {
            "order_datetime": "Tue Mar 26 12:58:49 2013",
            "order_id": "T344255477080"
        }
    ]
}