{
    "doc_type": "user_profile",
    "personal_details": {
        "age": 37,
        "display_name": "Allyson Doe",
        "email": "Allyson.Doe@snailmail.com",
        "first_name": "Allyson",
        "last_name": "Doe",
        "state": "Virginia"
    },
    "profile_details": {
        "last_login_time": "Mon May 27 12:58:49 2013",
        "loyalty": {
            "friends_referred": [
                "Keira_48356901",
                "Lauren_24051541",
                "Matt_7186699"
            ],
            "loyalty_score": 8.111927057284165,
            "membership_type": "Gold",
            "redeemed_points": 1704,
            "reward_points": 1728
        },
        "password": "Allyson99",
        "prefs": {
            "promotion_email": false,
            "ui_language": "French",
            "ui_theme": "Grafitti"
        },
        "user_creation_time": "Tue Oct  9 12:58:49 2012",
        "user_id": "Allyson_78885394"
    },
    "search_history": [
        {
            "category": "Films",
            "sub-category": [
                "Classic Films"
            ]
        }
    ],
    "shipped_order_history": [
        {
            "order_datetime": "Sun Feb 10 12:58:49 2013",
            "order_id": "T246452533437"
        },
        {
            "order_datetime": "Tue Mar 19 12:58:49 2013",
            "order_id": "T943354696124"
        },
        {
            "order_datetime": "Tue Jan  1 12:58:49 2013",
            "order_id": "T770025607639"
        },
        {
            "order_datetime": "Sat Nov 17 12:58:49 2012",
            "order_id": "T295256214523"
        },
        {
            "order_datetime": "Mon Feb 18 12:58:49 2013",
            "order_id": "T752146973979"
        },
        {
            "order_datetime": "Sat Mar  9 12:58:49 2013",
            "order_id": "T156766884266"
        }
    ]
}