{
    "doc_type": "user_profile",
    "personal_details": {
        "age": 15,
        "display_name": "Altagracia Peralta",
        "email": "Altagracia.Peralta@snailmail.com",
        "first_name": "Altagracia",
        "last_name": "Peralta",
        "state": "Tennessee"
    },
    "profile_details": {
        "last_login_time": "Sat May  4 12:58:49 2013",
        "loyalty": {
            "friends_referred": [],
            "loyalty_score": 7.119729046196465,
            "membership_type": "Gold",
            "redeemed_points": 1323,
            "reward_points": 1995
        },
        "password": "Altagracia87",
        "prefs": {
            "promotion_email": false,
            "ui_language": "Spanish",
            "ui_theme": "Tree Tops"
        },
        "user_creation_time": "Mon Jul  4 12:58:49 2011",
        "user_id": "Altagracia_68847686"
    },
    "search_history": [
        {
            "category": "Films",
            "sub-category": [
                "Foreign Films"
            ]
        },
        {
            "category": "Books",
            "sub-category": [
                "Humor",
                "NonFiction"
            ]
        }
    ],
    "shipped_order_history": []
}