{
    "doc_type": "user_profile",
    "personal_details": {
        "age": 27,
        "display_name": "Alyson Alvarez",
        "email": "Alyson.Alvarez@snailmail.com",
        "first_name": "Alyson",
        "last_name": "Alvarez",
        "state": "South Dakota"
    },
    "profile_details": {
        "last_login_time": "Sun Sep 15 12:58:49 2013",
        "loyalty": {
            "friends_referred": [],
            "loyalty_score": 5.333949432520041,
            "membership_type": "Silver",
            "redeemed_points": 1410,
            "reward_points": 1470
        },
        "password": "Alyson91",
        "prefs": {
            "promotion_email": false,
            "ui_language": "French",
            "ui_theme": "Grafitti"
        },
        "user_creation_time": "Sun May 19 12:58:49 2013",
        "user_id": "Alyson_4599865"
    },
    "search_history": [
        {
            "category": "Films",
            "sub-category": [
                "Classic Films",
                "Drama",
                "Fitness / Instructional"
            ]
        },
        {
            "category": "Books",
            "sub-category": [
                "Religion",
                "Medicine",
                "Home & Garden"
            ]
        }
    ],
    "shipped_order_history": [
        {
            "order_datetime": "Tue Aug 13 12:58:49 2013",
            "order_id": "T684636792464"
        },
        {
            "order_datetime": "Sun May 26 12:58:49 2013",
            "order_id": "T427436176741"
        }
    ]
}