{
    "doc_type": "user_profile",
    "personal_details": {
        "age": 32,
        "display_name": "Alysa Mcafee",
        "email": "Alysa.Mcafee@snailmail.com",
        "first_name": "Alysa",
        "last_name": "Mcafee",
        "state": "Delaware"
    },
    "profile_details": {
        "last_login_time": "Thu Sep 12 12:58:49 2013",
        "loyalty": {
            "friends_referred": [],
            "loyalty_score": 6.026226953547349,
            "membership_type": "Silver",
            "redeemed_points": 360,
            "reward_points": 720
        },
        "password": "Alysa61",
        "prefs": {
            "promotion_email": false,
            "ui_language": "German",
            "ui_theme": "Planets"
        },
        "user_creation_time": "Sat Oct 13 12:58:49 2012",
        "user_id": "Alysa_2918967"
    },
    "search_history": [
        {
            "category": "Films",
            "sub-category": [
                "Foreign Films"
            ]
        },
        {
            "category": "Books",
            "sub-category": [
                "Religion",
                "Travel",
                "Sports & Adventure"
            ]
        },
        {
            "category": "Music",
            "sub-category": [
                "Broadway and Vocal"
            ]
        }
    ],
    "shipped_order_history": [
        {
            "order_datetime": "Sat Aug 24 12:58:49 2013",
            "order_id": "T903159618035"
        },
        {
            "order_datetime": "Fri Nov  9 12:58:49 2012",
            "order_id": "T453145756327"
        },
        {
            "order_datetime": "Sat Feb 23 12:58:49 2013",
            "order_id": "T384547328791"
        }
    ]
}