{
    "doc_type": "user_profile",
    "personal_details": {
        "age": 25,
        "display_name": "Alysia Markham",
        "email": "Alysia.Markham@snailmail.com",
        "first_name": "Alysia",
        "last_name": "Markham",
        "state": "Kansas"
    },
    "profile_details": {
        "last_login_time": "Mon Sep  2 12:58:49 2013",
        "loyalty": {
            "friends_referred": [],
            "loyalty_score": 0.3271221147144032,
            "membership_type": "Basic",
            "redeemed_points": 0,
            "reward_points": 0
        },
        "password": "Alysia56",
        "prefs": {
            "promotion_email": false,
            "ui_language": "German",
            "ui_theme": "Mountains"
        },
        "user_creation_time": "Sat Feb  2 12:58:49 2013",
        "user_id": "Alysia_88194868"
    },
    "search_history": [
        {
            "category": "Films",
            "sub-category": [
                "Classic Films",
                "Comedy",
                "Fitness / Instructional"
            ]
        }
    ],
    "shipped_order_history": []
}