{
    "doc_type": "user_profile",
    "personal_details": {
        "age": 38,
        "display_name": "Alyse Guay",
        "email": "Alyse.Guay@snailmail.com",
        "first_name": "Alyse",
        "last_name": "Guay",
        "state": "Georgia"
    },
    "profile_details": {
        "last_login_time": "Sat Aug 31 12:58:49 2013",
        "loyalty": {
            "friends_referred": [
                "Ginger_30742244",
                "Marianna_41746365"
            ],
            "loyalty_score": 7.938592566600578,
            "membership_type": "Gold",
            "redeemed_points": 756,
            "reward_points": 1533
        },
        "password": "Alyse55",
        "prefs": {
            "promotion_category": [
                "Books",
                "Music"
            ],
            "promotion_email": true,
            "ui_language": "French",
            "ui_theme": "Planets"
        },
        "user_creation_time": "Tue Nov  6 12:58:49 2012",
        "user_id": "Alyse_30904731"
    },
    "search_history": [
        {
            "category": "Films",
            "sub-category": [
                "Animation",
                "Drama"
            ]
        },
        {
            "category": "Books",
            "sub-category": [
                "Religion",
                "NonFiction",
                "Sports & Adventure"
            ]
        },
        {
            "category": "Music",
            "sub-category": [
                "Broadway and Vocal"
            ]
        }
    ],
    "shipped_order_history": [
        {
            "order_datetime": "Sun Apr  7 12:58:49 2013",
            "order_id": "T362467646991"
        },
        {
            "order_datetime": "Fri Mar  1 12:58:49 2013",
            "order_id": "T430064611317"
        },
        {
            "order_datetime": "Sun Mar 10 12:58:49 2013",
            "order_id": "T550346729772"
        }
    ]
}