{
    "doc_type": "user_profile",
    "personal_details": {
        "age": 16,
        "display_name": "Amalia Bilodeau",
        "email": "Amalia.Bilodeau@snailmail.com",
        "first_name": "Amalia",
        "last_name": "Bilodeau",
        "state": "Utah"
    },
    "profile_details": {
        "last_login_time": "Fri Aug 30 12:58:49 2013",
        "loyalty": {
            "friends_referred": [],
            "loyalty_score": 0.007420850462216411,
            "membership_type": "Basic",
            "redeemed_points": 0,
            "reward_points": 0
        },
        "password": "Amalia43",
        "prefs": {
            "promotion_email": false,
            "ui_language": "English",
            "ui_theme": "Tree Tops"
        },
        "user_creation_time": "Thu Jul 11 12:58:49 2013",
        "user_id": "Amalia_7012238"
    },
    "search_history": [
        {
            "category": "Films",
            "sub-category": [
                "Classic Films"
            ]
        }
    ],
    "shipped_order_history": []
}