{
    "doc_type": "user_profile",
    "personal_details": {
        "age": 28,
        "display_name": "Amee Riddell",
        "email": "Amee.Riddell@snailmail.com",
        "first_name": "Amee",
        "last_name": "Riddell",
        "state": "Maryland"
    },
    "profile_details": {
        "last_login_time": "Mon Jun 24 12:58:49 2013",
        "loyalty": {
            "friends_referred": [
                "Drew_71707295",
                "Tyisha_796026"
            ],
            "loyalty_score": 9.16660979333394,
            "membership_type": "Platinum",
            "redeemed_points": 2646,
            "reward_points": 1620
        },
        "password": "Amee89",
        "prefs": {
            "promotion_email": false,
            "ui_language": "English",
            "ui_theme": "Pebbles"
        },
        "user_creation_time": "Mon Oct 29 12:58:49 2012",
        "user_id": "Amee_22582766"
    },
    "shipped_order_history": [
        {
            "order_datetime": "Thu Nov 22 12:58:49 2012",
            "order_id": "T522932451265"
        },
        {
            "order_datetime": "Fri May 10 12:58:49 2013",
            "order_id": "T320341398001"
        },
        {
            "order_datetime": "Mon Jan  7 12:58:49 2013",
            "order_id": "T256465067869"
        },
        {
            "order_datetime": "Thu Jan 24 12:58:49 2013",
            "order_id": "T478757406101"
        },
        {
            "order_datetime": "Fri Dec 14 12:58:49 2012",
            "order_id": "T297333347867"
        }
    ]
}