{
    "doc_type": "user_profile",
    "personal_details": {
        "age": 33,
        "display_name": "Amira Sheldon",
        "email": "Amira.Sheldon@snailmail.com",
        "first_name": "Amira",
        "last_name": "Sheldon",
        "state": "Tennessee"
    },
    "profile_details": {
        "last_login_time": "Thu Jun 20 12:58:49 2013",
        "loyalty": {
            "friends_referred": [],
            "loyalty_score": 8.624819164260554,
            "membership_type": "Gold",
            "redeemed_points": 1728,
            "reward_points": 672
        },
        "password": "Amira99",
        "prefs": {
            "promotion_email": false,
            "ui_language": "English",
            "ui_theme": "Pebbles"
        },
        "user_creation_time": "Thu May 19 12:58:49 2011",
        "user_id": "Amira_18743909"
    },
    "search_history": [
        {
            "category": "Films",
            "sub-category": [
                "Animation"
            ]
        },
        {
            "category": "Books",
            "sub-category": [
                "History",
                "NonFiction"
            ]
        },
        {
            "category": "Music",
            "sub-category": [
                "Classical Music",
                "Jazz"
            ]
        }
    ],
    "shipped_order_history": [
        {
            "order_datetime": "Sat Dec  8 12:58:49 2012",
            "order_id": "T354223223379"
        },
        {
            "order_datetime": "Tue Oct 11 12:58:49 2011",
            "order_id": "T955634479533"
        },
        {
            "order_datetime": "Thu Apr 25 12:58:49 2013",
            "order_id": "T992736365242"
        }
    ]
}