{
    "doc_type": "user_profile",
    "personal_details": {
        "age": 27,
        "display_name": "Anderson Hyland",
        "email": "Anderson.Hyland@snailmail.com",
        "first_name": "Anderson",
        "last_name": "Hyland",
        "state": "Massachusetts"
    },
    "profile_details": {
        "last_login_time": "Mon Jul 30 12:58:49 2012",
        "loyalty": {
            "friends_referred": [],
            "loyalty_score": 0.31105896534620703,
            "membership_type": "Basic",
            "redeemed_points": 0,
            "reward_points": 0
        },
        "password": "Anderson46",
        "prefs": {
            "promotion_category": [
                "Books",
                "Music",
                "Films"
            ],
            "promotion_email": true,
            "ui_language": "Spanish",
            "ui_theme": "Beach"
        },
        "user_creation_time": "Sun Apr 24 12:58:49 2011",
        "user_id": "Anderson_49541127"
    },
    "search_history": [
        {
            "category": "Films",
            "sub-category": [
                "Animation",
                "Documentary",
                "Music & Musicals"
            ]
        },
        {
            "category": "Books",
            "sub-category": [
                "Humor"
            ]
        }
    ],
    "shipped_order_history": []
}