{
    "doc_type": "user_profile",
    "personal_details": {
        "age": 58,
        "display_name": "Andres Varner",
        "email": "Andres.Varner@snailmail.com",
        "first_name": "Andres",
        "last_name": "Varner",
        "state": "Alaska"
    },
    "profile_details": {
        "last_login_time": "Fri May 10 12:58:49 2013",
        "loyalty": {
            "friends_referred": [],
            "loyalty_score": 2.959921907179578,
            "membership_type": "Basic",
            "redeemed_points": 288,
            "reward_points": 246
        },
        "password": "Andres64",
        "prefs": {
            "promotion_category": [
                "Books",
                "Music",
                "Films"
            ],
            "promotion_email": true,
            "ui_language": "English",
            "ui_theme": "Tree Tops"
        },
        "user_creation_time": "Thu Jul 28 12:58:49 2011",
        "user_id": "Andres_52235297"
    },
    "search_history": [
        {
            "category": "Films",
            "sub-category": [
                "Foreign Films",
                "Documentary"
            ]
        }
    ],
    "shipped_order_history": []
}