{
    "doc_type": "user_profile",
    "personal_details": {
        "age": 29,
        "display_name": "Angella Newberry",
        "email": "Angella.Newberry@snailmail.com",
        "first_name": "Angella",
        "last_name": "Newberry",
        "state": "Arkansas"
    },
    "profile_details": {
        "last_login_time": "Sat May 18 12:58:49 2013",
        "loyalty": {
            "friends_referred": [],
            "loyalty_score": 2.5331175728441324,
            "membership_type": "Basic",
            "redeemed_points": 390,
            "reward_points": 222
        },
        "password": "Angella77",
        "prefs": {
            "promotion_category": [
                "Books"
            ],
            "promotion_email": true,
            "ui_language": "Spanish",
            "ui_theme": "Ocean"
        },
        "user_creation_time": "Wed Mar 23 12:58:49 2011",
        "user_id": "Angella_30667407"
    },
    "search_history": [
        {
            "category": "Films",
            "sub-category": [
                "Classic Films",
                "Documentary",
                "Sci-Fi, Fantasy & Horror"
            ]
        },
        {
            "category": "Books",
            "sub-category": [
                "History"
            ]
        },
        {
            "category": "Music",
            "sub-category": [
                "Broadway and Vocal"
            ]
        }
    ],
    "shipped_order_history": []
}