{
    "doc_type": "user_profile",
    "personal_details": {
        "age": 37,
        "display_name": "Angeles Durr",
        "email": "Angeles.Durr@snailmail.com",
        "first_name": "Angeles",
        "last_name": "Durr",
        "state": "Indiana"
    },
    "profile_details": {
        "last_login_time": "Tue Apr  9 12:58:49 2013",
        "loyalty": {
            "friends_referred": [
                "Juliette_16128262",
                "Xavier_43879380",
                "Roselee_70089862"
            ],
            "loyalty_score": 8.773033827358976,
            "membership_type": "Gold",
            "redeemed_points": 72,
            "reward_points": 1224
        },
        "password": "Angeles95",
        "prefs": {
            "promotion_email": false,
            "ui_language": "French",
            "ui_theme": "Mountains"
        },
        "user_creation_time": "Wed May 23 12:58:49 2012",
        "user_id": "Angeles_24015280"
    },
    "search_history": [
        {
            "category": "Films",
            "sub-category": [
                "Animation",
                "Drama",
                "Music & Musicals"
            ]
        }
    ],
    "shipped_order_history": [
        {
            "order_datetime": "Mon Nov 19 12:58:49 2012",
            "order_id": "T766053808701"
        }
    ]
}