{
    "doc_type": "user_profile",
    "personal_details": {
        "age": 33,
        "display_name": "Angelic Keefe",
        "email": "Angelic.Keefe@snailmail.com",
        "first_name": "Angelic",
        "last_name": "Keefe",
        "state": "New York"
    },
    "profile_details": {
        "last_login_time": "Thu Apr 18 12:58:49 2013",
        "loyalty": {
            "friends_referred": [],
            "loyalty_score": 8.910688596173053,
            "membership_type": "Gold",
            "redeemed_points": 408,
            "reward_points": 504
        },
        "password": "Angelic15",
        "prefs": {
            "promotion_email": false,
            "ui_language": "German",
            "ui_theme": "Tree Tops"
        },
        "user_creation_time": "Sun Sep 16 12:58:49 2012",
        "user_id": "Angelic_58545366"
    },
    "shipped_order_history": [
        {
            "order_datetime": "Fri Mar 15 12:58:49 2013",
            "order_id": "T711566211142"
        },
        {
            "order_datetime": "Thu Mar  7 12:58:49 2013",
            "order_id": "T675026358906"
        },
        {
            "order_datetime": "Tue Mar 26 12:58:49 2013",
            "order_id": "T948930823152"
        },
        {
            "order_datetime": "Thu Nov 29 12:58:49 2012",
            "order_id": "T992525266347"
        },
        {
            "order_datetime": "Thu Jan 10 12:58:49 2013",
            "order_id": "T735530134694"
        },
        {
            "order_datetime": "Tue Dec  4 12:58:49 2012",
            "order_id": "T141340143069"
        },
        {
            "order_datetime": "Sun Sep 23 12:58:49 2012",
            "order_id": "T457666075357"
        },
        {
            "order_datetime": "Thu Apr 11 12:58:49 2013",
            "order_id": "T515751326359"
        }
    ]
}