{
    "doc_type": "user_profile",
    "personal_details": {
        "age": 50,
        "display_name": "Angele Usher",
        "email": "Angele.Usher@snailmail.com",
        "first_name": "Angele",
        "last_name": "Usher",
        "state": "Montana"
    },
    "profile_details": {
        "last_login_time": "Wed Aug 28 12:58:49 2013",
        "loyalty": {
            "friends_referred": [
                "Veronica_65472756",
                "Janene_72527950",
                "Talitha_86859963"
            ],
            "loyalty_score": 9.102091509210254,
            "membership_type": "Platinum",
            "redeemed_points": 513,
            "reward_points": 837
        },
        "password": "Angele41",
        "prefs": {
            "promotion_category": [
                "Books"
            ],
            "promotion_email": true,
            "ui_language": "Spanish",
            "ui_theme": "Beach"
        },
        "user_creation_time": "Wed Jul 25 12:58:49 2012",
        "user_id": "Angele_27652903"
    },
    "search_history": [
        {
            "category": "Films",
            "sub-category": [
                "Foreign Films",
                "Comedy",
                "Sci-Fi, Fantasy & Horror"
            ]
        }
    ],
    "shipped_order_history": [
        {
            "order_datetime": "Sat Dec 15 12:58:49 2012",
            "order_id": "T823542548759"
        },
        {
            "order_datetime": "Sun Feb  3 12:58:49 2013",
            "order_id": "T340931952727"
        },
        {
            "order_datetime": "Fri Jan 18 12:58:49 2013",
            "order_id": "T773664715376"
        },
        {
            "order_datetime": "Thu Dec 13 12:58:49 2012",
            "order_id": "T636555167907"
        },
        {
            "order_datetime": "Sat Jul 20 12:58:49 2013",
            "order_id": "T685725606136"
        },
        {
            "order_datetime": "Thu Jul  4 12:58:49 2013",
            "order_id": "T158358114891"
        },
        {
            "order_datetime": "Wed May 22 12:58:49 2013",
            "order_id": "T212029748781"
        },
        {
            "order_datetime": "Sun Mar 31 12:58:49 2013",
            "order_id": "T362857303431"
        },
        {
            "order_datetime": "Sat Oct 27 12:58:49 2012",
            "order_id": "T514126455837"
        }
    ]
}