{
    "doc_type": "user_profile",
    "personal_details": {
        "age": 59,
        "display_name": "Anita Mccreary",
        "email": "Anita.Mccreary@snailmail.com",
        "first_name": "Anita",
        "last_name": "Mccreary",
        "state": "Missouri"
    },
    "profile_details": {
        "last_login_time": "Thu Jul 25 12:58:49 2013",
        "loyalty": {
            "friends_referred": [
                "Pearlie_40221666"
            ],
            "loyalty_score": 6.945773932661012,
            "membership_type": "Silver",
            "redeemed_points": 702,
            "reward_points": 54
        },
        "password": "Anita99",
        "prefs": {
            "promotion_category": [
                "Books",
                "Music"
            ],
            "promotion_email": true,
            "ui_language": "German",
            "ui_theme": "Ocean"
        },
        "user_creation_time": "Fri May 20 12:58:49 2011",
        "user_id": "Anita_88293330"
    },
    "search_history": [
        {
            "category": "Films",
            "sub-category": [
                "Classic Films",
                "Comedy"
            ]
        }
    ],
    "shipped_order_history": [
        {
            "order_datetime": "Thu Jan 10 12:58:49 2013",
            "order_id": "T555864884835"
        },
        {
            "order_datetime": "Sun Feb 17 12:58:49 2013",
            "order_id": "T787559871949"
        },
        {
            "order_datetime": "Wed Jan  2 12:58:49 2013",
            "order_id": "T440669151216"
        },
        {
            "order_datetime": "Fri Jul 19 12:58:49 2013",
            "order_id": "T581454795473"
        }
    ]
}