{
    "doc_type": "user_profile",
    "personal_details": {
        "age": 36,
        "display_name": "Anja Travers",
        "email": "Anja.Travers@snailmail.com",
        "first_name": "Anja",
        "last_name": "Travers",
        "state": "Alaska"
    },
    "profile_details": {
        "last_login_time": "Sat Jul  6 12:58:49 2013",
        "loyalty": {
            "friends_referred": [],
            "loyalty_score": 4.794839662738337,
            "membership_type": "Silver",
            "redeemed_points": 108,
            "reward_points": 1188
        },
        "password": "Anja22",
        "prefs": {
            "promotion_email": false,
            "ui_language": "Spanish",
            "ui_theme": "Mountains"
        },
        "user_creation_time": "Sat Feb  2 12:58:49 2013",
        "user_id": "Anja_70314781"
    },
    "search_history": [
        {
            "category": "Films",
            "sub-category": [
                "Foreign Films"
            ]
        },
        {
            "category": "Books",
            "sub-category": [
                "Religion",
                "Medicine",
                "Sports & Adventure"
            ]
        }
    ],
    "shipped_order_history": [
        {
            "order_datetime": "Fri May 10 12:58:49 2013",
            "order_id": "T720244115203"
        },
        {
            "order_datetime": "Tue May 21 12:58:49 2013",
            "order_id": "T309744258122"
        },
        {
            "order_datetime": "Thu Feb  7 12:58:49 2013",
            "order_id": "T606956343620"
        }
    ]
}