{
    "doc_type": "user_profile",
    "personal_details": {
        "age": 30,
        "display_name": "Anne Flannery",
        "email": "Anne.Flannery@snailmail.com",
        "first_name": "Anne",
        "last_name": "Flannery",
        "state": "Illinois"
    },
    "profile_details": {
        "last_login_time": "Fri Jul 12 12:58:49 2013",
        "loyalty": {
            "friends_referred": [],
            "loyalty_score": 3.6186032592335526,
            "membership_type": "Basic",
            "redeemed_points": 144,
            "reward_points": 630
        },
        "password": "Anne59",
        "prefs": {
            "promotion_email": false,
            "ui_language": "Spanish",
            "ui_theme": "Mountains"
        },
        "user_creation_time": "Mon Oct 15 12:58:49 2012",
        "user_id": "Anne_68372861"
    },
    "search_history": [
        {
            "category": "Films",
            "sub-category": [
                "Animation",
                "Comedy",
                "Sci-Fi, Fantasy & Horror"
            ]
        }
    ],
    "shipped_order_history": [
        {
            "order_datetime": "Wed Jun 26 12:58:49 2013",
            "order_id": "T962530278605"
        },
        {
            "order_datetime": "Wed Jun  5 12:58:49 2013",
            "order_id": "T568023476372"
        }
    ]
}