{
    "doc_type": "user_profile",
    "personal_details": {
        "age": 38,
        "display_name": "Anthony Breen",
        "email": "Anthony.Breen@snailmail.com",
        "first_name": "Anthony",
        "last_name": "Breen",
        "state": "Illinois"
    },
    "profile_details": {
        "last_login_time": "Tue Jul  9 12:58:49 2013",
        "loyalty": {
            "friends_referred": [],
            "loyalty_score": 7.399826817185579,
            "membership_type": "Gold",
            "redeemed_points": 1848,
            "reward_points": 1071
        },
        "password": "Anthony13",
        "prefs": {
            "promotion_category": [
                "Books",
                "Music",
                "Films"
            ],
            "promotion_email": true,
            "ui_language": "English",
            "ui_theme": "Beach"
        },
        "user_creation_time": "Sat Apr 20 12:58:49 2013",
        "user_id": "Anthony_35651007"
    },
    "search_history": [
        {
            "category": "Films",
            "sub-category": [
                "Classic Films"
            ]
        },
        {
            "category": "Books",
            "sub-category": [
                "History",
                "Medicine",
                "Diet & Health"
            ]
        },
        {
            "category": "Music",
            "sub-category": [
                "Blues and Folk",
                "Country Music",
                "New Age"
            ]
        }
    ],
    "shipped_order_history": [
        {
            "order_datetime": "Sat Jun 15 12:58:49 2013",
            "order_id": "T681164917079"
        },
        {
            "order_datetime": "Wed Jun 12 12:58:49 2013",
            "order_id": "T393061446751"
        }
    ]
}