{
    "doc_type": "user_profile",
    "personal_details": {
        "age": 26,
        "display_name": "Antone Armenta",
        "email": "Antone.Armenta@snailmail.com",
        "first_name": "Antone",
        "last_name": "Armenta",
        "state": "Florida"
    },
    "profile_details": {
        "last_login_time": "Tue May  7 12:58:49 2013",
        "loyalty": {
            "friends_referred": [],
            "loyalty_score": 7.126341924837495,
            "membership_type": "Gold",
            "redeemed_points": 1470,
            "reward_points": 1386
        },
        "password": "Antone20",
        "prefs": {
            "promotion_category": [
                "Books",
                "Music"
            ],
            "promotion_email": true,
            "ui_language": "Spanish",
            "ui_theme": "Pebbles"
        },
        "user_creation_time": "Fri Oct 28 12:58:49 2011",
        "user_id": "Antone_24723855"
    },
    "search_history": [
        {
            "category": "Films",
            "sub-category": [
                "Animation",
                "Comedy",
                "Fitness / Instructional"
            ]
        },
        {
            "category": "Books",
            "sub-category": [
                "Humor",
                "NonFiction",
                "Sports & Adventure"
            ]
        },
        {
            "category": "Music",
            "sub-category": [
                "Broadway and Vocal"
            ]
        }
    ],
    "shipped_order_history": [
        {
            "order_datetime": "Sun Mar 31 12:58:49 2013",
            "order_id": "T652635303285"
        },
        {
            "order_datetime": "Thu Nov 10 12:58:49 2011",
            "order_id": "T879468181954"
        },
        {
            "order_datetime": "Sat Apr 28 12:58:49 2012",
            "order_id": "T680237926789"
        },
        {
            "order_datetime": "Fri Apr 27 12:58:49 2012",
            "order_id": "T296560143659"
        }
    ]
}