{
    "doc_type": "user_profile",
    "personal_details": {
        "age": 45,
        "display_name": "Antoine Daigle",
        "email": "Antoine.Daigle@snailmail.com",
        "first_name": "Antoine",
        "last_name": "Daigle",
        "state": "Nebraska"
    },
    "profile_details": {
        "last_login_time": "Sun Sep  8 12:58:49 2013",
        "loyalty": {
            "friends_referred": [],
            "loyalty_score": 3.9663308408367492,
            "membership_type": "Basic",
            "redeemed_points": 495,
            "reward_points": 153
        },
        "password": "Antoine80",
        "prefs": {
            "promotion_category": [
                "Books"
            ],
            "promotion_email": true,
            "ui_language": "French",
            "ui_theme": "Pebbles"
        },
        "user_creation_time": "Thu Mar 21 12:58:49 2013",
        "user_id": "Antoine_9636218"
    },
    "search_history": [
        {
            "category": "Films",
            "sub-category": [
                "Foreign Films",
                "Documentary",
                "Fitness / Instructional"
            ]
        },
        {
            "category": "Books",
            "sub-category": [
                "Religion",
                "NonFiction",
                "Sports & Adventure"
            ]
        },
        {
            "category": "Music",
            "sub-category": [
                "Classical Music",
                "Jazz"
            ]
        }
    ],
    "shipped_order_history": [
        {
            "order_datetime": "Sat Jun  8 12:58:49 2013",
            "order_id": "T626320377457"
        },
        {
            "order_datetime": "Fri Apr  5 12:58:49 2013",
            "order_id": "T630921895719"
        }
    ]
}