{
    "doc_type": "user_profile",
    "personal_details": {
        "age": 25,
        "display_name": "Antwan Batten",
        "email": "Antwan.Batten@snailmail.com",
        "first_name": "Antwan",
        "last_name": "Batten",
        "state": "Kansas"
    },
    "profile_details": {
        "last_login_time": "Tue Jul 16 12:58:49 2013",
        "loyalty": {
            "friends_referred": [],
            "loyalty_score": 4.165959049075472,
            "membership_type": "Silver",
            "redeemed_points": 660,
            "reward_points": 48
        },
        "password": "Antwan25",
        "prefs": {
            "promotion_email": false,
            "ui_language": "English",
            "ui_theme": "Grafitti"
        },
        "user_creation_time": "Wed Jun 29 12:58:49 2011",
        "user_id": "Antwan_20677954"
    },
    "search_history": [
        {
            "category": "Films",
            "sub-category": [
                "Animation"
            ]
        }
    ],
    "shipped_order_history": [
        {
            "order_datetime": "Wed Nov 28 12:58:49 2012",
            "order_id": "T990248558312"
        },
        {
            "order_datetime": "Mon Apr  1 12:58:49 2013",
            "order_id": "T581847256949"
        },
        {
            "order_datetime": "Sun Jul  3 12:58:49 2011",
            "order_id": "T983440847498"
        }
    ]
}