{
    "doc_type": "user_profile",
    "personal_details": {
        "age": 33,
        "display_name": "Archie Foltz",
        "email": "Archie.Foltz@snailmail.com",
        "first_name": "Archie",
        "last_name": "Foltz",
        "state": "Nebraska"
    },
    "profile_details": {
        "last_login_time": "Fri Aug  2 12:58:49 2013",
        "loyalty": {
            "friends_referred": [
                "Pricilla_3954241",
                "Layla_18725385"
            ],
            "loyalty_score": 7.850629688901774,
            "membership_type": "Gold",
            "redeemed_points": 819,
            "reward_points": 630
        },
        "password": "Archie92",
        "prefs": {
            "promotion_email": false,
            "ui_language": "German",
            "ui_theme": "Tree Tops"
        },
        "user_creation_time": "Mon Oct  8 12:58:49 2012",
        "user_id": "Archie_56831860"
    },
    "search_history": [
        {
            "category": "Films",
            "sub-category": [
                "Foreign Films"
            ]
        },
        {
            "category": "Books",
            "sub-category": [
                "Humor",
                "Travel"
            ]
        },
        {
            "category": "Music",
            "sub-category": [
                "Classical Music",
                "Country Music",
                "Opera and Vocal"
            ]
        }
    ],
    "shipped_order_history": [
        {
            "order_datetime": "Fri Mar 22 12:58:49 2013",
            "order_id": "T959337333254"
        },
        {
            "order_datetime": "Mon Apr  8 12:58:49 2013",
            "order_id": "T353624567637"
        }
    ]
}