{
    "doc_type": "user_profile",
    "personal_details": {
        "age": 54,
        "display_name": "Ardelia Fusco",
        "email": "Ardelia.Fusco@snailmail.com",
        "first_name": "Ardelia",
        "last_name": "Fusco",
        "state": "Virginia"
    },
    "profile_details": {
        "last_login_time": "Sat Jul  6 12:58:49 2013",
        "loyalty": {
            "friends_referred": [],
            "loyalty_score": 7.983110639312416,
            "membership_type": "Gold",
            "redeemed_points": 2016,
            "reward_points": 2058
        },
        "password": "Ardelia56",
        "prefs": {
            "promotion_category": [
                "Books"
            ],
            "promotion_email": true,
            "ui_language": "German",
            "ui_theme": "Tree Tops"
        },
        "user_creation_time": "Sat Oct  1 12:58:49 2011",
        "user_id": "Ardelia_91499701"
    },
    "search_history": [
        {
            "category": "Films",
            "sub-category": [
                "Animation",
                "Documentary",
                "Music & Musicals"
            ]
        },
        {
            "category": "Books",
            "sub-category": [
                "Humor",
                "NonFiction",
                "Home & Garden"
            ]
        },
        {
            "category": "Music",
            "sub-category": [
                "Classical Music",
                "Country Music",
                "Pop Music"
            ]
        }
    ],
    "shipped_order_history": [
        {
            "order_datetime": "Fri Oct 28 12:58:49 2011",
            "order_id": "T932026642744"
        },
        {
            "order_datetime": "Mon May  6 12:58:49 2013",
            "order_id": "T798853751648"
        },
        {
            "order_datetime": "Wed Dec 12 12:58:49 2012",
            "order_id": "T424262646710"
        },
        {
            "order_datetime": "Mon Jun 17 12:58:49 2013",
            "order_id": "T782349958613"
        }
    ]
}