{
    "doc_type": "user_profile",
    "personal_details": {
        "age": 49,
        "display_name": "Arianna Berrios",
        "email": "Arianna.Berrios@snailmail.com",
        "first_name": "Arianna",
        "last_name": "Berrios",
        "state": "Connecticut"
    },
    "profile_details": {
        "last_login_time": "Wed Apr 17 12:58:49 2013",
        "loyalty": {
            "friends_referred": [
                "Alaine_60638473"
            ],
            "loyalty_score": 7.786155453684107,
            "membership_type": "Gold",
            "redeemed_points": 588,
            "reward_points": 1512
        },
        "password": "Arianna49",
        "prefs": {
            "promotion_email": false,
            "ui_language": "French",
            "ui_theme": "Mountains"
        },
        "user_creation_time": "Thu Jun 23 12:58:49 2011",
        "user_id": "Arianna_1108899"
    },
    "search_history": [
        {
            "category": "Films",
            "sub-category": [
                "Animation",
                "Drama"
            ]
        },
        {
            "category": "Books",
            "sub-category": [
                "History"
            ]
        },
        {
            "category": "Music",
            "sub-category": [
                "Classical Music",
                "Jazz"
            ]
        }
    ],
    "shipped_order_history": [
        {
            "order_datetime": "Thu Jul 28 12:58:49 2011",
            "order_id": "T510060633715"
        }
    ]
}