{
    "doc_type": "user_profile",
    "personal_details": {
        "age": 25,
        "display_name": "Ariana Cloutier",
        "email": "Ariana.Cloutier@snailmail.com",
        "first_name": "Ariana",
        "last_name": "Cloutier",
        "state": "Ohio"
    },
    "profile_details": {
        "last_login_time": "Sun Dec 30 12:58:49 2012",
        "loyalty": {
            "friends_referred": [],
            "loyalty_score": 6.846030992867967,
            "membership_type": "Silver",
            "redeemed_points": 1584,
            "reward_points": 1134
        },
        "password": "Ariana78",
        "prefs": {
            "promotion_email": false,
            "ui_language": "Spanish",
            "ui_theme": "Planets"
        },
        "user_creation_time": "Thu Jan 27 12:58:49 2011",
        "user_id": "Ariana_10349315"
    },
    "shipped_order_history": [
        {
            "order_datetime": "Tue Jul 26 12:58:49 2011",
            "order_id": "T217655771478"
        }
    ]
}