{
    "doc_type": "user_profile",
    "personal_details": {
        "age": 60,
        "display_name": "Arla Mayers",
        "email": "Arla.Mayers@snailmail.com",
        "first_name": "Arla",
        "last_name": "Mayers",
        "state": "Minnesota"
    },
    "profile_details": {
        "last_login_time": "Fri Sep  6 12:58:49 2013",
        "loyalty": {
            "friends_referred": [],
            "loyalty_score": 4.551142768860647,
            "membership_type": "Silver",
            "redeemed_points": 1140,
            "reward_points": 972
        },
        "password": "Arla29",
        "prefs": {
            "promotion_email": false,
            "ui_language": "English",
            "ui_theme": "Planets"
        },
        "user_creation_time": "Sat Jul 13 12:58:49 2013",
        "user_id": "Arla_20254228"
    },
    "search_history": [
        {
            "category": "Films",
            "sub-category": [
                "Foreign Films",
                "Comedy",
                "Fitness / Instructional"
            ]
        },
        {
            "category": "Books",
            "sub-category": [
                "Religion",
                "NonFiction"
            ]
        },
        {
            "category": "Music",
            "sub-category": [
                "Broadway and Vocal",
                "Jazz"
            ]
        }
    ],
    "shipped_order_history": [
        {
            "order_datetime": "Sun Sep  1 12:58:49 2013",
            "order_id": "T952146666916"
        },
        {
            "order_datetime": "Sat Aug 17 12:58:49 2013",
            "order_id": "T507260291446"
        }
    ]
}