{
    "doc_type": "user_profile",
    "personal_details": {
        "age": 25,
        "display_name": "Arlean Foret",
        "email": "Arlean.Foret@snailmail.com",
        "first_name": "Arlean",
        "last_name": "Foret",
        "state": "Alaska"
    },
    "profile_details": {
        "last_login_time": "Thu Jun 21 12:58:49 2012",
        "loyalty": {
            "friends_referred": [
                "Bao_49865776"
            ],
            "loyalty_score": 8.533770304753736,
            "membership_type": "Gold",
            "redeemed_points": 1320,
            "reward_points": 648
        },
        "password": "Arlean73",
        "prefs": {
            "promotion_category": [
                "Books"
            ],
            "promotion_email": true,
            "ui_language": "French",
            "ui_theme": "Grafitti"
        },
        "user_creation_time": "Mon Jan 17 12:58:49 2011",
        "user_id": "Arlean_51353495"
    },
    "search_history": [
        {
            "category": "Films",
            "sub-category": [
                "Animation",
                "Documentary"
            ]
        }
    ],
    "shipped_order_history": [
        {
            "order_datetime": "Sun Nov  6 12:58:49 2011",
            "order_id": "T957962074920"
        },
        {
            "order_datetime": "Sat Aug 20 12:58:49 2011",
            "order_id": "T976632231333"
        },
        {
            "order_datetime": "Fri Dec  2 12:58:49 2011",
            "order_id": "T115365831074"
        },
        {
            "order_datetime": "Sun Feb 13 12:58:49 2011",
            "order_id": "T591020783167"
        },
        {
            "order_datetime": "Sat Dec 17 12:58:49 2011",
            "order_id": "T932629487696"
        },
        {
            "order_datetime": "Thu Jun 30 12:58:49 2011",
            "order_id": "T490162048104"
        },
        {
            "order_datetime": "Sun Aug  7 12:58:49 2011",
            "order_id": "T453962922548"
        },
        {
            "order_datetime": "Sun Mar 25 12:58:49 2012",
            "order_id": "T624939846624"
        }
    ]
}