{
    "doc_type": "user_profile",
    "personal_details": {
        "age": 33,
        "display_name": "Armanda Palmer",
        "email": "Armanda.Palmer@snailmail.com",
        "first_name": "Armanda",
        "last_name": "Palmer",
        "state": "Nebraska"
    },
    "profile_details": {
        "last_login_time": "Tue Jun 25 12:58:49 2013",
        "loyalty": {
            "friends_referred": [
                "Nicholas_66386033",
                "Reda_56369093"
            ],
            "loyalty_score": 7.665663810642913,
            "membership_type": "Gold",
            "redeemed_points": 357,
            "reward_points": 630
        },
        "password": "Armanda82",
        "prefs": {
            "promotion_email": false,
            "ui_language": "French",
            "ui_theme": "Tree Tops"
        },
        "user_creation_time": "Thu Jan 10 12:58:49 2013",
        "user_id": "Armanda_57083532"
    },
    "search_history": [
        {
            "category": "Films",
            "sub-category": [
                "Animation"
            ]
        },
        {
            "category": "Books",
            "sub-category": [
                "Religion",
                "NonFiction"
            ]
        },
        {
            "category": "Music",
            "sub-category": [
                "Classical Music",
                "Jazz"
            ]
        }
    ],
    "shipped_order_history": [
        {
            "order_datetime": "Tue Jan 22 12:58:49 2013",
            "order_id": "T269254504005"
        },
        {
            "order_datetime": "Sat Mar 16 12:58:49 2013",
            "order_id": "T446558977998"
        },
        {
            "order_datetime": "Sat Jun 15 12:58:49 2013",
            "order_id": "T353531045180"
        },
        {
            "order_datetime": "Mon Feb 18 12:58:49 2013",
            "order_id": "T652426486204"
        },
        {
            "order_datetime": "Thu Jan 31 12:58:49 2013",
            "order_id": "T770659694934"
        },
        {
            "order_datetime": "Mon Feb 25 12:58:49 2013",
            "order_id": "T496154932439"
        }
    ]
}