{
    "doc_type": "user_profile",
    "personal_details": {
        "age": 46,
        "display_name": "Arminda Wood",
        "email": "Arminda.Wood@snailmail.com",
        "first_name": "Arminda",
        "last_name": "Wood",
        "state": "Utah"
    },
    "profile_details": {
        "last_login_time": "Wed Sep 25 12:58:49 2013",
        "loyalty": {
            "friends_referred": [],
            "loyalty_score": 4.412633812884468,
            "membership_type": "Silver",
            "redeemed_points": 456,
            "reward_points": 156
        },
        "password": "Arminda52",
        "prefs": {
            "promotion_category": [
                "Books",
                "Music",
                "Films"
            ],
            "promotion_email": true,
            "ui_language": "Spanish",
            "ui_theme": "Grafitti"
        },
        "user_creation_time": "Fri Jul 26 12:58:49 2013",
        "user_id": "Arminda_83844691"
    },
    "search_history": [
        {
            "category": "Films",
            "sub-category": [
                "Foreign Films",
                "Comedy",
                "Sci-Fi, Fantasy & Horror"
            ]
        },
        {
            "category": "Books",
            "sub-category": [
                "Religion"
            ]
        },
        {
            "category": "Music",
            "sub-category": [
                "Blues and Folk",
                "Kid's Music"
            ]
        }
    ],
    "shipped_order_history": [
        {
            "order_datetime": "Mon Sep 23 12:58:49 2013",
            "order_id": "T931059359513"
        },
        {
            "order_datetime": "Thu Aug  8 12:58:49 2013",
            "order_id": "T820134521129"
        }
    ]
}