{
    "doc_type": "user_profile",
    "personal_details": {
        "age": 56,
        "display_name": "Ashleigh Guerin",
        "email": "Ashleigh.Guerin@snailmail.com",
        "first_name": "Ashleigh",
        "last_name": "Guerin",
        "state": "Montana"
    },
    "profile_details": {
        "last_login_time": "Sun Jan 20 12:58:49 2013",
        "loyalty": {
            "friends_referred": [],
            "loyalty_score": 4.846459470705799,
            "membership_type": "Silver",
            "redeemed_points": 108,
            "reward_points": 1032
        },
        "password": "Ashleigh18",
        "prefs": {
            "promotion_category": [
                "Books",
                "Music",
                "Films"
            ],
            "promotion_email": true,
            "ui_language": "Spanish",
            "ui_theme": "Beach"
        },
        "user_creation_time": "Wed Apr 25 12:58:49 2012",
        "user_id": "Ashleigh_13948377"
    },
    "search_history": [
        {
            "category": "Films",
            "sub-category": [
                "Animation"
            ]
        },
        {
            "category": "Books",
            "sub-category": [
                "Humor",
                "Medicine"
            ]
        },
        {
            "category": "Music",
            "sub-category": [
                "Classical Music"
            ]
        }
    ],
    "shipped_order_history": [
        {
            "order_datetime": "Fri Jun  1 12:58:49 2012",
            "order_id": "T898551016643"
        },
        {
            "order_datetime": "Sat Aug 25 12:58:49 2012",
            "order_id": "T142459951219"
        },
        {
            "order_datetime": "Sat Oct 27 12:58:49 2012",
            "order_id": "T695256889500"
        },
        {
            "order_datetime": "Fri Jun 22 12:58:49 2012",
            "order_id": "T572038286371"
        }
    ]
}