{
    "doc_type": "user_profile",
    "personal_details": {
        "age": 32,
        "display_name": "Ashlee Wolford",
        "email": "Ashlee.Wolford@snailmail.com",
        "first_name": "Ashlee",
        "last_name": "Wolford",
        "state": "Maine"
    },
    "profile_details": {
        "last_login_time": "Sat Sep 21 12:58:49 2013",
        "loyalty": {
            "friends_referred": [
                "Kamilah_64698236",
                "Yulanda_90525225"
            ],
            "loyalty_score": 7.208942734328412,
            "membership_type": "Gold",
            "redeemed_points": 2100,
            "reward_points": 1785
        },
        "password": "Ashlee98",
        "prefs": {
            "promotion_category": [
                "Books",
                "Music"
            ],
            "promotion_email": true,
            "ui_language": "English",
            "ui_theme": "Planets"
        },
        "user_creation_time": "Sun Dec 25 12:58:49 2011",
        "user_id": "Ashlee_32477583"
    },
    "search_history": [
        {
            "category": "Films",
            "sub-category": [
                "Animation"
            ]
        },
        {
            "category": "Books",
            "sub-category": [
                "History",
                "Travel"
            ]
        },
        {
            "category": "Music",
            "sub-category": [
                "Classical Music",
                "Kid's Music"
            ]
        }
    ],
    "shipped_order_history": [
        {
            "order_datetime": "Sun Aug 26 12:58:49 2012",
            "order_id": "T440869063334"
        },
        {
            "order_datetime": "Mon Apr 23 12:58:49 2012",
            "order_id": "T249329756684"
        },
        {
            "order_datetime": "Tue Jun 11 12:58:49 2013",
            "order_id": "T930129499374"
        },
        {
            "order_datetime": "Thu Feb 28 12:58:49 2013",
            "order_id": "T533936087815"
        },
        {
            "order_datetime": "Tue Oct  9 12:58:49 2012",
            "order_id": "T691023091397"
        }
    ]
}