{
    "doc_type": "user_profile",
    "personal_details": {
        "age": 40,
        "display_name": "Asia Giles",
        "email": "Asia.Giles@snailmail.com",
        "first_name": "Asia",
        "last_name": "Giles",
        "state": "Kentucky"
    },
    "profile_details": {
        "last_login_time": "Sun Sep 22 12:58:49 2013",
        "loyalty": {
            "friends_referred": [],
            "loyalty_score": 1.1231176010170951,
            "membership_type": "Basic",
            "redeemed_points": 21,
            "reward_points": 198
        },
        "password": "Asia20",
        "prefs": {
            "promotion_category": [
                "Books",
                "Music",
                "Films"
            ],
            "promotion_email": true,
            "ui_language": "Spanish",
            "ui_theme": "Ocean"
        },
        "user_creation_time": "Sat Aug 31 12:58:49 2013",
        "user_id": "Asia_24030"
    },
    "search_history": [
        {
            "category": "Films",
            "sub-category": [
                "Animation"
            ]
        },
        {
            "category": "Books",
            "sub-category": [
                "History",
                "Travel"
            ]
        }
    ],
    "shipped_order_history": []
}