{
    "doc_type": "user_profile",
    "personal_details": {
        "age": 31,
        "display_name": "Audie Yates",
        "email": "Audie.Yates@snailmail.com",
        "first_name": "Audie",
        "last_name": "Yates",
        "state": "Maryland"
    },
    "profile_details": {
        "last_login_time": "Fri Mar  1 12:58:49 2013",
        "loyalty": {
            "friends_referred": [],
            "loyalty_score": 0.9332376154396826,
            "membership_type": "Basic",
            "redeemed_points": 0,
            "reward_points": 0
        },
        "password": "Audie31",
        "prefs": {
            "promotion_email": false,
            "ui_language": "French",
            "ui_theme": "Mountains"
        },
        "user_creation_time": "Mon Jul  4 12:58:49 2011",
        "user_id": "Audie_1437501"
    },
    "search_history": [
        {
            "category": "Films",
            "sub-category": [
                "Animation",
                "Drama"
            ]
        }
    ],
    "shipped_order_history": []
}