{
    "doc_type": "user_profile",
    "personal_details": {
        "age": 58,
        "display_name": "Augustus Mccarthy",
        "email": "Augustus.Mccarthy@snailmail.com",
        "first_name": "Augustus",
        "last_name": "Mccarthy",
        "state": "Tennessee"
    },
    "profile_details": {
        "last_login_time": "Sat Apr 13 12:58:49 2013",
        "loyalty": {
            "friends_referred": [
                "Brian_36763711"
            ],
            "loyalty_score": 8.623355236998417,
            "membership_type": "Gold",
            "redeemed_points": 288,
            "reward_points": 1992
        },
        "password": "Augustus67",
        "prefs": {
            "promotion_category": [
                "Books"
            ],
            "promotion_email": true,
            "ui_language": "French",
            "ui_theme": "Tree Tops"
        },
        "user_creation_time": "Fri Feb  3 12:58:49 2012",
        "user_id": "Augustus_8184169"
    },
    "search_history": [
        {
            "category": "Films",
            "sub-category": [
                "Classic Films",
                "Drama",
                "Music & Musicals"
            ]
        }
    ],
    "shipped_order_history": [
        {
            "order_datetime": "Thu Apr  4 12:58:49 2013",
            "order_id": "T133432273414"
        },
        {
            "order_datetime": "Mon Mar  5 12:58:49 2012",
            "order_id": "T180159629924"
        },
        {
            "order_datetime": "Wed Mar 20 12:58:49 2013",
            "order_id": "T570521488853"
        },
        {
            "order_datetime": "Mon Jul  2 12:58:49 2012",
            "order_id": "T557744807183"
        }
    ]
}