{
    "doc_type": "user_profile",
    "personal_details": {
        "age": 56,
        "display_name": "Aura Trent",
        "email": "Aura.Trent@snailmail.com",
        "first_name": "Aura",
        "last_name": "Trent",
        "state": "Iowa"
    },
    "profile_details": {
        "last_login_time": "Tue Jul 23 12:58:49 2013",
        "loyalty": {
            "friends_referred": [],
            "loyalty_score": 6.510356972781874,
            "membership_type": "Silver",
            "redeemed_points": 1368,
            "reward_points": 648
        },
        "password": "Aura17",
        "prefs": {
            "promotion_email": false,
            "ui_language": "English",
            "ui_theme": "Pebbles"
        },
        "user_creation_time": "Sat Jun 16 12:58:49 2012",
        "user_id": "Aura_22069081"
    },
    "shipped_order_history": [
        {
            "order_datetime": "Sun May 12 12:58:49 2013",
            "order_id": "T378238931305"
        }
    ]
}