{
    "doc_type": "user_profile",
    "personal_details": {
        "age": 20,
        "display_name": "Aurelia Brothers",
        "email": "Aurelia.Brothers@snailmail.com",
        "first_name": "Aurelia",
        "last_name": "Brothers",
        "state": "Louisiana"
    },
    "profile_details": {
        "last_login_time": "Mon Aug 26 12:58:49 2013",
        "loyalty": {
            "friends_referred": [],
            "loyalty_score": 1.7430386975911782,
            "membership_type": "Basic",
            "redeemed_points": 282,
            "reward_points": 135
        },
        "password": "Aurelia14",
        "prefs": {
            "promotion_email": false,
            "ui_language": "Spanish",
            "ui_theme": "Planets"
        },
        "user_creation_time": "Wed Dec 21 12:58:49 2011",
        "user_id": "Aurelia_930814"
    },
    "search_history": [
        {
            "category": "Films",
            "sub-category": [
                "Classic Films",
                "Drama",
                "Music & Musicals"
            ]
        },
        {
            "category": "Books",
            "sub-category": [
                "Religion",
                "NonFiction"
            ]
        },
        {
            "category": "Music",
            "sub-category": [
                "Broadway and Vocal",
                "Kid's Music"
            ]
        }
    ],
    "shipped_order_history": [
        {
            "order_datetime": "Wed Feb 29 12:58:49 2012",
            "order_id": "T359267657488"
        }
    ]
}