{
    "doc_type": "user_profile",
    "personal_details": {
        "age": 16,
        "display_name": "Austin Breland",
        "email": "Austin.Breland@snailmail.com",
        "first_name": "Austin",
        "last_name": "Breland",
        "state": "Michigan"
    },
    "profile_details": {
        "last_login_time": "Mon Aug 12 12:58:49 2013",
        "loyalty": {
            "friends_referred": [],
            "loyalty_score": 0.6935526397164038,
            "membership_type": "Basic",
            "redeemed_points": 0,
            "reward_points": 0
        },
        "password": "Austin11",
        "prefs": {
            "promotion_email": false,
            "ui_language": "English",
            "ui_theme": "Wood"
        },
        "user_creation_time": "Sat Aug 25 12:58:49 2012",
        "user_id": "Austin_9883331"
    },
    "search_history": [
        {
            "category": "Films",
            "sub-category": [
                "Foreign Films",
                "Documentary"
            ]
        }
    ],
    "shipped_order_history": []
}