{
    "doc_type": "user_profile",
    "personal_details": {
        "age": 31,
        "display_name": "Austin Robles",
        "email": "Austin.Robles@snailmail.com",
        "first_name": "Austin",
        "last_name": "Robles",
        "state": "Louisiana"
    },
    "profile_details": {
        "last_login_time": "Tue Jun 11 12:58:49 2013",
        "loyalty": {
            "friends_referred": [
                "Arlean_51353495"
            ],
            "loyalty_score": 9.313870213618248,
            "membership_type": "Platinum",
            "redeemed_points": 1647,
            "reward_points": 1107
        },
        "password": "Austin78",
        "prefs": {
            "promotion_email": false,
            "ui_language": "English",
            "ui_theme": "Wood"
        },
        "user_creation_time": "Sun Sep 16 12:58:49 2012",
        "user_id": "Austin_23079723"
    },
    "search_history": [
        {
            "category": "Films",
            "sub-category": [
                "Foreign Films",
                "Drama",
                "Music & Musicals"
            ]
        }
    ],
    "shipped_order_history": []
}