{
    "doc_type": "user_profile",
    "personal_details": {
        "age": 57,
        "display_name": "Azalee Brookins",
        "email": "Azalee.Brookins@snailmail.com",
        "first_name": "Azalee",
        "last_name": "Brookins",
        "state": "Connecticut"
    },
    "profile_details": {
        "last_login_time": "Mon Aug 19 12:58:49 2013",
        "loyalty": {
            "friends_referred": [],
            "loyalty_score": 3.641145866061015,
            "membership_type": "Basic",
            "redeemed_points": 648,
            "reward_points": 567
        },
        "password": "Azalee35",
        "prefs": {
            "promotion_category": [
                "Books"
            ],
            "promotion_email": true,
            "ui_language": "French",
            "ui_theme": "Planets"
        },
        "user_creation_time": "Sun Apr 22 12:58:49 2012",
        "user_id": "Azalee_62834771"
    },
    "search_history": [
        {
            "category": "Films",
            "sub-category": [
                "Classic Films",
                "Documentary"
            ]
        },
        {
            "category": "Books",
            "sub-category": [
                "Humor",
                "Travel"
            ]
        }
    ],
    "shipped_order_history": [
        {
            "order_datetime": "Sun Apr 29 12:58:49 2012",
            "order_id": "T470222442646"
        },
        {
            "order_datetime": "Mon May 14 12:58:49 2012",
            "order_id": "T528050156259"
        },
        {
            "order_datetime": "Sun Jul 28 12:58:49 2013",
            "order_id": "T196764382979"
        }
    ]
}