{
    "doc_type": "user_profile",
    "personal_details": {
        "age": 36,
        "display_name": "Azucena Ordonez",
        "email": "Azucena.Ordonez@snailmail.com",
        "first_name": "Azucena",
        "last_name": "Ordonez",
        "state": "Nevada"
    },
    "profile_details": {
        "last_login_time": "Sun Sep  1 12:58:49 2013",
        "loyalty": {
            "friends_referred": [],
            "loyalty_score": 8.334949631230531,
            "membership_type": "Gold",
            "redeemed_points": 1488,
            "reward_points": 2136
        },
        "password": "Azucena54",
        "prefs": {
            "promotion_email": false,
            "ui_language": "French",
            "ui_theme": "Mountains"
        },
        "user_creation_time": "Tue Jul 16 12:58:49 2013",
        "user_id": "Azucena_1888341"
    },
    "search_history": [
        {
            "category": "Films",
            "sub-category": [
                "Foreign Films",
                "Comedy",
                "Fitness / Instructional"
            ]
        },
        {
            "category": "Books",
            "sub-category": [
                "History"
            ]
        }
    ],
    "shipped_order_history": [
        {
            "order_datetime": "Tue Jul 30 12:58:49 2013",
            "order_id": "T367459359796"
        },
        {
            "order_datetime": "Sat Jul 20 12:58:49 2013",
            "order_id": "T872637662165"
        }
    ]
}