{
    "doc_type": "user_profile",
    "personal_details": {
        "age": 50,
        "display_name": "Bao Franklin",
        "email": "Bao.Franklin@snailmail.com",
        "first_name": "Bao",
        "last_name": "Franklin",
        "state": "Tennessee"
    },
    "profile_details": {
        "last_login_time": "Sun Jun  2 12:58:49 2013",
        "loyalty": {
            "friends_referred": [
                "Jaimie_31782494",
                "Delmy_31615360"
            ],
            "loyalty_score": 9.103618857561079,
            "membership_type": "Platinum",
            "redeemed_points": 2214,
            "reward_points": 1782
        },
        "password": "Bao94",
        "prefs": {
            "promotion_category": [
                "Books",
                "Music"
            ],
            "promotion_email": true,
            "ui_language": "English",
            "ui_theme": "Planets"
        },
        "user_creation_time": "Wed Jan  2 12:58:49 2013",
        "user_id": "Bao_49865776"
    },
    "search_history": [
        {
            "category": "Films",
            "sub-category": [
                "Animation"
            ]
        },
        {
            "category": "Books",
            "sub-category": [
                "History"
            ]
        }
    ],
    "shipped_order_history": [
        {
            "order_datetime": "Wed Mar 13 12:58:49 2013",
            "order_id": "T978940913474"
        },
        {
            "order_datetime": "Wed Mar 13 12:58:49 2013",
            "order_id": "T666852019982"
        },
        {
            "order_datetime": "Sat Feb  9 12:58:49 2013",
            "order_id": "T135153378235"
        },
        {
            "order_datetime": "Wed Mar 13 12:58:49 2013",
            "order_id": "T286133414708"
        },
        {
            "order_datetime": "Tue Feb 12 12:58:49 2013",
            "order_id": "T399823173447"
        },
        {
            "order_datetime": "Sat Feb  2 12:58:49 2013",
            "order_id": "T195222561300"
        },
        {
            "order_datetime": "Fri Mar 22 12:58:49 2013",
            "order_id": "T364164897232"
        },
        {
            "order_datetime": "Wed Feb  6 12:58:49 2013",
            "order_id": "T837440265599"
        }
    ]
}