{
    "doc_type": "user_profile",
    "personal_details": {
        "age": 45,
        "display_name": "Barbera Lyon",
        "email": "Barbera.Lyon@snailmail.com",
        "first_name": "Barbera",
        "last_name": "Lyon",
        "state": "Pennsylvania"
    },
    "profile_details": {
        "last_login_time": "Mon Sep  2 12:58:49 2013",
        "loyalty": {
            "friends_referred": [
                "Carla_35969676"
            ],
            "loyalty_score": 6.834079011745137,
            "membership_type": "Silver",
            "redeemed_points": 1404,
            "reward_points": 1512
        },
        "password": "Barbera15",
        "prefs": {
            "promotion_email": false,
            "ui_language": "French",
            "ui_theme": "Grafitti"
        },
        "user_creation_time": "Mon May 30 12:58:49 2011",
        "user_id": "Barbera_30856213"
    },
    "search_history": [
        {
            "category": "Films",
            "sub-category": [
                "Animation",
                "Documentary",
                "Fitness / Instructional"
            ]
        },
        {
            "category": "Books",
            "sub-category": [
                "Religion",
                "Medicine",
                "Sports & Adventure"
            ]
        }
    ],
    "shipped_order_history": [
        {
            "order_datetime": "Thu Jun  6 12:58:49 2013",
            "order_id": "T562441476091"
        },
        {
            "order_datetime": "Sun Dec  4 12:58:49 2011",
            "order_id": "T683426523706"
        },
        {
            "order_datetime": "Sun Jul 28 12:58:49 2013",
            "order_id": "T404754053677"
        }
    ]
}