{
    "doc_type": "user_profile",
    "personal_details": {
        "age": 35,
        "display_name": "Barbar Hairston",
        "email": "Barbar.Hairston@snailmail.com",
        "first_name": "Barbar",
        "last_name": "Hairston",
        "state": "Ohio"
    },
    "profile_details": {
        "last_login_time": "Tue Sep 17 12:58:49 2013",
        "loyalty": {
            "friends_referred": [],
            "loyalty_score": 2.49582572994298,
            "membership_type": "Basic",
            "redeemed_points": 192,
            "reward_points": 414
        },
        "password": "Barbar87",
        "prefs": {
            "promotion_email": false,
            "ui_language": "German",
            "ui_theme": "Beach"
        },
        "user_creation_time": "Thu May  2 12:58:49 2013",
        "user_id": "Barbar_39794662"
    },
    "search_history": [
        {
            "category": "Films",
            "sub-category": [
                "Foreign Films",
                "Drama"
            ]
        }
    ],
    "shipped_order_history": [
        {
            "order_datetime": "Thu May 16 12:58:49 2013",
            "order_id": "T145955693698"
        },
        {
            "order_datetime": "Wed May  8 12:58:49 2013",
            "order_id": "T454165853762"
        }
    ]
}