{
    "doc_type": "user_profile",
    "personal_details": {
        "age": 30,
        "display_name": "Barbar Peace",
        "email": "Barbar.Peace@snailmail.com",
        "first_name": "Barbar",
        "last_name": "Peace",
        "state": "Maine"
    },
    "profile_details": {
        "last_login_time": "Tue Jul  9 12:58:49 2013",
        "loyalty": {
            "friends_referred": [],
            "loyalty_score": 8.91589916184083,
            "membership_type": "Gold",
            "redeemed_points": 96,
            "reward_points": 576
        },
        "password": "Barbar70",
        "prefs": {
            "promotion_category": [
                "Books"
            ],
            "promotion_email": true,
            "ui_language": "German",
            "ui_theme": "Beach"
        },
        "user_creation_time": "Tue Jul  5 12:58:49 2011",
        "user_id": "Barbar_15525006"
    },
    "search_history": [
        {
            "category": "Films",
            "sub-category": [
                "Foreign Films",
                "Drama"
            ]
        },
        {
            "category": "Books",
            "sub-category": [
                "Religion",
                "Travel"
            ]
        },
        {
            "category": "Music",
            "sub-category": [
                "Classical Music"
            ]
        }
    ],
    "shipped_order_history": [
        {
            "order_datetime": "Mon Apr 23 12:58:49 2012",
            "order_id": "T911936461821"
        },
        {
            "order_datetime": "Sun Jan  1 12:58:49 2012",
            "order_id": "T945755171589"
        },
        {
            "order_datetime": "Fri Feb 15 12:58:49 2013",
            "order_id": "T789853502885"
        },
        {
            "order_datetime": "Fri Nov 23 12:58:49 2012",
            "order_id": "T622143218414"
        }
    ]
}