{
    "doc_type": "user_profile",
    "personal_details": {
        "age": 21,
        "display_name": "Barton Lima",
        "email": "Barton.Lima@snailmail.com",
        "first_name": "Barton",
        "last_name": "Lima",
        "state": "Kansas"
    },
    "profile_details": {
        "last_login_time": "Wed Aug 15 12:58:49 2012",
        "loyalty": {
            "friends_referred": [],
            "loyalty_score": 5.597197644855703,
            "membership_type": "Silver",
            "redeemed_points": 1350,
            "reward_points": 840
        },
        "password": "Barton62",
        "prefs": {
            "promotion_category": [
                "Books",
                "Music"
            ],
            "promotion_email": true,
            "ui_language": "Spanish",
            "ui_theme": "Wood"
        },
        "user_creation_time": "Sun Jun 12 12:58:49 2011",
        "user_id": "Barton_65367467"
    },
    "search_history": [
        {
            "category": "Films",
            "sub-category": [
                "Classic Films",
                "Documentary"
            ]
        }
    ],
    "shipped_order_history": []
}