{
    "doc_type": "user_profile",
    "personal_details": {
        "age": 52,
        "display_name": "Bella Chan",
        "email": "Bella.Chan@snailmail.com",
        "first_name": "Bella",
        "last_name": "Chan",
        "state": "Kansas"
    },
    "profile_details": {
        "last_login_time": "Tue Sep 24 12:58:49 2013",
        "loyalty": {
            "friends_referred": [],
            "loyalty_score": 3.894942988241082,
            "membership_type": "Basic",
            "redeemed_points": 378,
            "reward_points": 45
        },
        "password": "Bella67",
        "prefs": {
            "promotion_email": false,
            "ui_language": "Spanish",
            "ui_theme": "Planets"
        },
        "user_creation_time": "Mon Sep 10 12:58:49 2012",
        "user_id": "Bella_20987841"
    },
    "search_history": [
        {
            "category": "Films",
            "sub-category": [
                "Classic Films",
                "Drama",
                "Music & Musicals"
            ]
        },
        {
            "category": "Books",
            "sub-category": [
                "Humor",
                "Medicine",
                "Sports & Adventure"
            ]
        }
    ],
    "shipped_order_history": [
        {
            "order_datetime": "Mon Jul 29 12:58:49 2013",
            "order_id": "T520231932971"
        }
    ]
}