{
    "doc_type": "user_profile",
    "personal_details": {
        "age": 26,
        "display_name": "Belle Pardo",
        "email": "Belle.Pardo@snailmail.com",
        "first_name": "Belle",
        "last_name": "Pardo",
        "state": "North Carolina"
    },
    "profile_details": {
        "last_login_time": "Fri Jul 26 12:58:49 2013",
        "loyalty": {
            "friends_referred": [],
            "loyalty_score": 4.888222143867934,
            "membership_type": "Silver",
            "redeemed_points": 804,
            "reward_points": 204
        },
        "password": "Belle41",
        "prefs": {
            "promotion_category": [
                "Books",
                "Music",
                "Films"
            ],
            "promotion_email": true,
            "ui_language": "French",
            "ui_theme": "Mountains"
        },
        "user_creation_time": "Sat Apr 27 12:58:49 2013",
        "user_id": "Belle_4112520"
    },
    "shipped_order_history": [
        {
            "order_datetime": "Sat Jul 13 12:58:49 2013",
            "order_id": "T526648987164"
        },
        {
            "order_datetime": "Sat May 11 12:58:49 2013",
            "order_id": "T318261055537"
        }
    ]
}