{
    "doc_type": "user_profile",
    "personal_details": {
        "age": 55,
        "display_name": "Bernardo Peoples",
        "email": "Bernardo.Peoples@snailmail.com",
        "first_name": "Bernardo",
        "last_name": "Peoples",
        "state": "Oregon"
    },
    "profile_details": {
        "last_login_time": "Wed Aug 28 12:58:49 2013",
        "loyalty": {
            "friends_referred": [
                "Hester_16192380",
                "Earline_68078599"
            ],
            "loyalty_score": 8.832101338053805,
            "membership_type": "Gold",
            "redeemed_points": 600,
            "reward_points": 840
        },
        "password": "Bernardo24",
        "prefs": {
            "promotion_email": false,
            "ui_language": "French",
            "ui_theme": "Beach"
        },
        "user_creation_time": "Wed Feb 27 12:58:49 2013",
        "user_id": "Bernardo_2058847"
    },
    "search_history": [
        {
            "category": "Films",
            "sub-category": [
                "Classic Films"
            ]
        },
        {
            "category": "Books",
            "sub-category": [
                "Religion",
                "Medicine"
            ]
        },
        {
            "category": "Music",
            "sub-category": [
                "Classical Music",
                "Kid's Music",
                "New Age"
            ]
        }
    ],
    "shipped_order_history": [
        {
            "order_datetime": "Thu Mar 14 12:58:49 2013",
            "order_id": "T237959897994"
        },
        {
            "order_datetime": "Fri Aug 16 12:58:49 2013",
            "order_id": "T429868083641"
        },
        {
            "order_datetime": "Mon Apr  1 12:58:49 2013",
            "order_id": "T696421456361"
        },
        {
            "order_datetime": "Thu May  2 12:58:49 2013",
            "order_id": "T329240115403"
        }
    ]
}