{
    "doc_type": "user_profile",
    "personal_details": {
        "age": 40,
        "display_name": "Bernice Wood",
        "email": "Bernice.Wood@snailmail.com",
        "first_name": "Bernice",
        "last_name": "Wood",
        "state": "South Dakota"
    },
    "profile_details": {
        "last_login_time": "Mon Mar 25 12:58:49 2013",
        "loyalty": {
            "friends_referred": [],
            "loyalty_score": 4.986195330747862,
            "membership_type": "Silver",
            "redeemed_points": 828,
            "reward_points": 312
        },
        "password": "Bernice18",
        "prefs": {
            "promotion_category": [
                "Books",
                "Music"
            ],
            "promotion_email": true,
            "ui_language": "English",
            "ui_theme": "Planets"
        },
        "user_creation_time": "Tue Nov 22 12:58:49 2011",
        "user_id": "Bernice_40685847"
    },
    "search_history": [
        {
            "category": "Films",
            "sub-category": [
                "Animation",
                "Documentary",
                "Fitness / Instructional"
            ]
        },
        {
            "category": "Books",
            "sub-category": [
                "Religion",
                "NonFiction"
            ]
        },
        {
            "category": "Music",
            "sub-category": [
                "Broadway and Vocal",
                "Jazz"
            ]
        }
    ],
    "shipped_order_history": [
        {
            "order_datetime": "Mon Sep 17 12:58:49 2012",
            "order_id": "T893265238308"
        },
        {
            "order_datetime": "Fri Jul 20 12:58:49 2012",
            "order_id": "T806345278875"
        }
    ]
}