{
    "doc_type": "user_profile",
    "personal_details": {
        "age": 60,
        "display_name": "Bernita Stricklin",
        "email": "Bernita.Stricklin@snailmail.com",
        "first_name": "Bernita",
        "last_name": "Stricklin",
        "state": "Missouri"
    },
    "profile_details": {
        "last_login_time": "Tue May 21 12:58:49 2013",
        "loyalty": {
            "friends_referred": [
                "Maud_66563418"
            ],
            "loyalty_score": 6.467184607742493,
            "membership_type": "Silver",
            "redeemed_points": 1440,
            "reward_points": 738
        },
        "password": "Bernita83",
        "prefs": {
            "promotion_category": [
                "Books",
                "Music"
            ],
            "promotion_email": true,
            "ui_language": "German",
            "ui_theme": "Planets"
        },
        "user_creation_time": "Wed Nov  7 12:58:49 2012",
        "user_id": "Bernita_25713508"
    },
    "search_history": [
        {
            "category": "Films",
            "sub-category": [
                "Classic Films",
                "Documentary"
            ]
        },
        {
            "category": "Books",
            "sub-category": [
                "Religion",
                "Medicine"
            ]
        }
    ],
    "shipped_order_history": [
        {
            "order_datetime": "Thu Dec 20 12:58:49 2012",
            "order_id": "T177034815822"
        },
        {
            "order_datetime": "Sat Nov 10 12:58:49 2012",
            "order_id": "T676362967346"
        },
        {
            "order_datetime": "Wed Nov 28 12:58:49 2012",
            "order_id": "T485720829827"
        },
        {
            "order_datetime": "Sun Nov 25 12:58:49 2012",
            "order_id": "T448140331664"
        },
        {
            "order_datetime": "Tue Apr 16 12:58:49 2013",
            "order_id": "T322039841968"
        }
    ]
}