{
    "doc_type": "user_profile",
    "personal_details": {
        "age": 28,
        "display_name": "Bethann Torrez",
        "email": "Bethann.Torrez@snailmail.com",
        "first_name": "Bethann",
        "last_name": "Torrez",
        "state": "Ohio"
    },
    "profile_details": {
        "last_login_time": "Tue Apr  9 12:58:49 2013",
        "loyalty": {
            "friends_referred": [],
            "loyalty_score": 1.6229056354260807,
            "membership_type": "Basic",
            "redeemed_points": 252,
            "reward_points": 297
        },
        "password": "Bethann25",
        "prefs": {
            "promotion_email": false,
            "ui_language": "German",
            "ui_theme": "Mountains"
        },
        "user_creation_time": "Fri Jun 15 12:58:49 2012",
        "user_id": "Bethann_59867825"
    },
    "search_history": [
        {
            "category": "Films",
            "sub-category": [
                "Foreign Films"
            ]
        }
    ],
    "shipped_order_history": []
}