{
    "doc_type": "user_profile",
    "personal_details": {
        "age": 31,
        "display_name": "Bettina Gaither",
        "email": "Bettina.Gaither@snailmail.com",
        "first_name": "Bettina",
        "last_name": "Gaither",
        "state": "Texas"
    },
    "profile_details": {
        "last_login_time": "Mon Aug 12 12:58:49 2013",
        "loyalty": {
            "friends_referred": [
                "Juan_42602289",
                "Janita_44023447"
            ],
            "loyalty_score": 9.748244389390372,
            "membership_type": "Platinum",
            "redeemed_points": 2538,
            "reward_points": 945
        },
        "password": "Bettina61",
        "prefs": {
            "promotion_category": [
                "Books",
                "Music",
                "Films"
            ],
            "promotion_email": true,
            "ui_language": "Spanish",
            "ui_theme": "Pebbles"
        },
        "user_creation_time": "Mon Nov  5 12:58:49 2012",
        "user_id": "Bettina_55669256"
    },
    "search_history": [
        {
            "category": "Films",
            "sub-category": [
                "Foreign Films"
            ]
        },
        {
            "category": "Books",
            "sub-category": [
                "Humor"
            ]
        },
        {
            "category": "Music",
            "sub-category": [
                "Blues and Folk",
                "Kid's Music"
            ]
        }
    ],
    "shipped_order_history": [
        {
            "order_datetime": "Sun Dec 30 12:58:49 2012",
            "order_id": "T869945887639"
        },
        {
            "order_datetime": "Fri Jan 11 12:58:49 2013",
            "order_id": "T293052034270"
        },
        {
            "order_datetime": "Tue Jul 16 12:58:49 2013",
            "order_id": "T708545593458"
        }
    ]
}