{
    "doc_type": "user_profile",
    "personal_details": {
        "age": 22,
        "display_name": "Bob Nieto",
        "email": "Bob.Nieto@snailmail.com",
        "first_name": "Bob",
        "last_name": "Nieto",
        "state": "Maryland"
    },
    "profile_details": {
        "last_login_time": "Sun Sep  2 12:58:49 2012",
        "loyalty": {
            "friends_referred": [],
            "loyalty_score": 4.149019979755958,
            "membership_type": "Silver",
            "redeemed_points": 384,
            "reward_points": 1152
        },
        "password": "Bob84",
        "prefs": {
            "promotion_category": [
                "Books"
            ],
            "promotion_email": true,
            "ui_language": "French",
            "ui_theme": "Mountains"
        },
        "user_creation_time": "Mon Feb 14 12:58:49 2011",
        "user_id": "Bob_83055537"
    },
    "search_history": [
        {
            "category": "Films",
            "sub-category": [
                "Foreign Films"
            ]
        }
    ],
    "shipped_order_history": [
        {
            "order_datetime": "Mon Aug 13 12:58:49 2012",
            "order_id": "T519467926752"
        },
        {
            "order_datetime": "Tue Feb 21 12:58:49 2012",
            "order_id": "T885833264754"
        },
        {
            "order_datetime": "Mon Jul 18 12:58:49 2011",
            "order_id": "T434535212127"
        }
    ]
}