{
    "doc_type": "user_profile",
    "personal_details": {
        "age": 54,
        "display_name": "Bob Melendez",
        "email": "Bob.Melendez@snailmail.com",
        "first_name": "Bob",
        "last_name": "Melendez",
        "state": "Minnesota"
    },
    "profile_details": {
        "last_login_time": "Mon Mar  4 12:58:49 2013",
        "loyalty": {
            "friends_referred": [
                "Bettina_55669256"
            ],
            "loyalty_score": 8.095195312497768,
            "membership_type": "Gold",
            "redeemed_points": 2352,
            "reward_points": 1440
        },
        "password": "Bob99",
        "prefs": {
            "promotion_category": [
                "Books",
                "Music"
            ],
            "promotion_email": true,
            "ui_language": "French",
            "ui_theme": "Planets"
        },
        "user_creation_time": "Fri Aug  3 12:58:49 2012",
        "user_id": "Bob_54332850"
    },
    "search_history": [
        {
            "category": "Films",
            "sub-category": [
                "Foreign Films",
                "Drama"
            ]
        }
    ],
    "shipped_order_history": [
        {
            "order_datetime": "Mon Aug 27 12:58:49 2012",
            "order_id": "T165263429352"
        },
        {
            "order_datetime": "Sat Nov 24 12:58:49 2012",
            "order_id": "T813142829034"
        }
    ]
}