{
    "doc_type": "user_profile",
    "personal_details": {
        "age": 44,
        "display_name": "Bobby Crenshaw",
        "email": "Bobby.Crenshaw@snailmail.com",
        "first_name": "Bobby",
        "last_name": "Crenshaw",
        "state": "Montana"
    },
    "profile_details": {
        "last_login_time": "Sat May 18 12:58:49 2013",
        "loyalty": {
            "friends_referred": [],
            "loyalty_score": 2.7303034772682344,
            "membership_type": "Basic",
            "redeemed_points": 318,
            "reward_points": 252
        },
        "password": "Bobby76",
        "prefs": {
            "promotion_category": [
                "Books"
            ],
            "promotion_email": true,
            "ui_language": "French",
            "ui_theme": "Mountains"
        },
        "user_creation_time": "Sun Nov 25 12:58:49 2012",
        "user_id": "Bobby_65961396"
    },
    "search_history": [
        {
            "category": "Films",
            "sub-category": [
                "Animation",
                "Drama",
                "Music & Musicals"
            ]
        },
        {
            "category": "Books",
            "sub-category": [
                "History"
            ]
        },
        {
            "category": "Music",
            "sub-category": [
                "Classical Music"
            ]
        }
    ],
    "shipped_order_history": []
}