{
    "doc_type": "user_profile",
    "personal_details": {
        "age": 17,
        "display_name": "Brandee Mast",
        "email": "Brandee.Mast@snailmail.com",
        "first_name": "Brandee",
        "last_name": "Mast",
        "state": "Ohio"
    },
    "profile_details": {
        "last_login_time": "Wed Sep  4 12:58:49 2013",
        "loyalty": {
            "friends_referred": [],
            "loyalty_score": 6.560434366924499,
            "membership_type": "Silver",
            "redeemed_points": 1422,
            "reward_points": 756
        },
        "password": "Brandee86",
        "prefs": {
            "promotion_email": false,
            "ui_language": "English",
            "ui_theme": "Ocean"
        },
        "user_creation_time": "Thu Oct 25 12:58:49 2012",
        "user_id": "Brandee_16483715"
    },
    "search_history": [
        {
            "category": "Films",
            "sub-category": [
                "Classic Films",
                "Drama",
                "Music & Musicals"
            ]
        },
        {
            "category": "Books",
            "sub-category": [
                "Humor"
            ]
        },
        {
            "category": "Music",
            "sub-category": [
                "Broadway and Vocal"
            ]
        }
    ],
    "shipped_order_history": [
        {
            "order_datetime": "Sun Mar 31 12:58:49 2013",
            "order_id": "T920129035861"
        },
        {
            "order_datetime": "Sun May 26 12:58:49 2013",
            "order_id": "T956661494328"
        },
        {
            "order_datetime": "Tue Jun 11 12:58:49 2013",
            "order_id": "T904643937421"
        }
    ]
}