{
    "doc_type": "user_profile",
    "personal_details": {
        "age": 29,
        "display_name": "Breanne Medrano",
        "email": "Breanne.Medrano@snailmail.com",
        "first_name": "Breanne",
        "last_name": "Medrano",
        "state": "New York"
    },
    "profile_details": {
        "last_login_time": "Mon Sep  2 12:58:49 2013",
        "loyalty": {
            "friends_referred": [
                "Chan_37051628",
                "Yolanda_8267586",
                "Nanette_78552761"
            ],
            "loyalty_score": 9.338949670136005,
            "membership_type": "Platinum",
            "redeemed_points": 2700,
            "reward_points": 81
        },
        "password": "Breanne91",
        "prefs": {
            "promotion_category": [
                "Books",
                "Music",
                "Films"
            ],
            "promotion_email": true,
            "ui_language": "English",
            "ui_theme": "Beach"
        },
        "user_creation_time": "Sat Jul 27 12:58:49 2013",
        "user_id": "Breanne_40003874"
    },
    "shipped_order_history": [
        {
            "order_datetime": "Sun Aug  4 12:58:49 2013",
            "order_id": "T444530919106"
        },
        {
            "order_datetime": "Fri Aug  9 12:58:49 2013",
            "order_id": "T326642692161"
        },
        {
            "order_datetime": "Mon Aug 19 12:58:49 2013",
            "order_id": "T633821181868"
        },
        {
            "order_datetime": "Wed Aug 21 12:58:49 2013",
            "order_id": "T948121701409"
        },
        {
            "order_datetime": "Thu Aug 22 12:58:49 2013",
            "order_id": "T202521122860"
        }
    ]
}