{
    "doc_type": "user_profile",
    "personal_details": {
        "age": 31,
        "display_name": "Brenton Starkey",
        "email": "Brenton.Starkey@snailmail.com",
        "first_name": "Brenton",
        "last_name": "Starkey",
        "state": "Delaware"
    },
    "profile_details": {
        "last_login_time": "Mon Apr  8 12:58:49 2013",
        "loyalty": {
            "friends_referred": [],
            "loyalty_score": 3.456606892611609,
            "membership_type": "Basic",
            "redeemed_points": 558,
            "reward_points": 729
        },
        "password": "Brenton86",
        "prefs": {
            "promotion_category": [
                "Books",
                "Music"
            ],
            "promotion_email": true,
            "ui_language": "French",
            "ui_theme": "Grafitti"
        },
        "user_creation_time": "Sat Nov 26 12:58:49 2011",
        "user_id": "Brenton_77543268"
    },
    "shipped_order_history": [
        {
            "order_datetime": "Wed Sep 19 12:58:49 2012",
            "order_id": "T246953682121"
        },
        {
            "order_datetime": "Fri Feb 10 12:58:49 2012",
            "order_id": "T429753103591"
        }
    ]
}