{
    "doc_type": "user_profile",
    "personal_details": {
        "age": 55,
        "display_name": "Brenna Lu",
        "email": "Brenna.Lu@snailmail.com",
        "first_name": "Brenna",
        "last_name": "Lu",
        "state": "Mississippi"
    },
    "profile_details": {
        "last_login_time": "Tue Aug 20 12:58:49 2013",
        "loyalty": {
            "friends_referred": [
                "Rosann_87977012",
                "Vernell_48934767",
                "Emelia_59912458"
            ],
            "loyalty_score": 9.666276236440352,
            "membership_type": "Platinum",
            "redeemed_points": 1809,
            "reward_points": 1917
        },
        "password": "Brenna24",
        "prefs": {
            "promotion_category": [
                "Books"
            ],
            "promotion_email": true,
            "ui_language": "English",
            "ui_theme": "Tree Tops"
        },
        "user_creation_time": "Wed Jan  2 12:58:49 2013",
        "user_id": "Brenna_46144130"
    },
    "search_history": [
        {
            "category": "Films",
            "sub-category": [
                "Classic Films"
            ]
        },
        {
            "category": "Books",
            "sub-category": [
                "Religion",
                "Travel"
            ]
        },
        {
            "category": "Music",
            "sub-category": [
                "Classical Music",
                "Jazz"
            ]
        }
    ],
    "shipped_order_history": []
}