{
    "doc_type": "user_profile",
    "personal_details": {
        "age": 60,
        "display_name": "Brent Waugh",
        "email": "Brent.Waugh@snailmail.com",
        "first_name": "Brent",
        "last_name": "Waugh",
        "state": "Arizona"
    },
    "profile_details": {
        "last_login_time": "Thu Aug 22 12:58:49 2013",
        "loyalty": {
            "friends_referred": [],
            "loyalty_score": 3.882698432875099,
            "membership_type": "Basic",
            "redeemed_points": 567,
            "reward_points": 342
        },
        "password": "Brent90",
        "prefs": {
            "promotion_email": false,
            "ui_language": "English",
            "ui_theme": "Tree Tops"
        },
        "user_creation_time": "Fri Mar  2 12:58:49 2012",
        "user_id": "Brent_54165413"
    },
    "search_history": [
        {
            "category": "Films",
            "sub-category": [
                "Animation"
            ]
        }
    ],
    "shipped_order_history": [
        {
            "order_datetime": "Mon Jun 10 12:58:49 2013",
            "order_id": "T315325946014"
        }
    ]
}