{
    "doc_type": "user_profile",
    "personal_details": {
        "age": 17,
        "display_name": "Briana Culp",
        "email": "Briana.Culp@snailmail.com",
        "first_name": "Briana",
        "last_name": "Culp",
        "state": "Hawaii"
    },
    "profile_details": {
        "last_login_time": "Wed Apr 10 12:58:49 2013",
        "loyalty": {
            "friends_referred": [],
            "loyalty_score": 0.9357944082392344,
            "membership_type": "Basic",
            "redeemed_points": 0,
            "reward_points": 0
        },
        "password": "Briana21",
        "prefs": {
            "promotion_email": false,
            "ui_language": "French",
            "ui_theme": "Ocean"
        },
        "user_creation_time": "Mon Oct 15 12:58:49 2012",
        "user_id": "Briana_5889629"
    },
    "search_history": [
        {
            "category": "Films",
            "sub-category": [
                "Animation",
                "Drama",
                "Music & Musicals"
            ]
        },
        {
            "category": "Books",
            "sub-category": [
                "Religion",
                "NonFiction"
            ]
        }
    ],
    "shipped_order_history": []
}