{
    "doc_type": "user_profile",
    "personal_details": {
        "age": 19,
        "display_name": "Britany Kuntz",
        "email": "Britany.Kuntz@snailmail.com",
        "first_name": "Britany",
        "last_name": "Kuntz",
        "state": "North Carolina"
    },
    "profile_details": {
        "last_login_time": "Sat Sep 14 12:58:49 2013",
        "loyalty": {
            "friends_referred": [],
            "loyalty_score": 4.224623128750704,
            "membership_type": "Silver",
            "redeemed_points": 744,
            "reward_points": 816
        },
        "password": "Britany88",
        "prefs": {
            "promotion_category": [
                "Books"
            ],
            "promotion_email": true,
            "ui_language": "French",
            "ui_theme": "Wood"
        },
        "user_creation_time": "Tue Aug  6 12:58:49 2013",
        "user_id": "Britany_56717696"
    },
    "search_history": [
        {
            "category": "Films",
            "sub-category": [
                "Foreign Films"
            ]
        }
    ],
    "shipped_order_history": []
}