{
    "doc_type": "user_profile",
    "personal_details": {
        "age": 15,
        "display_name": "Brittaney Pollard",
        "email": "Brittaney.Pollard@snailmail.com",
        "first_name": "Brittaney",
        "last_name": "Pollard",
        "state": "New York"
    },
    "profile_details": {
        "last_login_time": "Mon Sep 23 12:58:49 2013",
        "loyalty": {
            "friends_referred": [
                "Jayme_41855351",
                "Les_2056586"
            ],
            "loyalty_score": 9.167604833820782,
            "membership_type": "Platinum",
            "redeemed_points": 1485,
            "reward_points": 2430
        },
        "password": "Brittaney58",
        "prefs": {
            "promotion_email": false,
            "ui_language": "Spanish",
            "ui_theme": "Grafitti"
        },
        "user_creation_time": "Sat May 25 12:58:49 2013",
        "user_id": "Brittaney_5217271"
    },
    "search_history": [
        {
            "category": "Films",
            "sub-category": [
                "Animation",
                "Comedy",
                "Fitness / Instructional"
            ]
        },
        {
            "category": "Books",
            "sub-category": [
                "History"
            ]
        }
    ],
    "shipped_order_history": [
        {
            "order_datetime": "Sun Jun 23 12:58:49 2013",
            "order_id": "T354530359104"
        },
        {
            "order_datetime": "Sun Jul  7 12:58:49 2013",
            "order_id": "T289047031241"
        },
        {
            "order_datetime": "Mon Jul 22 12:58:49 2013",
            "order_id": "T707058159655"
        },
        {
            "order_datetime": "Sun Aug 11 12:58:49 2013",
            "order_id": "T425535085843"
        },
        {
            "order_datetime": "Fri Sep 13 12:58:49 2013",
            "order_id": "T542539255296"
        },
        {
            "order_datetime": "Sun Jul 14 12:58:49 2013",
            "order_id": "T934659173534"
        },
        {
            "order_datetime": "Thu Aug  8 12:58:49 2013",
            "order_id": "T299844776164"
        },
        {
            "order_datetime": "Fri Jul 19 12:58:49 2013",
            "order_id": "T725159415320"
        },
        {
            "order_datetime": "Sat Aug 24 12:58:49 2013",
            "order_id": "T245843886361"
        }
    ]
}