{
    "doc_type": "user_profile",
    "personal_details": {
        "age": 35,
        "display_name": "Britt Morrow",
        "email": "Britt.Morrow@snailmail.com",
        "first_name": "Britt",
        "last_name": "Morrow",
        "state": "Georgia"
    },
    "profile_details": {
        "last_login_time": "Tue Apr 30 12:58:49 2013",
        "loyalty": {
            "friends_referred": [],
            "loyalty_score": 5.137929874870574,
            "membership_type": "Silver",
            "redeemed_points": 1245,
            "reward_points": 705
        },
        "password": "Britt72",
        "prefs": {
            "promotion_email": false,
            "ui_language": "English",
            "ui_theme": "Planets"
        },
        "user_creation_time": "Sun Jan  1 12:58:49 2012",
        "user_id": "Britt_216847"
    },
    "search_history": [
        {
            "category": "Films",
            "sub-category": [
                "Animation",
                "Comedy",
                "Fitness / Instructional"
            ]
        }
    ],
    "shipped_order_history": [
        {
            "order_datetime": "Mon Sep 24 12:58:49 2012",
            "order_id": "T772364134041"
        },
        {
            "order_datetime": "Fri Feb  3 12:58:49 2012",
            "order_id": "T284750879658"
        },
        {
            "order_datetime": "Tue Jan 22 12:58:49 2013",
            "order_id": "T252067007273"
        },
        {
            "order_datetime": "Mon Jan 16 12:58:49 2012",
            "order_id": "T753720284980"
        },
        {
            "order_datetime": "Sun Aug  5 12:58:49 2012",
            "order_id": "T108755029713"
        }
    ]
}