{
    "doc_type": "user_profile",
    "personal_details": {
        "age": 33,
        "display_name": "Britteny Stump",
        "email": "Britteny.Stump@snailmail.com",
        "first_name": "Britteny",
        "last_name": "Stump",
        "state": "Florida"
    },
    "profile_details": {
        "last_login_time": "Mon Aug 19 12:58:49 2013",
        "loyalty": {
            "friends_referred": [],
            "loyalty_score": 4.58060190380539,
            "membership_type": "Silver",
            "redeemed_points": 420,
            "reward_points": 612
        },
        "password": "Britteny24",
        "prefs": {
            "promotion_email": false,
            "ui_language": "French",
            "ui_theme": "Wood"
        },
        "user_creation_time": "Wed Jul  3 12:58:49 2013",
        "user_id": "Britteny_17676517"
    },
    "search_history": [
        {
            "category": "Films",
            "sub-category": [
                "Foreign Films"
            ]
        },
        {
            "category": "Books",
            "sub-category": [
                "History",
                "Medicine",
                "Home & Garden"
            ]
        },
        {
            "category": "Music",
            "sub-category": [
                "Blues and Folk",
                "Jazz"
            ]
        }
    ],
    "shipped_order_history": [
        {
            "order_datetime": "Sat Aug 10 12:58:49 2013",
            "order_id": "T126053061698"
        }
    ]
}