{
    "doc_type": "user_profile",
    "personal_details": {
        "age": 41,
        "display_name": "Bruna Feeney",
        "email": "Bruna.Feeney@snailmail.com",
        "first_name": "Bruna",
        "last_name": "Feeney",
        "state": "Louisiana"
    },
    "profile_details": {
        "last_login_time": "Wed Dec 26 12:58:49 2012",
        "loyalty": {
            "friends_referred": [
                "Randal_56044021"
            ],
            "loyalty_score": 6.526335375036277,
            "membership_type": "Silver",
            "redeemed_points": 54,
            "reward_points": 648
        },
        "password": "Bruna86",
        "prefs": {
            "promotion_category": [
                "Books",
                "Music",
                "Films"
            ],
            "promotion_email": true,
            "ui_language": "English",
            "ui_theme": "Grafitti"
        },
        "user_creation_time": "Tue Nov 15 12:58:49 2011",
        "user_id": "Bruna_76916737"
    },
    "search_history": [
        {
            "category": "Films",
            "sub-category": [
                "Foreign Films",
                "Comedy",
                "Music & Musicals"
            ]
        },
        {
            "category": "Books",
            "sub-category": [
                "Religion"
            ]
        },
        {
            "category": "Music",
            "sub-category": [
                "Blues and Folk",
                "Kid's Music",
                "Opera and Vocal"
            ]
        }
    ],
    "shipped_order_history": []
}