{
    "doc_type": "user_profile",
    "personal_details": {
        "age": 51,
        "display_name": "Bruna Godwin",
        "email": "Bruna.Godwin@snailmail.com",
        "first_name": "Bruna",
        "last_name": "Godwin",
        "state": "Virginia"
    },
    "profile_details": {
        "last_login_time": "Mon Jun 11 12:58:49 2012",
        "loyalty": {
            "friends_referred": [],
            "loyalty_score": 2.1157992075871537,
            "membership_type": "Basic",
            "redeemed_points": 462,
            "reward_points": 522
        },
        "password": "Bruna95",
        "prefs": {
            "promotion_category": [
                "Books",
                "Music",
                "Films"
            ],
            "promotion_email": true,
            "ui_language": "English",
            "ui_theme": "Beach"
        },
        "user_creation_time": "Fri Feb 18 12:58:49 2011",
        "user_id": "Bruna_51664932"
    },
    "search_history": [
        {
            "category": "Films",
            "sub-category": [
                "Foreign Films",
                "Documentary",
                "Fitness / Instructional"
            ]
        },
        {
            "category": "Books",
            "sub-category": [
                "Religion",
                "Travel",
                "Sports & Adventure"
            ]
        }
    ],
    "shipped_order_history": [
        {
            "order_datetime": "Thu Jun  7 12:58:49 2012",
            "order_id": "T332833463848"
        }
    ]
}