{
    "doc_type": "user_profile",
    "personal_details": {
        "age": 30,
        "display_name": "Bryan Shoemaker",
        "email": "Bryan.Shoemaker@snailmail.com",
        "first_name": "Bryan",
        "last_name": "Shoemaker",
        "state": "Alabama"
    },
    "profile_details": {
        "last_login_time": "Tue Mar 12 12:58:49 2013",
        "loyalty": {
            "friends_referred": [
                "Jacki_26512373"
            ],
            "loyalty_score": 6.890310142821967,
            "membership_type": "Silver",
            "redeemed_points": 1044,
            "reward_points": 702
        },
        "password": "Bryan90",
        "prefs": {
            "promotion_category": [
                "Books",
                "Music",
                "Films"
            ],
            "promotion_email": true,
            "ui_language": "French",
            "ui_theme": "Ocean"
        },
        "user_creation_time": "Wed Dec 28 12:58:49 2011",
        "user_id": "Bryan_23612133"
    },
    "search_history": [
        {
            "category": "Films",
            "sub-category": [
                "Classic Films",
                "Comedy",
                "Music & Musicals"
            ]
        }
    ],
    "shipped_order_history": [
        {
            "order_datetime": "Thu Jun 14 12:58:49 2012",
            "order_id": "T422642819683"
        },
        {
            "order_datetime": "Wed Feb 15 12:58:49 2012",
            "order_id": "T467436828648"
        }
    ]
}