{
    "doc_type": "user_profile",
    "personal_details": {
        "age": 28,
        "display_name": "Callie Rankin",
        "email": "Callie.Rankin@snailmail.com",
        "first_name": "Callie",
        "last_name": "Rankin",
        "state": "Oklahoma"
    },
    "profile_details": {
        "last_login_time": "Tue Sep 24 12:58:49 2013",
        "loyalty": {
            "friends_referred": [],
            "loyalty_score": 0.32885710627801323,
            "membership_type": "Basic",
            "redeemed_points": 0,
            "reward_points": 0
        },
        "password": "Callie15",
        "prefs": {
            "promotion_email": false,
            "ui_language": "Spanish",
            "ui_theme": "Mountains"
        },
        "user_creation_time": "Thu Apr 12 12:58:49 2012",
        "user_id": "Callie_21606287"
    },
    "search_history": [
        {
            "category": "Films",
            "sub-category": [
                "Animation",
                "Documentary"
            ]
        },
        {
            "category": "Books",
            "sub-category": [
                "History",
                "NonFiction",
                "Diet & Health"
            ]
        },
        {
            "category": "Music",
            "sub-category": [
                "Classical Music",
                "Kid's Music"
            ]
        }
    ],
    "shipped_order_history": []
}