{
    "doc_type": "user_profile",
    "personal_details": {
        "age": 55,
        "display_name": "Cami Carter",
        "email": "Cami.Carter@snailmail.com",
        "first_name": "Cami",
        "last_name": "Carter",
        "state": "Nebraska"
    },
    "profile_details": {
        "last_login_time": "Sun Jul 14 12:58:49 2013",
        "loyalty": {
            "friends_referred": [],
            "loyalty_score": 2.8844551730767467,
            "membership_type": "Basic",
            "redeemed_points": 102,
            "reward_points": 186
        },
        "password": "Cami24",
        "prefs": {
            "promotion_email": false,
            "ui_language": "English",
            "ui_theme": "Tree Tops"
        },
        "user_creation_time": "Tue Mar 22 12:58:49 2011",
        "user_id": "Cami_7964313"
    },
    "search_history": [
        {
            "category": "Films",
            "sub-category": [
                "Classic Films"
            ]
        }
    ],
    "shipped_order_history": []
}