{
    "doc_type": "user_profile",
    "personal_details": {
        "age": 51,
        "display_name": "Camille Weinstein",
        "email": "Camille.Weinstein@snailmail.com",
        "first_name": "Camille",
        "last_name": "Weinstein",
        "state": "Indiana"
    },
    "profile_details": {
        "last_login_time": "Fri Apr  5 12:58:49 2013",
        "loyalty": {
            "friends_referred": [],
            "loyalty_score": 0.4055798192458404,
            "membership_type": "Basic",
            "redeemed_points": 0,
            "reward_points": 0
        },
        "password": "Camille86",
        "prefs": {
            "promotion_category": [
                "Books",
                "Music",
                "Films"
            ],
            "promotion_email": true,
            "ui_language": "French",
            "ui_theme": "Mountains"
        },
        "user_creation_time": "Sun May 20 12:58:49 2012",
        "user_id": "Camille_69988470"
    },
    "search_history": [
        {
            "category": "Films",
            "sub-category": [
                "Foreign Films",
                "Drama",
                "Fitness / Instructional"
            ]
        },
        {
            "category": "Books",
            "sub-category": [
                "Religion",
                "NonFiction",
                "Diet & Health"
            ]
        }
    ],
    "shipped_order_history": []
}