{
    "doc_type": "user_profile",
    "personal_details": {
        "age": 25,
        "display_name": "Cammie Potter",
        "email": "Cammie.Potter@snailmail.com",
        "first_name": "Cammie",
        "last_name": "Potter",
        "state": "Idaho"
    },
    "profile_details": {
        "last_login_time": "Wed Sep 25 12:58:49 2013",
        "loyalty": {
            "friends_referred": [],
            "loyalty_score": 1.8959663354067358,
            "membership_type": "Basic",
            "redeemed_points": 135,
            "reward_points": 192
        },
        "password": "Cammie80",
        "prefs": {
            "promotion_category": [
                "Books"
            ],
            "promotion_email": true,
            "ui_language": "German",
            "ui_theme": "Pebbles"
        },
        "user_creation_time": "Wed May  1 12:58:49 2013",
        "user_id": "Cammie_82003302"
    },
    "search_history": [
        {
            "category": "Films",
            "sub-category": [
                "Classic Films"
            ]
        }
    ],
    "shipped_order_history": [
        {
            "order_datetime": "Wed Jun 19 12:58:49 2013",
            "order_id": "T326642514913"
        }
    ]
}