{
    "doc_type": "user_profile",
    "personal_details": {
        "age": 33,
        "display_name": "Candida Wallis",
        "email": "Candida.Wallis@snailmail.com",
        "first_name": "Candida",
        "last_name": "Wallis",
        "state": "Arizona"
    },
    "profile_details": {
        "last_login_time": "Sat Feb  2 12:58:49 2013",
        "loyalty": {
            "friends_referred": [],
            "loyalty_score": 5.358893768516322,
            "membership_type": "Silver",
            "redeemed_points": 1170,
            "reward_points": 30
        },
        "password": "Candida31",
        "prefs": {
            "promotion_email": false,
            "ui_language": "French",
            "ui_theme": "Mountains"
        },
        "user_creation_time": "Sun Aug  7 12:58:49 2011",
        "user_id": "Candida_99687301"
    },
    "search_history": [
        {
            "category": "Films",
            "sub-category": [
                "Classic Films"
            ]
        },
        {
            "category": "Books",
            "sub-category": [
                "Humor"
            ]
        }
    ],
    "shipped_order_history": [
        {
            "order_datetime": "Mon Jan  2 12:58:49 2012",
            "order_id": "T896152129129"
        },
        {
            "order_datetime": "Tue Mar 20 12:58:49 2012",
            "order_id": "T708760669095"
        },
        {
            "order_datetime": "Mon Dec 19 12:58:49 2011",
            "order_id": "T784851315357"
        },
        {
            "order_datetime": "Tue Jan  1 12:58:49 2013",
            "order_id": "T911153628350"
        }
    ]
}