{
    "doc_type": "user_profile",
    "personal_details": {
        "age": 45,
        "display_name": "Carey Schilling",
        "email": "Carey.Schilling@snailmail.com",
        "first_name": "Carey",
        "last_name": "Schilling",
        "state": "New York"
    },
    "profile_details": {
        "last_login_time": "Mon Aug  5 12:58:49 2013",
        "loyalty": {
            "friends_referred": [],
            "loyalty_score": 5.92647020438056,
            "membership_type": "Silver",
            "redeemed_points": 210,
            "reward_points": 690
        },
        "password": "Carey91",
        "prefs": {
            "promotion_category": [
                "Books",
                "Music",
                "Films"
            ],
            "promotion_email": true,
            "ui_language": "German",
            "ui_theme": "Mountains"
        },
        "user_creation_time": "Fri Apr  5 12:58:49 2013",
        "user_id": "Carey_37854831"
    },
    "search_history": [
        {
            "category": "Films",
            "sub-category": [
                "Foreign Films",
                "Documentary"
            ]
        }
    ],
    "shipped_order_history": [
        {
            "order_datetime": "Thu Jul 18 12:58:49 2013",
            "order_id": "T867668072062"
        }
    ]
}