{
    "doc_type": "user_profile",
    "personal_details": {
        "age": 26,
        "display_name": "Carlos Shephard",
        "email": "Carlos.Shephard@snailmail.com",
        "first_name": "Carlos",
        "last_name": "Shephard",
        "state": "Ohio"
    },
    "profile_details": {
        "last_login_time": "Sat Jul 27 12:58:49 2013",
        "loyalty": {
            "friends_referred": [],
            "loyalty_score": 6.085454651878682,
            "membership_type": "Silver",
            "redeemed_points": 1566,
            "reward_points": 414
        },
        "password": "Carlos67",
        "prefs": {
            "promotion_category": [
                "Books",
                "Music",
                "Films"
            ],
            "promotion_email": true,
            "ui_language": "French",
            "ui_theme": "Pebbles"
        },
        "user_creation_time": "Sun Nov 20 12:58:49 2011",
        "user_id": "Carlos_80462943"
    },
    "search_history": [
        {
            "category": "Films",
            "sub-category": [
                "Classic Films",
                "Comedy"
            ]
        },
        {
            "category": "Books",
            "sub-category": [
                "Humor",
                "NonFiction",
                "Home & Garden"
            ]
        }
    ],
    "shipped_order_history": [
        {
            "order_datetime": "Tue Feb 21 12:58:49 2012",
            "order_id": "T112232111772"
        },
        {
            "order_datetime": "Mon Dec 19 12:58:49 2011",
            "order_id": "T439168553971"
        },
        {
            "order_datetime": "Thu May  3 12:58:49 2012",
            "order_id": "T940851925460"
        },
        {
            "order_datetime": "Mon Mar 19 12:58:49 2012",
            "order_id": "T384926794083"
        },
        {
            "order_datetime": "Thu Mar  8 12:58:49 2012",
            "order_id": "T709261632769"
        }
    ]
}