{
    "doc_type": "user_profile",
    "personal_details": {
        "age": 55,
        "display_name": "Carla Oswald",
        "email": "Carla.Oswald@snailmail.com",
        "first_name": "Carla",
        "last_name": "Oswald",
        "state": "California"
    },
    "profile_details": {
        "last_login_time": "Mon Sep  2 12:58:49 2013",
        "loyalty": {
            "friends_referred": [],
            "loyalty_score": 4.709317910100711,
            "membership_type": "Silver",
            "redeemed_points": 24,
            "reward_points": 1032
        },
        "password": "Carla52",
        "prefs": {
            "promotion_category": [
                "Books",
                "Music",
                "Films"
            ],
            "promotion_email": true,
            "ui_language": "Spanish",
            "ui_theme": "Ocean"
        },
        "user_creation_time": "Thu Nov 15 12:58:49 2012",
        "user_id": "Carla_35969676"
    },
    "search_history": [
        {
            "category": "Films",
            "sub-category": [
                "Classic Films",
                "Documentary"
            ]
        },
        {
            "category": "Books",
            "sub-category": [
                "History"
            ]
        }
    ],
    "shipped_order_history": [
        {
            "order_datetime": "Sat Feb  9 12:58:49 2013",
            "order_id": "T677920978560"
        }
    ]
}