{
    "doc_type": "user_profile",
    "personal_details": {
        "age": 49,
        "display_name": "Carlos Knutson",
        "email": "Carlos.Knutson@snailmail.com",
        "first_name": "Carlos",
        "last_name": "Knutson",
        "state": "California"
    },
    "profile_details": {
        "last_login_time": "Sat Aug 17 12:58:49 2013",
        "loyalty": {
            "friends_referred": [],
            "loyalty_score": 6.438989751345892,
            "membership_type": "Silver",
            "redeemed_points": 1080,
            "reward_points": 360
        },
        "password": "Carlos98",
        "prefs": {
            "promotion_email": false,
            "ui_language": "Spanish",
            "ui_theme": "Beach"
        },
        "user_creation_time": "Tue Apr  9 12:58:49 2013",
        "user_id": "Carlos_68771275"
    },
    "search_history": [
        {
            "category": "Films",
            "sub-category": [
                "Animation"
            ]
        }
    ],
    "shipped_order_history": [
        {
            "order_datetime": "Sun Jul 21 12:58:49 2013",
            "order_id": "T445560588463"
        },
        {
            "order_datetime": "Wed May  1 12:58:49 2013",
            "order_id": "T636027976207"
        },
        {
            "order_datetime": "Sat Jun 29 12:58:49 2013",
            "order_id": "T725663501603"
        },
        {
            "order_datetime": "Tue Jul  9 12:58:49 2013",
            "order_id": "T778952326200"
        },
        {
            "order_datetime": "Sun Jul 28 12:58:49 2013",
            "order_id": "T188527646475"
        },
        {
            "order_datetime": "Thu Aug  1 12:58:49 2013",
            "order_id": "T356437183539"
        }
    ]
}