{
    "doc_type": "user_profile",
    "personal_details": {
        "age": 59,
        "display_name": "Carlee Hatton",
        "email": "Carlee.Hatton@snailmail.com",
        "first_name": "Carlee",
        "last_name": "Hatton",
        "state": "Indiana"
    },
    "profile_details": {
        "last_login_time": "Thu Aug  8 12:58:49 2013",
        "loyalty": {
            "friends_referred": [],
            "loyalty_score": 2.4196126041699473,
            "membership_type": "Basic",
            "redeemed_points": 36,
            "reward_points": 438
        },
        "password": "Carlee35",
        "prefs": {
            "promotion_category": [
                "Books",
                "Music"
            ],
            "promotion_email": true,
            "ui_language": "Spanish",
            "ui_theme": "Pebbles"
        },
        "user_creation_time": "Sat Apr 14 12:58:49 2012",
        "user_id": "Carlee_15826052"
    },
    "search_history": [
        {
            "category": "Films",
            "sub-category": [
                "Foreign Films"
            ]
        }
    ],
    "shipped_order_history": [
        {
            "order_datetime": "Fri May  4 12:58:49 2012",
            "order_id": "T929143498628"
        },
        {
            "order_datetime": "Fri Apr 19 12:58:49 2013",
            "order_id": "T108621647607"
        }
    ]
}