{
    "doc_type": "user_profile",
    "personal_details": {
        "age": 39,
        "display_name": "Carline Haase",
        "email": "Carline.Haase@snailmail.com",
        "first_name": "Carline",
        "last_name": "Haase",
        "state": "Maine"
    },
    "profile_details": {
        "last_login_time": "Sat Feb  2 12:58:49 2013",
        "loyalty": {
            "friends_referred": [],
            "loyalty_score": 7.562515197855562,
            "membership_type": "Gold",
            "redeemed_points": 1701,
            "reward_points": 1344
        },
        "password": "Carline75",
        "prefs": {
            "promotion_email": false,
            "ui_language": "German",
            "ui_theme": "Mountains"
        },
        "user_creation_time": "Fri Feb 11 12:58:49 2011",
        "user_id": "Carline_63423212"
    },
    "shipped_order_history": [
        {
            "order_datetime": "Tue May  3 12:58:49 2011",
            "order_id": "T756536232698"
        },
        {
            "order_datetime": "Sun Dec  2 12:58:49 2012",
            "order_id": "T678232857591"
        },
        {
            "order_datetime": "Mon Aug 22 12:58:49 2011",
            "order_id": "T352948677452"
        },
        {
            "order_datetime": "Thu May  5 12:58:49 2011",
            "order_id": "T479865869574"
        },
        {
            "order_datetime": "Tue Jul 17 12:58:49 2012",
            "order_id": "T435652495282"
        }
    ]
}