{
    "doc_type": "user_profile",
    "personal_details": {
        "age": 53,
        "display_name": "Carlton Arthur",
        "email": "Carlton.Arthur@snailmail.com",
        "first_name": "Carlton",
        "last_name": "Arthur",
        "state": "Utah"
    },
    "profile_details": {
        "last_login_time": "Thu Aug 15 12:58:49 2013",
        "loyalty": {
            "friends_referred": [],
            "loyalty_score": 3.375909157171637,
            "membership_type": "Basic",
            "redeemed_points": 468,
            "reward_points": 657
        },
        "password": "Carlton18",
        "prefs": {
            "promotion_email": false,
            "ui_language": "English",
            "ui_theme": "Tree Tops"
        },
        "user_creation_time": "Wed May  9 12:58:49 2012",
        "user_id": "Carlton_34037682"
    },
    "search_history": [
        {
            "category": "Films",
            "sub-category": [
                "Animation",
                "Documentary",
                "Fitness / Instructional"
            ]
        },
        {
            "category": "Books",
            "sub-category": [
                "Humor",
                "Medicine"
            ]
        },
        {
            "category": "Music",
            "sub-category": [
                "Classical Music",
                "Country Music",
                "Opera and Vocal"
            ]
        }
    ],
    "shipped_order_history": []
}