{
    "doc_type": "user_profile",
    "personal_details": {
        "age": 50,
        "display_name": "Carmina Briggs",
        "email": "Carmina.Briggs@snailmail.com",
        "first_name": "Carmina",
        "last_name": "Briggs",
        "state": "Mississippi"
    },
    "profile_details": {
        "last_login_time": "Fri Aug 30 12:58:49 2013",
        "loyalty": {
            "friends_referred": [],
            "loyalty_score": 8.57940416136352,
            "membership_type": "Gold",
            "redeemed_points": 792,
            "reward_points": 1296
        },
        "password": "Carmina14",
        "prefs": {
            "promotion_email": false,
            "ui_language": "English",
            "ui_theme": "Grafitti"
        },
        "user_creation_time": "Wed Jul 25 12:58:49 2012",
        "user_id": "Carmina_36923940"
    },
    "shipped_order_history": [
        {
            "order_datetime": "Sun Mar 24 12:58:49 2013",
            "order_id": "T504927439165"
        },
        {
            "order_datetime": "Thu Feb 14 12:58:49 2013",
            "order_id": "T750029896566"
        },
        {
            "order_datetime": "Fri Sep  7 12:58:49 2012",
            "order_id": "T385338169871"
        },
        {
            "order_datetime": "Fri Apr 26 12:58:49 2013",
            "order_id": "T623141643228"
        },
        {
            "order_datetime": "Fri Apr 26 12:58:49 2013",
            "order_id": "T908658049916"
        },
        {
            "order_datetime": "Sun Jan 13 12:58:49 2013",
            "order_id": "T259920148586"
        }
    ]
}