{
    "doc_type": "user_profile",
    "personal_details": {
        "age": 58,
        "display_name": "Carma Lombardo",
        "email": "Carma.Lombardo@snailmail.com",
        "first_name": "Carma",
        "last_name": "Lombardo",
        "state": "California"
    },
    "profile_details": {
        "last_login_time": "Thu May 30 12:58:49 2013",
        "loyalty": {
            "friends_referred": [],
            "loyalty_score": 5.7589286867885185,
            "membership_type": "Silver",
            "redeemed_points": 90,
            "reward_points": 1320
        },
        "password": "Carma32",
        "prefs": {
            "promotion_email": false,
            "ui_language": "English",
            "ui_theme": "Wood"
        },
        "user_creation_time": "Mon Apr 23 12:58:49 2012",
        "user_id": "Carma_55165866"
    },
    "search_history": [
        {
            "category": "Films",
            "sub-category": [
                "Animation",
                "Drama"
            ]
        }
    ],
    "shipped_order_history": [
        {
            "order_datetime": "Wed Oct  3 12:58:49 2012",
            "order_id": "T309757073752"
        },
        {
            "order_datetime": "Wed Jun 20 12:58:49 2012",
            "order_id": "T150067455406"
        },
        {
            "order_datetime": "Mon Mar  4 12:58:49 2013",
            "order_id": "T771851858417"
        },
        {
            "order_datetime": "Tue Aug 21 12:58:49 2012",
            "order_id": "T177926197771"
        },
        {
            "order_datetime": "Thu Jul 26 12:58:49 2012",
            "order_id": "T368265814979"
        }
    ]
}