{
    "doc_type": "user_profile",
    "personal_details": {
        "age": 53,
        "display_name": "Carmelo Fay",
        "email": "Carmelo.Fay@snailmail.com",
        "first_name": "Carmelo",
        "last_name": "Fay",
        "state": "Idaho"
    },
    "profile_details": {
        "last_login_time": "Thu Feb 14 12:58:49 2013",
        "loyalty": {
            "friends_referred": [
                "Jackelyn_19627860"
            ],
            "loyalty_score": 6.338103205047348,
            "membership_type": "Silver",
            "redeemed_points": 810,
            "reward_points": 54
        },
        "password": "Carmelo79",
        "prefs": {
            "promotion_email": false,
            "ui_language": "Spanish",
            "ui_theme": "Pebbles"
        },
        "user_creation_time": "Sun Dec  4 12:58:49 2011",
        "user_id": "Carmelo_90515535"
    },
    "search_history": [
        {
            "category": "Films",
            "sub-category": [
                "Classic Films",
                "Drama",
                "Sci-Fi, Fantasy & Horror"
            ]
        },
        {
            "category": "Books",
            "sub-category": [
                "Humor"
            ]
        }
    ],
    "shipped_order_history": [
        {
            "order_datetime": "Wed Sep 19 12:58:49 2012",
            "order_id": "T905127071471"
        },
        {
            "order_datetime": "Wed Dec  5 12:58:49 2012",
            "order_id": "T881158206540"
        },
        {
            "order_datetime": "Sun Apr  8 12:58:49 2012",
            "order_id": "T758042117076"
        },
        {
            "order_datetime": "Mon Dec 17 12:58:49 2012",
            "order_id": "T960041867524"
        }
    ]
}