{
    "doc_type": "user_profile",
    "personal_details": {
        "age": 45,
        "display_name": "Caroll Rounds",
        "email": "Caroll.Rounds@snailmail.com",
        "first_name": "Caroll",
        "last_name": "Rounds",
        "state": "Tennessee"
    },
    "profile_details": {
        "last_login_time": "Sat Aug 24 12:58:49 2013",
        "loyalty": {
            "friends_referred": [],
            "loyalty_score": 2.209549198507835,
            "membership_type": "Basic",
            "redeemed_points": 384,
            "reward_points": 174
        },
        "password": "Caroll99",
        "prefs": {
            "promotion_email": false,
            "ui_language": "French",
            "ui_theme": "Grafitti"
        },
        "user_creation_time": "Sun Apr 21 12:58:49 2013",
        "user_id": "Caroll_3955363"
    },
    "shipped_order_history": [
        {
            "order_datetime": "Fri Jun 14 12:58:49 2013",
            "order_id": "T418160201624"
        },
        {
            "order_datetime": "Thu Jun 27 12:58:49 2013",
            "order_id": "T550337227662"
        }
    ]
}