{
    "doc_type": "user_profile",
    "personal_details": {
        "age": 47,
        "display_name": "Carolynn Mcmullin",
        "email": "Carolynn.Mcmullin@snailmail.com",
        "first_name": "Carolynn",
        "last_name": "Mcmullin",
        "state": "Texas"
    },
    "profile_details": {
        "last_login_time": "Sun Aug 25 12:58:49 2013",
        "loyalty": {
            "friends_referred": [],
            "loyalty_score": 6.72533616700991,
            "membership_type": "Silver",
            "redeemed_points": 306,
            "reward_points": 702
        },
        "password": "Carolynn76",
        "prefs": {
            "promotion_category": [
                "Books",
                "Music"
            ],
            "promotion_email": true,
            "ui_language": "Spanish",
            "ui_theme": "Grafitti"
        },
        "user_creation_time": "Mon Sep  3 12:58:49 2012",
        "user_id": "Carolynn_4949446"
    },
    "search_history": [
        {
            "category": "Films",
            "sub-category": [
                "Animation"
            ]
        }
    ],
    "shipped_order_history": [
        {
            "order_datetime": "Tue Mar 26 12:58:49 2013",
            "order_id": "T630941635995"
        },
        {
            "order_datetime": "Mon Nov 26 12:58:49 2012",
            "order_id": "T856356454490"
        },
        {
            "order_datetime": "Fri Oct  5 12:58:49 2012",
            "order_id": "T298168928439"
        }
    ]
}