{
    "doc_type": "user_profile",
    "personal_details": {
        "age": 27,
        "display_name": "Carrie Courtney",
        "email": "Carrie.Courtney@snailmail.com",
        "first_name": "Carrie",
        "last_name": "Courtney",
        "state": "New York"
    },
    "profile_details": {
        "last_login_time": "Fri Jun 28 12:58:49 2013",
        "loyalty": {
            "friends_referred": [],
            "loyalty_score": 2.2696801626362797,
            "membership_type": "Basic",
            "redeemed_points": 132,
            "reward_points": 264
        },
        "password": "Carrie59",
        "prefs": {
            "promotion_category": [
                "Books",
                "Music",
                "Films"
            ],
            "promotion_email": true,
            "ui_language": "German",
            "ui_theme": "Wood"
        },
        "user_creation_time": "Thu Feb  2 12:58:49 2012",
        "user_id": "Carrie_49285375"
    },
    "search_history": [
        {
            "category": "Films",
            "sub-category": [
                "Classic Films",
                "Documentary"
            ]
        }
    ],
    "shipped_order_history": [
        {
            "order_datetime": "Thu Aug 16 12:58:49 2012",
            "order_id": "T303165608699"
        }
    ]
}