{
    "doc_type": "user_profile",
    "personal_details": {
        "age": 37,
        "display_name": "Carroll Hinds",
        "email": "Carroll.Hinds@snailmail.com",
        "first_name": "Carroll",
        "last_name": "Hinds",
        "state": "Massachusetts"
    },
    "profile_details": {
        "last_login_time": "Fri Sep  6 12:58:49 2013",
        "loyalty": {
            "friends_referred": [
                "Antone_24723855",
                "Toby_36205440"
            ],
            "loyalty_score": 8.026154084648182,
            "membership_type": "Gold",
            "redeemed_points": 936,
            "reward_points": 1872
        },
        "password": "Carroll84",
        "prefs": {
            "promotion_email": false,
            "ui_language": "English",
            "ui_theme": "Planets"
        },
        "user_creation_time": "Sun Jun 24 12:58:49 2012",
        "user_id": "Carroll_57531896"
    },
    "search_history": [
        {
            "category": "Films",
            "sub-category": [
                "Foreign Films"
            ]
        },
        {
            "category": "Books",
            "sub-category": [
                "Humor",
                "Medicine"
            ]
        }
    ],
    "shipped_order_history": [
        {
            "order_datetime": "Thu Jun 27 12:58:49 2013",
            "order_id": "T245066272936"
        },
        {
            "order_datetime": "Sun Jan 20 12:58:49 2013",
            "order_id": "T776951598088"
        },
        {
            "order_datetime": "Fri Dec 28 12:58:49 2012",
            "order_id": "T766758876491"
        },
        {
            "order_datetime": "Fri Dec 14 12:58:49 2012",
            "order_id": "T858826012932"
        },
        {
            "order_datetime": "Sun Feb 24 12:58:49 2013",
            "order_id": "T932533259398"
        }
    ]
}