{
    "doc_type": "user_profile",
    "personal_details": {
        "age": 39,
        "display_name": "Carroll Brody",
        "email": "Carroll.Brody@snailmail.com",
        "first_name": "Carroll",
        "last_name": "Brody",
        "state": "Oklahoma"
    },
    "profile_details": {
        "last_login_time": "Thu Jul 19 12:58:49 2012",
        "loyalty": {
            "friends_referred": [
                "Warner_19164716"
            ],
            "loyalty_score": 6.326817592282597,
            "membership_type": "Silver",
            "redeemed_points": 180,
            "reward_points": 954
        },
        "password": "Carroll32",
        "prefs": {
            "promotion_email": false,
            "ui_language": "French",
            "ui_theme": "Ocean"
        },
        "user_creation_time": "Tue Mar  8 12:58:49 2011",
        "user_id": "Carroll_34643761"
    },
    "search_history": [
        {
            "category": "Films",
            "sub-category": [
                "Animation"
            ]
        },
        {
            "category": "Books",
            "sub-category": [
                "Religion",
                "NonFiction",
                "Diet & Health"
            ]
        },
        {
            "category": "Music",
            "sub-category": [
                "Classical Music",
                "Jazz",
                "New Age"
            ]
        }
    ],
    "shipped_order_history": [
        {
            "order_datetime": "Tue May  8 12:58:49 2012",
            "order_id": "T597543032065"
        },
        {
            "order_datetime": "Sat Mar 17 12:58:49 2012",
            "order_id": "T669736076947"
        }
    ]
}