{
    "doc_type": "user_profile",
    "personal_details": {
        "age": 16,
        "display_name": "Carylon Knowles",
        "email": "Carylon.Knowles@snailmail.com",
        "first_name": "Carylon",
        "last_name": "Knowles",
        "state": "New York"
    },
    "profile_details": {
        "last_login_time": "Thu Jul  4 12:58:49 2013",
        "loyalty": {
            "friends_referred": [
                "Gita_39379513"
            ],
            "loyalty_score": 6.440115356966433,
            "membership_type": "Silver",
            "redeemed_points": 1314,
            "reward_points": 1296
        },
        "password": "Carylon25",
        "prefs": {
            "promotion_email": false,
            "ui_language": "German",
            "ui_theme": "Mountains"
        },
        "user_creation_time": "Sun Feb  5 12:58:49 2012",
        "user_id": "Carylon_1208805"
    },
    "search_history": [
        {
            "category": "Films",
            "sub-category": [
                "Foreign Films",
                "Documentary"
            ]
        },
        {
            "category": "Books",
            "sub-category": [
                "Humor"
            ]
        }
    ],
    "shipped_order_history": []
}