{
    "doc_type": "user_profile",
    "personal_details": {
        "age": 49,
        "display_name": "Casey Chapman",
        "email": "Casey.Chapman@snailmail.com",
        "first_name": "Casey",
        "last_name": "Chapman",
        "state": "New Mexico"
    },
    "profile_details": {
        "last_login_time": "Sat Jun 15 12:58:49 2013",
        "loyalty": {
            "friends_referred": [
                "Ardelia_91499701"
            ],
            "loyalty_score": 6.991706946717727,
            "membership_type": "Silver",
            "redeemed_points": 1152,
            "reward_points": 1404
        },
        "password": "Casey58",
        "prefs": {
            "promotion_email": false,
            "ui_language": "Spanish",
            "ui_theme": "Grafitti"
        },
        "user_creation_time": "Wed Jul 11 12:58:49 2012",
        "user_id": "Casey_50744697"
    },
    "search_history": [
        {
            "category": "Films",
            "sub-category": [
                "Classic Films",
                "Drama"
            ]
        }
    ],
    "shipped_order_history": [
        {
            "order_datetime": "Tue Mar 19 12:58:49 2013",
            "order_id": "T454164285594"
        },
        {
            "order_datetime": "Sat Oct 13 12:58:49 2012",
            "order_id": "T627433633849"
        }
    ]
}