{
    "doc_type": "user_profile",
    "personal_details": {
        "age": 29,
        "display_name": "Casimira Willett",
        "email": "Casimira.Willett@snailmail.com",
        "first_name": "Casimira",
        "last_name": "Willett",
        "state": "Nebraska"
    },
    "profile_details": {
        "last_login_time": "Wed Sep 25 12:58:49 2013",
        "loyalty": {
            "friends_referred": [],
            "loyalty_score": 6.439419672148362,
            "membership_type": "Silver",
            "redeemed_points": 1188,
            "reward_points": 648
        },
        "password": "Casimira60",
        "prefs": {
            "promotion_category": [
                "Books",
                "Music",
                "Films"
            ],
            "promotion_email": true,
            "ui_language": "German",
            "ui_theme": "Wood"
        },
        "user_creation_time": "Wed Sep 18 12:58:49 2013",
        "user_id": "Casimira_89781514"
    },
    "search_history": [
        {
            "category": "Films",
            "sub-category": [
                "Foreign Films",
                "Documentary",
                "Fitness / Instructional"
            ]
        },
        {
            "category": "Books",
            "sub-category": [
                "Religion",
                "Travel"
            ]
        }
    ],
    "shipped_order_history": []
}