{
    "doc_type": "user_profile",
    "personal_details": {
        "age": 37,
        "display_name": "Cassey Martz",
        "email": "Cassey.Martz@snailmail.com",
        "first_name": "Cassey",
        "last_name": "Martz",
        "state": "Idaho"
    },
    "profile_details": {
        "last_login_time": "Sat Jun 29 12:58:49 2013",
        "loyalty": {
            "friends_referred": [
                "Young_32947788"
            ],
            "loyalty_score": 8.458138396820306,
            "membership_type": "Gold",
            "redeemed_points": 1008,
            "reward_points": 240
        },
        "password": "Cassey93",
        "prefs": {
            "promotion_email": false,
            "ui_language": "French",
            "ui_theme": "Ocean"
        },
        "user_creation_time": "Fri Dec  7 12:58:49 2012",
        "user_id": "Cassey_26295754"
    },
    "search_history": [
        {
            "category": "Films",
            "sub-category": [
                "Classic Films",
                "Comedy",
                "Sci-Fi, Fantasy & Horror"
            ]
        }
    ],
    "shipped_order_history": [
        {
            "order_datetime": "Thu Apr  4 12:58:49 2013",
            "order_id": "T207635366362"
        },
        {
            "order_datetime": "Thu Jan 31 12:58:49 2013",
            "order_id": "T273738392081"
        },
        {
            "order_datetime": "Fri Jan 18 12:58:49 2013",
            "order_id": "T840652002089"
        },
        {
            "order_datetime": "Thu Jan  3 12:58:49 2013",
            "order_id": "T436967696628"
        },
        {
            "order_datetime": "Wed May 22 12:58:49 2013",
            "order_id": "T583852721854"
        }
    ]
}