{
    "doc_type": "user_profile",
    "personal_details": {
        "age": 40,
        "display_name": "Catarina Metzler",
        "email": "Catarina.Metzler@snailmail.com",
        "first_name": "Catarina",
        "last_name": "Metzler",
        "state": "Alaska"
    },
    "profile_details": {
        "last_login_time": "Thu May  9 12:58:49 2013",
        "loyalty": {
            "friends_referred": [
                "Ronald_28021989",
                "Devon_63134803"
            ],
            "loyalty_score": 7.097189110209007,
            "membership_type": "Gold",
            "redeemed_points": 546,
            "reward_points": 1134
        },
        "password": "Catarina46",
        "prefs": {
            "promotion_email": false,
            "ui_language": "French",
            "ui_theme": "Mountains"
        },
        "user_creation_time": "Tue Oct  9 12:58:49 2012",
        "user_id": "Catarina_53049099"
    },
    "search_history": [
        {
            "category": "Films",
            "sub-category": [
                "Animation",
                "Documentary"
            ]
        },
        {
            "category": "Books",
            "sub-category": [
                "Humor",
                "NonFiction"
            ]
        }
    ],
    "shipped_order_history": [
        {
            "order_datetime": "Tue May  7 12:58:49 2013",
            "order_id": "T135654237560"
        },
        {
            "order_datetime": "Fri Mar  8 12:58:49 2013",
            "order_id": "T189260452841"
        },
        {
            "order_datetime": "Tue Mar 19 12:58:49 2013",
            "order_id": "T563334998338"
        },
        {
            "order_datetime": "Sun Nov 18 12:58:49 2012",
            "order_id": "T628941296304"
        }
    ]
}