{
    "doc_type": "user_profile",
    "personal_details": {
        "age": 15,
        "display_name": "Cathie Billiot",
        "email": "Cathie.Billiot@snailmail.com",
        "first_name": "Cathie",
        "last_name": "Billiot",
        "state": "Louisiana"
    },
    "profile_details": {
        "last_login_time": "Thu Dec  6 12:58:49 2012",
        "loyalty": {
            "friends_referred": [],
            "loyalty_score": 0.24264341077367302,
            "membership_type": "Basic",
            "redeemed_points": 0,
            "reward_points": 0
        },
        "password": "Cathie78",
        "prefs": {
            "promotion_category": [
                "Books",
                "Music"
            ],
            "promotion_email": true,
            "ui_language": "German",
            "ui_theme": "Ocean"
        },
        "user_creation_time": "Tue Nov  8 12:58:49 2011",
        "user_id": "Cathie_43642244"
    },
    "search_history": [
        {
            "category": "Films",
            "sub-category": [
                "Animation",
                "Documentary",
                "Music & Musicals"
            ]
        }
    ],
    "shipped_order_history": []
}