{
    "doc_type": "user_profile",
    "personal_details": {
        "age": 42,
        "display_name": "Catheryn Maestas",
        "email": "Catheryn.Maestas@snailmail.com",
        "first_name": "Catheryn",
        "last_name": "Maestas",
        "state": "Hawaii"
    },
    "profile_details": {
        "last_login_time": "Mon Jul 15 12:58:49 2013",
        "loyalty": {
            "friends_referred": [],
            "loyalty_score": 1.254585432910733,
            "membership_type": "Basic",
            "redeemed_points": 117,
            "reward_points": 93
        },
        "password": "Catheryn22",
        "prefs": {
            "promotion_category": [
                "Books",
                "Music",
                "Films"
            ],
            "promotion_email": true,
            "ui_language": "German",
            "ui_theme": "Wood"
        },
        "user_creation_time": "Thu Dec 27 12:58:49 2012",
        "user_id": "Catheryn_2627972"
    },
    "search_history": [
        {
            "category": "Films",
            "sub-category": [
                "Animation",
                "Drama"
            ]
        }
    ],
    "shipped_order_history": []
}