{
    "doc_type": "user_profile",
    "personal_details": {
        "age": 17,
        "display_name": "Cathrine Paige",
        "email": "Cathrine.Paige@snailmail.com",
        "first_name": "Cathrine",
        "last_name": "Paige",
        "state": "Maine"
    },
    "profile_details": {
        "last_login_time": "Wed Sep 11 12:58:49 2013",
        "loyalty": {
            "friends_referred": [],
            "loyalty_score": 1.9850368209176372,
            "membership_type": "Basic",
            "redeemed_points": 285,
            "reward_points": 162
        },
        "password": "Cathrine78",
        "prefs": {
            "promotion_email": false,
            "ui_language": "English",
            "ui_theme": "Pebbles"
        },
        "user_creation_time": "Tue Jul 23 12:58:49 2013",
        "user_id": "Cathrine_30028568"
    },
    "search_history": [
        {
            "category": "Films",
            "sub-category": [
                "Classic Films",
                "Comedy",
                "Sci-Fi, Fantasy & Horror"
            ]
        }
    ],
    "shipped_order_history": []
}