{
    "doc_type": "user_profile",
    "personal_details": {
        "age": 53,
        "display_name": "Catherine Stoll",
        "email": "Catherine.Stoll@snailmail.com",
        "first_name": "Catherine",
        "last_name": "Stoll",
        "state": "Mississippi"
    },
    "profile_details": {
        "last_login_time": "Mon Dec 24 12:58:49 2012",
        "loyalty": {
            "friends_referred": [
                "Odell_64495160",
                "Yetta_83866579",
                "Birgit_20893698"
            ],
            "loyalty_score": 8.41027790908207,
            "membership_type": "Gold",
            "redeemed_points": 744,
            "reward_points": 24
        },
        "password": "Catherine39",
        "prefs": {
            "promotion_email": false,
            "ui_language": "English",
            "ui_theme": "Mountains"
        },
        "user_creation_time": "Thu Jul 21 12:58:49 2011",
        "user_id": "Catherine_3992443"
    },
    "search_history": [
        {
            "category": "Films",
            "sub-category": [
                "Animation",
                "Drama",
                "Fitness / Instructional"
            ]
        },
        {
            "category": "Books",
            "sub-category": [
                "Religion",
                "NonFiction",
                "Sports & Adventure"
            ]
        }
    ],
    "shipped_order_history": [
        {
            "order_datetime": "Tue Sep 11 12:58:49 2012",
            "order_id": "T285021366284"
        },
        {
            "order_datetime": "Wed Apr 11 12:58:49 2012",
            "order_id": "T192725462882"
        },
        {
            "order_datetime": "Sun Oct 14 12:58:49 2012",
            "order_id": "T222754747287"
        },
        {
            "order_datetime": "Tue Feb  7 12:58:49 2012",
            "order_id": "T637858274874"
        }
    ]
}