{
    "doc_type": "user_profile",
    "personal_details": {
        "age": 34,
        "display_name": "Cedrick Colon",
        "email": "Cedrick.Colon@snailmail.com",
        "first_name": "Cedrick",
        "last_name": "Colon",
        "state": "New Mexico"
    },
    "profile_details": {
        "last_login_time": "Sat Aug 31 12:58:49 2013",
        "loyalty": {
            "friends_referred": [],
            "loyalty_score": 7.8631393872357584,
            "membership_type": "Gold",
            "redeemed_points": 2079,
            "reward_points": 714
        },
        "password": "Cedrick58",
        "prefs": {
            "promotion_email": false,
            "ui_language": "German",
            "ui_theme": "Ocean"
        },
        "user_creation_time": "Sun Oct 16 12:58:49 2011",
        "user_id": "Cedrick_32744383"
    },
    "search_history": [
        {
            "category": "Films",
            "sub-category": [
                "Animation",
                "Drama"
            ]
        },
        {
            "category": "Books",
            "sub-category": [
                "Religion",
                "Medicine",
                "Sports & Adventure"
            ]
        }
    ],
    "shipped_order_history": [
        {
            "order_datetime": "Tue Oct 30 12:58:49 2012",
            "order_id": "T826062541031"
        },
        {
            "order_datetime": "Wed May 15 12:58:49 2013",
            "order_id": "T674144259466"
        }
    ]
}