{
    "doc_type": "user_profile",
    "personal_details": {
        "age": 36,
        "display_name": "Celena Delacruz",
        "email": "Celena.Delacruz@snailmail.com",
        "first_name": "Celena",
        "last_name": "Delacruz",
        "state": "Wisconsin\n"
    },
    "profile_details": {
        "last_login_time": "Sat Mar  9 12:58:49 2013",
        "loyalty": {
            "friends_referred": [],
            "loyalty_score": 1.0634766566535059,
            "membership_type": "Basic",
            "redeemed_points": 255,
            "reward_points": 66
        },
        "password": "Celena74",
        "prefs": {
            "promotion_email": false,
            "ui_language": "English",
            "ui_theme": "Grafitti"
        },
        "user_creation_time": "Thu May 26 12:58:49 2011",
        "user_id": "Celena_8833216"
    },
    "search_history": [
        {
            "category": "Films",
            "sub-category": [
                "Animation",
                "Comedy",
                "Sci-Fi, Fantasy & Horror"
            ]
        }
    ],
    "shipped_order_history": [
        {
            "order_datetime": "Fri Jun 29 12:58:49 2012",
            "order_id": "T136463662094"
        }
    ]
}