{
    "doc_type": "user_profile",
    "personal_details": {
        "age": 28,
        "display_name": "Ceola Goolsby",
        "email": "Ceola.Goolsby@snailmail.com",
        "first_name": "Ceola",
        "last_name": "Goolsby",
        "state": "Maine"
    },
    "profile_details": {
        "last_login_time": "Thu May  2 12:58:49 2013",
        "loyalty": {
            "friends_referred": [],
            "loyalty_score": 4.483714771577101,
            "membership_type": "Silver",
            "redeemed_points": 1068,
            "reward_points": 48
        },
        "password": "Ceola38",
        "prefs": {
            "promotion_category": [
                "Books",
                "Music",
                "Films"
            ],
            "promotion_email": true,
            "ui_language": "German",
            "ui_theme": "Tree Tops"
        },
        "user_creation_time": "Sun Jul  1 12:58:49 2012",
        "user_id": "Ceola_56907429"
    },
    "shipped_order_history": []
}