{
    "doc_type": "user_profile",
    "personal_details": {
        "age": 58,
        "display_name": "Chanelle Forney",
        "email": "Chanelle.Forney@snailmail.com",
        "first_name": "Chanelle",
        "last_name": "Forney",
        "state": "Arkansas"
    },
    "profile_details": {
        "last_login_time": "Tue Apr 23 12:58:49 2013",
        "loyalty": {
            "friends_referred": [],
            "loyalty_score": 5.636578318805213,
            "membership_type": "Silver",
            "redeemed_points": 825,
            "reward_points": 750
        },
        "password": "Chanelle18",
        "prefs": {
            "promotion_email": false,
            "ui_language": "English",
            "ui_theme": "Mountains"
        },
        "user_creation_time": "Fri Oct  7 12:58:49 2011",
        "user_id": "Chanelle_28795324"
    },
    "search_history": [
        {
            "category": "Films",
            "sub-category": [
                "Classic Films"
            ]
        },
        {
            "category": "Books",
            "sub-category": [
                "Religion",
                "Travel"
            ]
        },
        {
            "category": "Music",
            "sub-category": [
                "Blues and Folk"
            ]
        }
    ],
    "shipped_order_history": []
}