{
    "doc_type": "user_profile",
    "personal_details": {
        "age": 35,
        "display_name": "Chan Welch",
        "email": "Chan.Welch@snailmail.com",
        "first_name": "Chan",
        "last_name": "Welch",
        "state": "Arkansas"
    },
    "profile_details": {
        "last_login_time": "Sat May 11 12:58:49 2013",
        "loyalty": {
            "friends_referred": [],
            "loyalty_score": 4.072394815066653,
            "membership_type": "Silver",
            "redeemed_points": 228,
            "reward_points": 480
        },
        "password": "Chan68",
        "prefs": {
            "promotion_email": false,
            "ui_language": "English",
            "ui_theme": "Wood"
        },
        "user_creation_time": "Tue Jul 31 12:58:49 2012",
        "user_id": "Chan_37051628"
    },
    "search_history": [
        {
            "category": "Films",
            "sub-category": [
                "Classic Films"
            ]
        },
        {
            "category": "Books",
            "sub-category": [
                "Humor"
            ]
        }
    ],
    "shipped_order_history": []
}