{
    "doc_type": "user_profile",
    "personal_details": {
        "age": 49,
        "display_name": "Charles Mcewen",
        "email": "Charles.Mcewen@snailmail.com",
        "first_name": "Charles",
        "last_name": "Mcewen",
        "state": "Wisconsin\n"
    },
    "profile_details": {
        "last_login_time": "Wed Oct 17 12:58:49 2012",
        "loyalty": {
            "friends_referred": [],
            "loyalty_score": 6.523551180166106,
            "membership_type": "Silver",
            "redeemed_points": 234,
            "reward_points": 288
        },
        "password": "Charles46",
        "prefs": {
            "promotion_email": false,
            "ui_language": "English",
            "ui_theme": "Ocean"
        },
        "user_creation_time": "Fri Jul 22 12:58:49 2011",
        "user_id": "Charles_1700350"
    },
    "shipped_order_history": []
}