{
    "doc_type": "user_profile",
    "personal_details": {
        "age": 50,
        "display_name": "Charolette Preston",
        "email": "Charolette.Preston@snailmail.com",
        "first_name": "Charolette",
        "last_name": "Preston",
        "state": "Rhode Island"
    },
    "profile_details": {
        "last_login_time": "Sun May 26 12:58:49 2013",
        "loyalty": {
            "friends_referred": [],
            "loyalty_score": 5.368732537429798,
            "membership_type": "Silver",
            "redeemed_points": 360,
            "reward_points": 615
        },
        "password": "Charolette45",
        "prefs": {
            "promotion_category": [
                "Books",
                "Music",
                "Films"
            ],
            "promotion_email": true,
            "ui_language": "English",
            "ui_theme": "Wood"
        },
        "user_creation_time": "Sun Oct 21 12:58:49 2012",
        "user_id": "Charolette_88783932"
    },
    "search_history": [
        {
            "category": "Films",
            "sub-category": [
                "Foreign Films",
                "Comedy",
                "Sci-Fi, Fantasy & Horror"
            ]
        },
        {
            "category": "Books",
            "sub-category": [
                "History"
            ]
        },
        {
            "category": "Music",
            "sub-category": [
                "Broadway and Vocal"
            ]
        }
    ],
    "shipped_order_history": [
        {
            "order_datetime": "Fri Feb  8 12:58:49 2013",
            "order_id": "T949756645089"
        },
        {
            "order_datetime": "Fri Mar 15 12:58:49 2013",
            "order_id": "T547432165160"
        }
    ]
}