{
    "doc_type": "user_profile",
    "personal_details": {
        "age": 45,
        "display_name": "Charis Tirado",
        "email": "Charis.Tirado@snailmail.com",
        "first_name": "Charis",
        "last_name": "Tirado",
        "state": "New York"
    },
    "profile_details": {
        "last_login_time": "Sun Jul  7 12:58:49 2013",
        "loyalty": {
            "friends_referred": [],
            "loyalty_score": 4.972226984921878,
            "membership_type": "Silver",
            "redeemed_points": 864,
            "reward_points": 132
        },
        "password": "Charis69",
        "prefs": {
            "promotion_email": false,
            "ui_language": "French",
            "ui_theme": "Tree Tops"
        },
        "user_creation_time": "Wed May  2 12:58:49 2012",
        "user_id": "Charis_38881874"
    },
    "search_history": [
        {
            "category": "Films",
            "sub-category": [
                "Animation",
                "Drama",
                "Sci-Fi, Fantasy & Horror"
            ]
        },
        {
            "category": "Books",
            "sub-category": [
                "Religion",
                "Travel"
            ]
        }
    ],
    "shipped_order_history": [
        {
            "order_datetime": "Thu Mar 28 12:58:49 2013",
            "order_id": "T407424598109"
        },
        {
            "order_datetime": "Wed Apr 24 12:58:49 2013",
            "order_id": "T710526797453"
        },
        {
            "order_datetime": "Tue Feb 12 12:58:49 2013",
            "order_id": "T689947676032"
        },
        {
            "order_datetime": "Tue Dec  4 12:58:49 2012",
            "order_id": "T292255865786"
        }
    ]
}