{
    "doc_type": "user_profile",
    "personal_details": {
        "age": 53,
        "display_name": "Charlena Mcdougal",
        "email": "Charlena.Mcdougal@snailmail.com",
        "first_name": "Charlena",
        "last_name": "Mcdougal",
        "state": "Nevada"
    },
    "profile_details": {
        "last_login_time": "Tue Apr  9 12:58:49 2013",
        "loyalty": {
            "friends_referred": [
                "Valeri_2675602",
                "Maurita_57216620"
            ],
            "loyalty_score": 9.821125032682094,
            "membership_type": "Platinum",
            "redeemed_points": 999,
            "reward_points": 2403
        },
        "password": "Charlena24",
        "prefs": {
            "promotion_email": false,
            "ui_language": "German",
            "ui_theme": "Beach"
        },
        "user_creation_time": "Sat Jun 25 12:58:49 2011",
        "user_id": "Charlena_30812533"
    },
    "search_history": [
        {
            "category": "Films",
            "sub-category": [
                "Foreign Films",
                "Drama"
            ]
        },
        {
            "category": "Books",
            "sub-category": [
                "Religion",
                "Medicine"
            ]
        }
    ],
    "shipped_order_history": [
        {
            "order_datetime": "Tue Feb 26 12:58:49 2013",
            "order_id": "T589842538923"
        },
        {
            "order_datetime": "Fri Nov  4 12:58:49 2011",
            "order_id": "T968955697029"
        },
        {
            "order_datetime": "Tue Mar  6 12:58:49 2012",
            "order_id": "T543828095194"
        },
        {
            "order_datetime": "Sun Aug 26 12:58:49 2012",
            "order_id": "T281557078620"
        },
        {
            "order_datetime": "Sun Jun 24 12:58:49 2012",
            "order_id": "T426232815814"
        },
        {
            "order_datetime": "Mon Sep 17 12:58:49 2012",
            "order_id": "T655867333093"
        },
        {
            "order_datetime": "Fri Aug 26 12:58:49 2011",
            "order_id": "T531868535500"
        },
        {
            "order_datetime": "Sat Jan 28 12:58:49 2012",
            "order_id": "T467847833734"
        },
        {
            "order_datetime": "Wed Jun 13 12:58:49 2012",
            "order_id": "T590060104026"
        }
    ]
}