{
    "doc_type": "user_profile",
    "personal_details": {
        "age": 31,
        "display_name": "Charlie Lacey",
        "email": "Charlie.Lacey@snailmail.com",
        "first_name": "Charlie",
        "last_name": "Lacey",
        "state": "Virginia"
    },
    "profile_details": {
        "last_login_time": "Fri Aug 23 12:58:49 2013",
        "loyalty": {
            "friends_referred": [],
            "loyalty_score": 7.587785568715053,
            "membership_type": "Gold",
            "redeemed_points": 1785,
            "reward_points": 840
        },
        "password": "Charlie15",
        "prefs": {
            "promotion_category": [
                "Books",
                "Music"
            ],
            "promotion_email": true,
            "ui_language": "Spanish",
            "ui_theme": "Planets"
        },
        "user_creation_time": "Wed Sep 12 12:58:49 2012",
        "user_id": "Charlie_64366270"
    },
    "shipped_order_history": []
}