{
    "doc_type": "user_profile",
    "personal_details": {
        "age": 36,
        "display_name": "Charla Almond",
        "email": "Charla.Almond@snailmail.com",
        "first_name": "Charla",
        "last_name": "Almond",
        "state": "New Mexico"
    },
    "profile_details": {
        "last_login_time": "Tue Jul 23 12:58:49 2013",
        "loyalty": {
            "friends_referred": [],
            "loyalty_score": 6.266146405393773,
            "membership_type": "Silver",
            "redeemed_points": 792,
            "reward_points": 936
        },
        "password": "Charla30",
        "prefs": {
            "promotion_category": [
                "Books"
            ],
            "promotion_email": true,
            "ui_language": "French",
            "ui_theme": "Mountains"
        },
        "user_creation_time": "Wed Sep  5 12:58:49 2012",
        "user_id": "Charla_746882"
    },
    "search_history": [
        {
            "category": "Films",
            "sub-category": [
                "Classic Films",
                "Drama"
            ]
        },
        {
            "category": "Books",
            "sub-category": [
                "Humor"
            ]
        }
    ],
    "shipped_order_history": [
        {
            "order_datetime": "Mon Nov  5 12:58:49 2012",
            "order_id": "T495924565449"
        }
    ]
}