{
    "doc_type": "user_profile",
    "personal_details": {
        "age": 38,
        "display_name": "Chaya Jeffrey",
        "email": "Chaya.Jeffrey@snailmail.com",
        "first_name": "Chaya",
        "last_name": "Jeffrey",
        "state": "North Dakota"
    },
    "profile_details": {
        "last_login_time": "Wed Jul  3 12:58:49 2013",
        "loyalty": {
            "friends_referred": [],
            "loyalty_score": 2.0620674289730156,
            "membership_type": "Basic",
            "redeemed_points": 114,
            "reward_points": 72
        },
        "password": "Chaya97",
        "prefs": {
            "promotion_email": false,
            "ui_language": "German",
            "ui_theme": "Beach"
        },
        "user_creation_time": "Thu Nov  1 12:58:49 2012",
        "user_id": "Chaya_8400799"
    },
    "search_history": [
        {
            "category": "Films",
            "sub-category": [
                "Foreign Films"
            ]
        },
        {
            "category": "Books",
            "sub-category": [
                "Religion",
                "NonFiction"
            ]
        },
        {
            "category": "Music",
            "sub-category": [
                "Classical Music",
                "Country Music",
                "Opera and Vocal"
            ]
        }
    ],
    "shipped_order_history": []
}