{
    "doc_type": "user_profile",
    "personal_details": {
        "age": 17,
        "display_name": "Cherise Henson",
        "email": "Cherise.Henson@snailmail.com",
        "first_name": "Cherise",
        "last_name": "Henson",
        "state": "Mississippi"
    },
    "profile_details": {
        "last_login_time": "Tue Jun  4 12:58:49 2013",
        "loyalty": {
            "friends_referred": [],
            "loyalty_score": 5.814376209679893,
            "membership_type": "Silver",
            "redeemed_points": 750,
            "reward_points": 750
        },
        "password": "Cherise59",
        "prefs": {
            "promotion_email": false,
            "ui_language": "English",
            "ui_theme": "Tree Tops"
        },
        "user_creation_time": "Tue Nov 13 12:58:49 2012",
        "user_id": "Cherise_76743910"
    },
    "search_history": [
        {
            "category": "Films",
            "sub-category": [
                "Foreign Films",
                "Drama"
            ]
        },
        {
            "category": "Books",
            "sub-category": [
                "Humor",
                "Medicine"
            ]
        },
        {
            "category": "Music",
            "sub-category": [
                "Broadway and Vocal"
            ]
        }
    ],
    "shipped_order_history": [
        {
            "order_datetime": "Fri Mar 22 12:58:49 2013",
            "order_id": "T541842566875"
        },
        {
            "order_datetime": "Thu Jan 17 12:58:49 2013",
            "order_id": "T877341696842"
        }
    ]
}