{
    "doc_type": "user_profile",
    "personal_details": {
        "age": 44,
        "display_name": "Cherly Haskins",
        "email": "Cherly.Haskins@snailmail.com",
        "first_name": "Cherly",
        "last_name": "Haskins",
        "state": "Connecticut"
    },
    "profile_details": {
        "last_login_time": "Wed Feb 13 12:58:49 2013",
        "loyalty": {
            "friends_referred": [],
            "loyalty_score": 2.947330245002174,
            "membership_type": "Basic",
            "redeemed_points": 138,
            "reward_points": 114
        },
        "password": "Cherly48",
        "prefs": {
            "promotion_category": [
                "Books",
                "Music",
                "Films"
            ],
            "promotion_email": true,
            "ui_language": "French",
            "ui_theme": "Planets"
        },
        "user_creation_time": "Fri Feb 17 12:58:49 2012",
        "user_id": "Cherly_81419009"
    },
    "search_history": [
        {
            "category": "Films",
            "sub-category": [
                "Foreign Films",
                "Documentary",
                "Fitness / Instructional"
            ]
        },
        {
            "category": "Books",
            "sub-category": [
                "History",
                "NonFiction",
                "Home & Garden"
            ]
        },
        {
            "category": "Music",
            "sub-category": [
                "Blues and Folk",
                "Country Music",
                "New Age"
            ]
        }
    ],
    "shipped_order_history": [
        {
            "order_datetime": "Mon Apr  9 12:58:49 2012",
            "order_id": "T915728281673"
        }
    ]
}