{
    "doc_type": "user_profile",
    "personal_details": {
        "age": 34,
        "display_name": "Chi Kong",
        "email": "Chi.Kong@snailmail.com",
        "first_name": "Chi",
        "last_name": "Kong",
        "state": "Virginia"
    },
    "profile_details": {
        "last_login_time": "Sat Jun 22 12:58:49 2013",
        "loyalty": {
            "friends_referred": [],
            "loyalty_score": 5.723122648315285,
            "membership_type": "Silver",
            "redeemed_points": 960,
            "reward_points": 1245
        },
        "password": "Chi20",
        "prefs": {
            "promotion_email": false,
            "ui_language": "English",
            "ui_theme": "Pebbles"
        },
        "user_creation_time": "Tue Sep 18 12:58:49 2012",
        "user_id": "Chi_93676668"
    },
    "search_history": [
        {
            "category": "Films",
            "sub-category": [
                "Foreign Films",
                "Comedy"
            ]
        },
        {
            "category": "Books",
            "sub-category": [
                "Religion",
                "Medicine",
                "Home & Garden"
            ]
        }
    ],
    "shipped_order_history": [
        {
            "order_datetime": "Sat Mar  9 12:58:49 2013",
            "order_id": "T860628735514"
        },
        {
            "order_datetime": "Sat Jun 22 12:58:49 2013",
            "order_id": "T710233132820"
        },
        {
            "order_datetime": "Thu Nov 29 12:58:49 2012",
            "order_id": "T679326142658"
        }
    ]
}