{
    "doc_type": "user_profile",
    "personal_details": {
        "age": 49,
        "display_name": "Chia Carman",
        "email": "Chia.Carman@snailmail.com",
        "first_name": "Chia",
        "last_name": "Carman",
        "state": "Texas"
    },
    "profile_details": {
        "last_login_time": "Mon May  6 12:58:49 2013",
        "loyalty": {
            "friends_referred": [],
            "loyalty_score": 6.436607550754515,
            "membership_type": "Silver",
            "redeemed_points": 990,
            "reward_points": 882
        },
        "password": "Chia98",
        "prefs": {
            "promotion_category": [
                "Books",
                "Music"
            ],
            "promotion_email": true,
            "ui_language": "French",
            "ui_theme": "Tree Tops"
        },
        "user_creation_time": "Mon Oct  1 12:58:49 2012",
        "user_id": "Chia_26631557"
    },
    "search_history": [
        {
            "category": "Films",
            "sub-category": [
                "Foreign Films"
            ]
        }
    ],
    "shipped_order_history": [
        {
            "order_datetime": "Mon Mar  4 12:58:49 2013",
            "order_id": "T617426596081"
        },
        {
            "order_datetime": "Thu Nov 15 12:58:49 2012",
            "order_id": "T426941669540"
        },
        {
            "order_datetime": "Sun Dec  2 12:58:49 2012",
            "order_id": "T841630312723"
        },
        {
            "order_datetime": "Mon Mar 18 12:58:49 2013",
            "order_id": "T833733615850"
        },
        {
            "order_datetime": "Sat Jan 26 12:58:49 2013",
            "order_id": "T608447818526"
        },
        {
            "order_datetime": "Fri Mar  8 12:58:49 2013",
            "order_id": "T882522401196"
        }
    ]
}