{
    "doc_type": "user_profile",
    "personal_details": {
        "age": 29,
        "display_name": "Christina Leyva",
        "email": "Christina.Leyva@snailmail.com",
        "first_name": "Christina",
        "last_name": "Leyva",
        "state": "Colorado"
    },
    "profile_details": {
        "last_login_time": "Sat Jan  5 12:58:49 2013",
        "loyalty": {
            "friends_referred": [
                "Colette_99444356"
            ],
            "loyalty_score": 6.375352520012852,
            "membership_type": "Silver",
            "redeemed_points": 666,
            "reward_points": 1584
        },
        "password": "Christina59",
        "prefs": {
            "promotion_email": false,
            "ui_language": "Spanish",
            "ui_theme": "Tree Tops"
        },
        "user_creation_time": "Wed Mar 16 12:58:49 2011",
        "user_id": "Christina_59301961"
    },
    "search_history": [
        {
            "category": "Films",
            "sub-category": [
                "Foreign Films",
                "Documentary",
                "Fitness / Instructional"
            ]
        }
    ],
    "shipped_order_history": [
        {
            "order_datetime": "Tue Nov 29 12:58:49 2011",
            "order_id": "T768047435485"
        },
        {
            "order_datetime": "Wed May 16 12:58:49 2012",
            "order_id": "T486641919775"
        },
        {
            "order_datetime": "Thu May 10 12:58:49 2012",
            "order_id": "T646947296338"
        }
    ]
}