{
    "doc_type": "user_profile",
    "personal_details": {
        "age": 38,
        "display_name": "Christal Bullard",
        "email": "Christal.Bullard@snailmail.com",
        "first_name": "Christal",
        "last_name": "Bullard",
        "state": "Louisiana"
    },
    "profile_details": {
        "last_login_time": "Tue Aug  6 12:58:49 2013",
        "loyalty": {
            "friends_referred": [],
            "loyalty_score": 2.2662954042369066,
            "membership_type": "Basic",
            "redeemed_points": 600,
            "reward_points": 432
        },
        "password": "Christal52",
        "prefs": {
            "promotion_category": [
                "Books"
            ],
            "promotion_email": true,
            "ui_language": "Spanish",
            "ui_theme": "Tree Tops"
        },
        "user_creation_time": "Sat Jun 25 12:58:49 2011",
        "user_id": "Christal_41472671"
    },
    "search_history": [
        {
            "category": "Films",
            "sub-category": [
                "Animation",
                "Comedy",
                "Sci-Fi, Fantasy & Horror"
            ]
        },
        {
            "category": "Books",
            "sub-category": [
                "Humor",
                "Medicine"
            ]
        },
        {
            "category": "Music",
            "sub-category": [
                "Blues and Folk"
            ]
        }
    ],
    "shipped_order_history": [
        {
            "order_datetime": "Wed Mar 27 12:58:49 2013",
            "order_id": "T507550783885"
        },
        {
            "order_datetime": "Fri Jun  1 12:58:49 2012",
            "order_id": "T128424116690"
        }
    ]
}