{
    "doc_type": "user_profile",
    "personal_details": {
        "age": 25,
        "display_name": "Christin Parson",
        "email": "Christin.Parson@snailmail.com",
        "first_name": "Christin",
        "last_name": "Parson",
        "state": "Mississippi"
    },
    "profile_details": {
        "last_login_time": "Wed Dec 12 12:58:49 2012",
        "loyalty": {
            "friends_referred": [
                "Van_9327476"
            ],
            "loyalty_score": 6.694002527638592,
            "membership_type": "Silver",
            "redeemed_points": 1242,
            "reward_points": 1530
        },
        "password": "Christin58",
        "prefs": {
            "promotion_category": [
                "Books",
                "Music",
                "Films"
            ],
            "promotion_email": true,
            "ui_language": "Spanish",
            "ui_theme": "Planets"
        },
        "user_creation_time": "Thu Oct 20 12:58:49 2011",
        "user_id": "Christin_48191823"
    },
    "search_history": [
        {
            "category": "Films",
            "sub-category": [
                "Animation",
                "Comedy",
                "Sci-Fi, Fantasy & Horror"
            ]
        },
        {
            "category": "Books",
            "sub-category": [
                "History",
                "NonFiction",
                "Diet & Health"
            ]
        }
    ],
    "shipped_order_history": []
}