{
    "doc_type": "user_profile",
    "personal_details": {
        "age": 18,
        "display_name": "Claire Mattingly",
        "email": "Claire.Mattingly@snailmail.com",
        "first_name": "Claire",
        "last_name": "Mattingly",
        "state": "Arkansas"
    },
    "profile_details": {
        "last_login_time": "Fri Aug 23 12:58:49 2013",
        "loyalty": {
            "friends_referred": [],
            "loyalty_score": 2.7563227120695366,
            "membership_type": "Basic",
            "redeemed_points": 90,
            "reward_points": 150
        },
        "password": "Claire38",
        "prefs": {
            "promotion_email": false,
            "ui_language": "Spanish",
            "ui_theme": "Wood"
        },
        "user_creation_time": "Fri Apr  1 12:58:49 2011",
        "user_id": "Claire_26738378"
    },
    "search_history": [
        {
            "category": "Films",
            "sub-category": [
                "Foreign Films",
                "Documentary",
                "Music & Musicals"
            ]
        }
    ],
    "shipped_order_history": [
        {
            "order_datetime": "Fri Jul 13 12:58:49 2012",
            "order_id": "T213656894416"
        }
    ]
}