{
    "doc_type": "user_profile",
    "personal_details": {
        "age": 36,
        "display_name": "Claribel Tate",
        "email": "Claribel.Tate@snailmail.com",
        "first_name": "Claribel",
        "last_name": "Tate",
        "state": "Texas"
    },
    "profile_details": {
        "last_login_time": "Sat Apr  6 12:58:49 2013",
        "loyalty": {
            "friends_referred": [
                "Kassandra_59207274"
            ],
            "loyalty_score": 6.333127936004782,
            "membership_type": "Silver",
            "redeemed_points": 486,
            "reward_points": 774
        },
        "password": "Claribel49",
        "prefs": {
            "promotion_category": [
                "Books",
                "Music",
                "Films"
            ],
            "promotion_email": true,
            "ui_language": "German",
            "ui_theme": "Planets"
        },
        "user_creation_time": "Sun Sep 16 12:58:49 2012",
        "user_id": "Claribel_16703770"
    },
    "search_history": [
        {
            "category": "Films",
            "sub-category": [
                "Animation",
                "Comedy"
            ]
        },
        {
            "category": "Books",
            "sub-category": [
                "Religion"
            ]
        }
    ],
    "shipped_order_history": [
        {
            "order_datetime": "Tue Dec 11 12:58:49 2012",
            "order_id": "T881866177670"
        },
        {
            "order_datetime": "Tue Mar 26 12:58:49 2013",
            "order_id": "T748167593156"
        }
    ]
}