{
    "doc_type": "user_profile",
    "personal_details": {
        "age": 17,
        "display_name": "Claretha Deboer",
        "email": "Claretha.Deboer@snailmail.com",
        "first_name": "Claretha",
        "last_name": "Deboer",
        "state": "North Carolina"
    },
    "profile_details": {
        "last_login_time": "Mon Apr  1 12:58:49 2013",
        "loyalty": {
            "friends_referred": [
                "Signe_97414676"
            ],
            "loyalty_score": 7.036081528906362,
            "membership_type": "Gold",
            "redeemed_points": 609,
            "reward_points": 147
        },
        "password": "Claretha68",
        "prefs": {
            "promotion_email": false,
            "ui_language": "English",
            "ui_theme": "Beach"
        },
        "user_creation_time": "Fri Oct  5 12:58:49 2012",
        "user_id": "Claretha_2399946"
    },
    "search_history": [
        {
            "category": "Films",
            "sub-category": [
                "Animation"
            ]
        },
        {
            "category": "Books",
            "sub-category": [
                "History"
            ]
        }
    ],
    "shipped_order_history": [
        {
            "order_datetime": "Sat Feb  2 12:58:49 2013",
            "order_id": "T424949349214"
        },
        {
            "order_datetime": "Fri Feb  1 12:58:49 2013",
            "order_id": "T873122373547"
        },
        {
            "order_datetime": "Sat Feb 16 12:58:49 2013",
            "order_id": "T761729916769"
        },
        {
            "order_datetime": "Thu Dec 20 12:58:49 2012",
            "order_id": "T927863808847"
        },
        {
            "order_datetime": "Thu Mar  7 12:58:49 2013",
            "order_id": "T497632179770"
        }
    ]
}