{
    "doc_type": "user_profile",
    "personal_details": {
        "age": 51,
        "display_name": "Classie Cowles",
        "email": "Classie.Cowles@snailmail.com",
        "first_name": "Classie",
        "last_name": "Cowles",
        "state": "Georgia"
    },
    "profile_details": {
        "last_login_time": "Sat Sep  7 12:58:49 2013",
        "loyalty": {
            "friends_referred": [],
            "loyalty_score": 4.524443947801543,
            "membership_type": "Silver",
            "redeemed_points": 348,
            "reward_points": 204
        },
        "password": "Classie65",
        "prefs": {
            "promotion_category": [
                "Books",
                "Music",
                "Films"
            ],
            "promotion_email": true,
            "ui_language": "German",
            "ui_theme": "Tree Tops"
        },
        "user_creation_time": "Mon Feb 13 12:58:49 2012",
        "user_id": "Classie_21979512"
    },
    "search_history": [
        {
            "category": "Films",
            "sub-category": [
                "Foreign Films",
                "Documentary"
            ]
        },
        {
            "category": "Books",
            "sub-category": [
                "Humor",
                "Medicine",
                "Diet & Health"
            ]
        }
    ],
    "shipped_order_history": [
        {
            "order_datetime": "Thu Dec 27 12:58:49 2012",
            "order_id": "T200154349656"
        },
        {
            "order_datetime": "Sun Mar  3 12:58:49 2013",
            "order_id": "T327661849382"
        },
        {
            "order_datetime": "Wed Jun 26 12:58:49 2013",
            "order_id": "T946949593468"
        },
        {
            "order_datetime": "Fri Apr 20 12:58:49 2012",
            "order_id": "T283459664373"
        }
    ]
}