{
    "doc_type": "user_profile",
    "personal_details": {
        "age": 53,
        "display_name": "Clelia Herring",
        "email": "Clelia.Herring@snailmail.com",
        "first_name": "Clelia",
        "last_name": "Herring",
        "state": "Florida"
    },
    "profile_details": {
        "last_login_time": "Fri Dec 28 12:58:49 2012",
        "loyalty": {
            "friends_referred": [],
            "loyalty_score": 2.2957095070887057,
            "membership_type": "Basic",
            "redeemed_points": 288,
            "reward_points": 390
        },
        "password": "Clelia44",
        "prefs": {
            "promotion_email": false,
            "ui_language": "English",
            "ui_theme": "Ocean"
        },
        "user_creation_time": "Fri Jan 28 12:58:49 2011",
        "user_id": "Clelia_98265807"
    },
    "shipped_order_history": [
        {
            "order_datetime": "Sun Aug  7 12:58:49 2011",
            "order_id": "T448969762083"
        }
    ]
}