{
    "doc_type": "user_profile",
    "personal_details": {
        "age": 58,
        "display_name": "Cleora Landis",
        "email": "Cleora.Landis@snailmail.com",
        "first_name": "Cleora",
        "last_name": "Landis",
        "state": "Pennsylvania"
    },
    "profile_details": {
        "last_login_time": "Wed May 22 12:58:49 2013",
        "loyalty": {
            "friends_referred": [],
            "loyalty_score": 6.47661143050512,
            "membership_type": "Silver",
            "redeemed_points": 882,
            "reward_points": 1152
        },
        "password": "Cleora17",
        "prefs": {
            "promotion_category": [
                "Books"
            ],
            "promotion_email": true,
            "ui_language": "German",
            "ui_theme": "Wood"
        },
        "user_creation_time": "Sun Mar  6 12:58:49 2011",
        "user_id": "Cleora_73453153"
    },
    "search_history": [
        {
            "category": "Films",
            "sub-category": [
                "Animation"
            ]
        },
        {
            "category": "Books",
            "sub-category": [
                "Religion",
                "NonFiction"
            ]
        }
    ],
    "shipped_order_history": [
        {
            "order_datetime": "Sat Dec 29 12:58:49 2012",
            "order_id": "T852233848933"
        },
        {
            "order_datetime": "Tue Feb 21 12:58:49 2012",
            "order_id": "T655922898207"
        },
        {
            "order_datetime": "Mon Jul  9 12:58:49 2012",
            "order_id": "T557544246891"
        }
    ]
}