{
    "doc_type": "user_profile",
    "personal_details": {
        "age": 23,
        "display_name": "Cole Lear",
        "email": "Cole.Lear@snailmail.com",
        "first_name": "Cole",
        "last_name": "Lear",
        "state": "Nebraska"
    },
    "profile_details": {
        "last_login_time": "Sun Nov 18 12:58:49 2012",
        "loyalty": {
            "friends_referred": [],
            "loyalty_score": 2.875932313273167,
            "membership_type": "Basic",
            "redeemed_points": 60,
            "reward_points": 84
        },
        "password": "Cole14",
        "prefs": {
            "promotion_category": [
                "Books",
                "Music",
                "Films"
            ],
            "promotion_email": true,
            "ui_language": "French",
            "ui_theme": "Grafitti"
        },
        "user_creation_time": "Fri Jun 24 12:58:49 2011",
        "user_id": "Cole_17528488"
    },
    "search_history": [
        {
            "category": "Films",
            "sub-category": [
                "Foreign Films",
                "Drama",
                "Sci-Fi, Fantasy & Horror"
            ]
        },
        {
            "category": "Books",
            "sub-category": [
                "History",
                "NonFiction",
                "Home & Garden"
            ]
        }
    ],
    "shipped_order_history": []
}