{
    "doc_type": "user_profile",
    "personal_details": {
        "age": 33,
        "display_name": "Collin Ballinger",
        "email": "Collin.Ballinger@snailmail.com",
        "first_name": "Collin",
        "last_name": "Ballinger",
        "state": "North Carolina"
    },
    "profile_details": {
        "last_login_time": "Sat Mar 23 12:58:49 2013",
        "loyalty": {
            "friends_referred": [],
            "loyalty_score": 3.129541521758078,
            "membership_type": "Basic",
            "redeemed_points": 18,
            "reward_points": 657
        },
        "password": "Collin38",
        "prefs": {
            "promotion_category": [
                "Books",
                "Music"
            ],
            "promotion_email": true,
            "ui_language": "French",
            "ui_theme": "Planets"
        },
        "user_creation_time": "Tue Nov  1 12:58:49 2011",
        "user_id": "Collin_7157537"
    },
    "search_history": [
        {
            "category": "Films",
            "sub-category": [
                "Animation",
                "Comedy",
                "Music & Musicals"
            ]
        }
    ],
    "shipped_order_history": [
        {
            "order_datetime": "Sun Jan 29 12:58:49 2012",
            "order_id": "T984767611147"
        },
        {
            "order_datetime": "Sat May 26 12:58:49 2012",
            "order_id": "T772732442918"
        },
        {
            "order_datetime": "Thu Jan 12 12:58:49 2012",
            "order_id": "T266843153619"
        }
    ]
}