{
    "doc_type": "user_profile",
    "personal_details": {
        "age": 28,
        "display_name": "Conception Briscoe",
        "email": "Conception.Briscoe@snailmail.com",
        "first_name": "Conception",
        "last_name": "Briscoe",
        "state": "Nebraska"
    },
    "profile_details": {
        "last_login_time": "Sat Dec  8 12:58:49 2012",
        "loyalty": {
            "friends_referred": [],
            "loyalty_score": 1.4266974541984379,
            "membership_type": "Basic",
            "redeemed_points": 162,
            "reward_points": 294
        },
        "password": "Conception76",
        "prefs": {
            "promotion_email": false,
            "ui_language": "French",
            "ui_theme": "Beach"
        },
        "user_creation_time": "Thu Feb 24 12:58:49 2011",
        "user_id": "Conception_5634614"
    },
    "search_history": [
        {
            "category": "Films",
            "sub-category": [
                "Classic Films"
            ]
        },
        {
            "category": "Books",
            "sub-category": [
                "Humor"
            ]
        }
    ],
    "shipped_order_history": [
        {
            "order_datetime": "Sun Apr  1 12:58:49 2012",
            "order_id": "T439731353875"
        }
    ]
}