{
    "doc_type": "user_profile",
    "personal_details": {
        "age": 15,
        "display_name": "Contessa Alfonso",
        "email": "Contessa.Alfonso@snailmail.com",
        "first_name": "Contessa",
        "last_name": "Alfonso",
        "state": "Hawaii"
    },
    "profile_details": {
        "last_login_time": "Mon Feb 11 12:58:49 2013",
        "loyalty": {
            "friends_referred": [],
            "loyalty_score": 3.574056858444145,
            "membership_type": "Basic",
            "redeemed_points": 225,
            "reward_points": 900
        },
        "password": "Contessa89",
        "prefs": {
            "promotion_email": false,
            "ui_language": "German",
            "ui_theme": "Planets"
        },
        "user_creation_time": "Fri Jan 27 12:58:49 2012",
        "user_id": "Contessa_3609834"
    },
    "search_history": [
        {
            "category": "Films",
            "sub-category": [
                "Foreign Films",
                "Documentary"
            ]
        },
        {
            "category": "Books",
            "sub-category": [
                "Religion",
                "NonFiction"
            ]
        }
    ],
    "shipped_order_history": [
        {
            "order_datetime": "Mon Mar  5 12:58:49 2012",
            "order_id": "T415536423783"
        },
        {
            "order_datetime": "Wed May  9 12:58:49 2012",
            "order_id": "T898230344744"
        }
    ]
}