{
    "doc_type": "user_profile",
    "personal_details": {
        "age": 22,
        "display_name": "Cornelia Rausch",
        "email": "Cornelia.Rausch@snailmail.com",
        "first_name": "Cornelia",
        "last_name": "Rausch",
        "state": "Maine"
    },
    "profile_details": {
        "last_login_time": "Thu May 23 12:58:49 2013",
        "loyalty": {
            "friends_referred": [],
            "loyalty_score": 4.419362668496241,
            "membership_type": "Silver",
            "redeemed_points": 1116,
            "reward_points": 300
        },
        "password": "Cornelia71",
        "prefs": {
            "promotion_email": false,
            "ui_language": "Spanish",
            "ui_theme": "Mountains"
        },
        "user_creation_time": "Tue Jan  8 12:58:49 2013",
        "user_id": "Cornelia_29227799"
    },
    "search_history": [
        {
            "category": "Films",
            "sub-category": [
                "Foreign Films",
                "Drama"
            ]
        },
        {
            "category": "Books",
            "sub-category": [
                "Religion",
                "NonFiction"
            ]
        },
        {
            "category": "Music",
            "sub-category": [
                "Classical Music",
                "Country Music",
                "Opera and Vocal"
            ]
        }
    ],
    "shipped_order_history": [
        {
            "order_datetime": "Mon Mar  4 12:58:49 2013",
            "order_id": "T843148971063"
        },
        {
            "order_datetime": "Sun Jan 27 12:58:49 2013",
            "order_id": "T669023353206"
        },
        {
            "order_datetime": "Sun Apr 21 12:58:49 2013",
            "order_id": "T104362401055"
        }
    ]
}