{
    "doc_type": "user_profile",
    "personal_details": {
        "age": 30,
        "display_name": "Corrinne Weinstein",
        "email": "Corrinne.Weinstein@snailmail.com",
        "first_name": "Corrinne",
        "last_name": "Weinstein",
        "state": "Pennsylvania"
    },
    "profile_details": {
        "last_login_time": "Sat Dec 22 12:58:49 2012",
        "loyalty": {
            "friends_referred": [],
            "loyalty_score": 0.697334992297175,
            "membership_type": "Basic",
            "redeemed_points": 0,
            "reward_points": 0
        },
        "password": "Corrinne10",
        "prefs": {
            "promotion_category": [
                "Books"
            ],
            "promotion_email": true,
            "ui_language": "Spanish",
            "ui_theme": "Wood"
        },
        "user_creation_time": "Mon Sep  5 12:58:49 2011",
        "user_id": "Corrinne_53582742"
    },
    "search_history": [
        {
            "category": "Films",
            "sub-category": [
                "Animation"
            ]
        },
        {
            "category": "Books",
            "sub-category": [
                "Religion",
                "Travel",
                "Home & Garden"
            ]
        }
    ],
    "shipped_order_history": []
}