{
    "doc_type": "user_profile",
    "personal_details": {
        "age": 26,
        "display_name": "Corrin Fishman",
        "email": "Corrin.Fishman@snailmail.com",
        "first_name": "Corrin",
        "last_name": "Fishman",
        "state": "Tennessee"
    },
    "profile_details": {
        "last_login_time": "Tue Jan 15 12:58:49 2013",
        "loyalty": {
            "friends_referred": [],
            "loyalty_score": 5.885881709428585,
            "membership_type": "Silver",
            "redeemed_points": 855,
            "reward_points": 900
        },
        "password": "Corrin74",
        "prefs": {
            "promotion_category": [
                "Books",
                "Music",
                "Films"
            ],
            "promotion_email": true,
            "ui_language": "Spanish",
            "ui_theme": "Pebbles"
        },
        "user_creation_time": "Sat Dec  3 12:58:49 2011",
        "user_id": "Corrin_28214285"
    },
    "search_history": [
        {
            "category": "Films",
            "sub-category": [
                "Foreign Films"
            ]
        },
        {
            "category": "Books",
            "sub-category": [
                "Religion"
            ]
        },
        {
            "category": "Music",
            "sub-category": [
                "Blues and Folk"
            ]
        }
    ],
    "shipped_order_history": [
        {
            "order_datetime": "Sun Apr 29 12:58:49 2012",
            "order_id": "T646343641894"
        },
        {
            "order_datetime": "Fri Oct 19 12:58:49 2012",
            "order_id": "T784331243809"
        },
        {
            "order_datetime": "Thu Mar  8 12:58:49 2012",
            "order_id": "T269125871739"
        },
        {
            "order_datetime": "Sun Apr  1 12:58:49 2012",
            "order_id": "T578842818173"
        }
    ]
}