{
    "doc_type": "user_profile",
    "personal_details": {
        "age": 37,
        "display_name": "Cortney Smithson",
        "email": "Cortney.Smithson@snailmail.com",
        "first_name": "Cortney",
        "last_name": "Smithson",
        "state": "Utah"
    },
    "profile_details": {
        "last_login_time": "Thu Apr 25 12:58:49 2013",
        "loyalty": {
            "friends_referred": [],
            "loyalty_score": 3.12350393963814,
            "membership_type": "Basic",
            "redeemed_points": 405,
            "reward_points": 54
        },
        "password": "Cortney61",
        "prefs": {
            "promotion_email": false,
            "ui_language": "Spanish",
            "ui_theme": "Grafitti"
        },
        "user_creation_time": "Thu Mar 29 12:58:49 2012",
        "user_id": "Cortney_88946407"
    },
    "search_history": [
        {
            "category": "Films",
            "sub-category": [
                "Classic Films",
                "Comedy"
            ]
        },
        {
            "category": "Books",
            "sub-category": [
                "Humor",
                "Medicine",
                "Sports & Adventure"
            ]
        }
    ],
    "shipped_order_history": [
        {
            "order_datetime": "Fri Jul 20 12:58:49 2012",
            "order_id": "T989454928836"
        },
        {
            "order_datetime": "Wed Nov 21 12:58:49 2012",
            "order_id": "T195146841924"
        }
    ]
}