{
    "doc_type": "user_profile",
    "personal_details": {
        "age": 57,
        "display_name": "Cory Redman",
        "email": "Cory.Redman@snailmail.com",
        "first_name": "Cory",
        "last_name": "Redman",
        "state": "Arizona"
    },
    "profile_details": {
        "last_login_time": "Sat May 11 12:58:49 2013",
        "loyalty": {
            "friends_referred": [],
            "loyalty_score": 3.5037206882465135,
            "membership_type": "Basic",
            "redeemed_points": 252,
            "reward_points": 108
        },
        "password": "Cory97",
        "prefs": {
            "promotion_category": [
                "Books"
            ],
            "promotion_email": true,
            "ui_language": "English",
            "ui_theme": "Mountains"
        },
        "user_creation_time": "Tue Oct 25 12:58:49 2011",
        "user_id": "Cory_4248361"
    },
    "search_history": [
        {
            "category": "Films",
            "sub-category": [
                "Classic Films"
            ]
        },
        {
            "category": "Books",
            "sub-category": [
                "History"
            ]
        }
    ],
    "shipped_order_history": []
}