{
    "doc_type": "user_profile",
    "personal_details": {
        "age": 50,
        "display_name": "Curtis Bernard",
        "email": "Curtis.Bernard@snailmail.com",
        "first_name": "Curtis",
        "last_name": "Bernard",
        "state": "Kansas"
    },
    "profile_details": {
        "last_login_time": "Mon Jul  1 12:58:49 2013",
        "loyalty": {
            "friends_referred": [
                "Audie_1437501"
            ],
            "loyalty_score": 6.793911130325117,
            "membership_type": "Silver",
            "redeemed_points": 882,
            "reward_points": 1188
        },
        "password": "Curtis54",
        "prefs": {
            "promotion_email": false,
            "ui_language": "English",
            "ui_theme": "Ocean"
        },
        "user_creation_time": "Tue Dec  4 12:58:49 2012",
        "user_id": "Curtis_9656430"
    },
    "search_history": [
        {
            "category": "Films",
            "sub-category": [
                "Animation"
            ]
        },
        {
            "category": "Books",
            "sub-category": [
                "Religion",
                "Travel",
                "Sports & Adventure"
            ]
        },
        {
            "category": "Music",
            "sub-category": [
                "Blues and Folk",
                "Jazz"
            ]
        }
    ],
    "shipped_order_history": [
        {
            "order_datetime": "Fri Jan 11 12:58:49 2013",
            "order_id": "T767320622675"
        },
        {
            "order_datetime": "Tue Jan 29 12:58:49 2013",
            "order_id": "T747668185284"
        }
    ]
}