{
    "doc_type": "user_profile",
    "personal_details": {
        "age": 35,
        "display_name": "Curt Davidson",
        "email": "Curt.Davidson@snailmail.com",
        "first_name": "Curt",
        "last_name": "Davidson",
        "state": "Alaska"
    },
    "profile_details": {
        "last_login_time": "Mon Jun 10 12:58:49 2013",
        "loyalty": {
            "friends_referred": [
                "Chara_63736793",
                "Ollie_5204365"
            ],
            "loyalty_score": 8.404320225566472,
            "membership_type": "Gold",
            "redeemed_points": 96,
            "reward_points": 1032
        },
        "password": "Curt56",
        "prefs": {
            "promotion_category": [
                "Books"
            ],
            "promotion_email": true,
            "ui_language": "English",
            "ui_theme": "Pebbles"
        },
        "user_creation_time": "Mon Jan 28 12:58:49 2013",
        "user_id": "Curt_5968651"
    },
    "search_history": [
        {
            "category": "Films",
            "sub-category": [
                "Foreign Films",
                "Documentary",
                "Fitness / Instructional"
            ]
        }
    ],
    "shipped_order_history": [
        {
            "order_datetime": "Sun Feb 10 12:58:49 2013",
            "order_id": "T255767763805"
        },
        {
            "order_datetime": "Wed Mar 20 12:58:49 2013",
            "order_id": "T951850612491"
        },
        {
            "order_datetime": "Tue May 28 12:58:49 2013",
            "order_id": "T817722805122"
        },
        {
            "order_datetime": "Wed Feb 27 12:58:49 2013",
            "order_id": "T775357331896"
        },
        {
            "order_datetime": "Fri May 17 12:58:49 2013",
            "order_id": "T517063556663"
        },
        {
            "order_datetime": "Sat Apr  6 12:58:49 2013",
            "order_id": "T235923519769"
        }
    ]
}