{
    "doc_type": "user_profile",
    "personal_details": {
        "age": 44,
        "display_name": "Cyrus Abreu",
        "email": "Cyrus.Abreu@snailmail.com",
        "first_name": "Cyrus",
        "last_name": "Abreu",
        "state": "Michigan"
    },
    "profile_details": {
        "last_login_time": "Fri May 31 12:58:49 2013",
        "loyalty": {
            "friends_referred": [],
            "loyalty_score": 6.647561753897191,
            "membership_type": "Silver",
            "redeemed_points": 1224,
            "reward_points": 846
        },
        "password": "Cyrus67",
        "prefs": {
            "promotion_category": [
                "Books",
                "Music",
                "Films"
            ],
            "promotion_email": true,
            "ui_language": "English",
            "ui_theme": "Pebbles"
        },
        "user_creation_time": "Tue Aug 21 12:58:49 2012",
        "user_id": "Cyrus_3040785"
    },
    "search_history": [
        {
            "category": "Films",
            "sub-category": [
                "Animation",
                "Drama"
            ]
        }
    ],
    "shipped_order_history": []
}