{
    "doc_type": "user_profile",
    "personal_details": {
        "age": 18,
        "display_name": "Daisy Pulley",
        "email": "Daisy.Pulley@snailmail.com",
        "first_name": "Daisy",
        "last_name": "Pulley",
        "state": "Mississippi"
    },
    "profile_details": {
        "last_login_time": "Sat Aug 24 12:58:49 2013",
        "loyalty": {
            "friends_referred": [],
            "loyalty_score": 3.3803025982535684,
            "membership_type": "Basic",
            "redeemed_points": 693,
            "reward_points": 792
        },
        "password": "Daisy17",
        "prefs": {
            "promotion_email": false,
            "ui_language": "English",
            "ui_theme": "Planets"
        },
        "user_creation_time": "Sat Mar 16 12:58:49 2013",
        "user_id": "Daisy_29778939"
    },
    "search_history": [
        {
            "category": "Films",
            "sub-category": [
                "Foreign Films",
                "Drama"
            ]
        },
        {
            "category": "Books",
            "sub-category": [
                "Religion",
                "NonFiction",
                "Home & Garden"
            ]
        },
        {
            "category": "Music",
            "sub-category": [
                "Classical Music",
                "Country Music",
                "Opera and Vocal"
            ]
        }
    ],
    "shipped_order_history": []
}