{
    "doc_type": "user_profile",
    "personal_details": {
        "age": 57,
        "display_name": "Dallas Adams",
        "email": "Dallas.Adams@snailmail.com",
        "first_name": "Dallas",
        "last_name": "Adams",
        "state": "California"
    },
    "profile_details": {
        "last_login_time": "Mon Sep 10 12:58:49 2012",
        "loyalty": {
            "friends_referred": [
                "Wilbert_34572240"
            ],
            "loyalty_score": 6.043051261272074,
            "membership_type": "Silver",
            "redeemed_points": 1476,
            "reward_points": 954
        },
        "password": "Dallas70",
        "prefs": {
            "promotion_email": false,
            "ui_language": "French",
            "ui_theme": "Tree Tops"
        },
        "user_creation_time": "Wed May  4 12:58:49 2011",
        "user_id": "Dallas_97483787"
    },
    "search_history": [
        {
            "category": "Films",
            "sub-category": [
                "Animation",
                "Documentary",
                "Sci-Fi, Fantasy & Horror"
            ]
        },
        {
            "category": "Books",
            "sub-category": [
                "History",
                "NonFiction",
                "Diet & Health"
            ]
        }
    ],
    "shipped_order_history": [
        {
            "order_datetime": "Mon Feb 27 12:58:49 2012",
            "order_id": "T408231047148"
        },
        {
            "order_datetime": "Sat Dec 10 12:58:49 2011",
            "order_id": "T338660676809"
        },
        {
            "order_datetime": "Fri Feb 24 12:58:49 2012",
            "order_id": "T346440395826"
        },
        {
            "order_datetime": "Fri Aug 17 12:58:49 2012",
            "order_id": "T941843621170"
        }
    ]
}