{
    "doc_type": "user_profile",
    "personal_details": {
        "age": 45,
        "display_name": "Damion Mcallister",
        "email": "Damion.Mcallister@snailmail.com",
        "first_name": "Damion",
        "last_name": "Mcallister",
        "state": "Minnesota"
    },
    "profile_details": {
        "last_login_time": "Thu Jun 13 12:58:49 2013",
        "loyalty": {
            "friends_referred": [
                "Antoine_25584505",
                "Kenna_40252169",
                "Julia_85477730"
            ],
            "loyalty_score": 8.432900690758029,
            "membership_type": "Gold",
            "redeemed_points": 1440,
            "reward_points": 1632
        },
        "password": "Damion14",
        "prefs": {
            "promotion_email": false,
            "ui_language": "French",
            "ui_theme": "Planets"
        },
        "user_creation_time": "Sat Jul 14 12:58:49 2012",
        "user_id": "Damion_85656344"
    },
    "shipped_order_history": [
        {
            "order_datetime": "Tue Nov 27 12:58:49 2012",
            "order_id": "T355167107286"
        },
        {
            "order_datetime": "Tue Oct  2 12:58:49 2012",
            "order_id": "T636152447141"
        },
        {
            "order_datetime": "Tue Aug 14 12:58:49 2012",
            "order_id": "T892765928204"
        },
        {
            "order_datetime": "Sun Dec 23 12:58:49 2012",
            "order_id": "T260031575119"
        }
    ]
}