{
    "doc_type": "user_profile",
    "personal_details": {
        "age": 23,
        "display_name": "Danae Hodgson",
        "email": "Danae.Hodgson@snailmail.com",
        "first_name": "Danae",
        "last_name": "Hodgson",
        "state": "Massachusetts"
    },
    "profile_details": {
        "last_login_time": "Sat Sep 21 12:58:49 2013",
        "loyalty": {
            "friends_referred": [],
            "loyalty_score": 2.93529143014845,
            "membership_type": "Basic",
            "redeemed_points": 36,
            "reward_points": 324
        },
        "password": "Danae47",
        "prefs": {
            "promotion_category": [
                "Books",
                "Music",
                "Films"
            ],
            "promotion_email": true,
            "ui_language": "German",
            "ui_theme": "Planets"
        },
        "user_creation_time": "Fri Sep  6 12:58:49 2013",
        "user_id": "Danae_30296824"
    },
    "shipped_order_history": []
}