{
    "doc_type": "user_profile",
    "personal_details": {
        "age": 58,
        "display_name": "Danica Alaniz",
        "email": "Danica.Alaniz@snailmail.com",
        "first_name": "Danica",
        "last_name": "Alaniz",
        "state": "Oregon"
    },
    "profile_details": {
        "last_login_time": "Tue Sep 24 12:58:49 2013",
        "loyalty": {
            "friends_referred": [
                "Mitchell_5648204",
                "Esteban_24444037",
                "Starla_63822204",
                "Luise_46703711"
            ],
            "loyalty_score": 9.621805591121689,
            "membership_type": "Platinum",
            "redeemed_points": 2052,
            "reward_points": 2133
        },
        "password": "Danica14",
        "prefs": {
            "promotion_email": false,
            "ui_language": "German",
            "ui_theme": "Wood"
        },
        "user_creation_time": "Fri Jun 29 12:58:49 2012",
        "user_id": "Danica_75869310"
    },
    "search_history": [
        {
            "category": "Films",
            "sub-category": [
                "Foreign Films",
                "Documentary",
                "Sci-Fi, Fantasy & Horror"
            ]
        }
    ],
    "shipped_order_history": [
        {
            "order_datetime": "Wed Dec  5 12:58:49 2012",
            "order_id": "T786123649308"
        },
        {
            "order_datetime": "Sun Dec 30 12:58:49 2012",
            "order_id": "T502132213390"
        },
        {
            "order_datetime": "Fri Mar 22 12:58:49 2013",
            "order_id": "T485449639372"
        },
        {
            "order_datetime": "Mon Mar 11 12:58:49 2013",
            "order_id": "T408852655298"
        }
    ]
}