{
    "doc_type": "user_profile",
    "personal_details": {
        "age": 32,
        "display_name": "Darcie Lacy",
        "email": "Darcie.Lacy@snailmail.com",
        "first_name": "Darcie",
        "last_name": "Lacy",
        "state": "Delaware"
    },
    "profile_details": {
        "last_login_time": "Fri Dec  7 12:58:49 2012",
        "loyalty": {
            "friends_referred": [],
            "loyalty_score": 1.6134242839194546,
            "membership_type": "Basic",
            "redeemed_points": 219,
            "reward_points": 198
        },
        "password": "Darcie97",
        "prefs": {
            "promotion_category": [
                "Books",
                "Music",
                "Films"
            ],
            "promotion_email": true,
            "ui_language": "Spanish",
            "ui_theme": "Mountains"
        },
        "user_creation_time": "Thu Jul 14 12:58:49 2011",
        "user_id": "Darcie_20052250"
    },
    "search_history": [
        {
            "category": "Films",
            "sub-category": [
                "Classic Films",
                "Drama",
                "Music & Musicals"
            ]
        }
    ],
    "shipped_order_history": []
}