{
    "doc_type": "user_profile",
    "personal_details": {
        "age": 25,
        "display_name": "Darren Hyman",
        "email": "Darren.Hyman@snailmail.com",
        "first_name": "Darren",
        "last_name": "Hyman",
        "state": "Florida"
    },
    "profile_details": {
        "last_login_time": "Sat Mar 30 12:58:49 2013",
        "loyalty": {
            "friends_referred": [
                "Sunni_55724685"
            ],
            "loyalty_score": 8.45519121935863,
            "membership_type": "Gold",
            "redeemed_points": 2232,
            "reward_points": 960
        },
        "password": "Darren87",
        "prefs": {
            "promotion_category": [
                "Books"
            ],
            "promotion_email": true,
            "ui_language": "French",
            "ui_theme": "Ocean"
        },
        "user_creation_time": "Fri Mar 30 12:58:49 2012",
        "user_id": "Darren_88937102"
    },
    "search_history": [
        {
            "category": "Films",
            "sub-category": [
                "Classic Films",
                "Comedy"
            ]
        },
        {
            "category": "Books",
            "sub-category": [
                "History",
                "NonFiction"
            ]
        },
        {
            "category": "Music",
            "sub-category": [
                "Broadway and Vocal"
            ]
        }
    ],
    "shipped_order_history": [
        {
            "order_datetime": "Sat Mar 31 12:58:49 2012",
            "order_id": "T434854966286"
        },
        {
            "order_datetime": "Thu Oct 25 12:58:49 2012",
            "order_id": "T692765025339"
        },
        {
            "order_datetime": "Mon May 21 12:58:49 2012",
            "order_id": "T369634831311"
        },
        {
            "order_datetime": "Fri Jan 25 12:58:49 2013",
            "order_id": "T197367595102"
        },
        {
            "order_datetime": "Wed Mar  6 12:58:49 2013",
            "order_id": "T587028235180"
        },
        {
            "order_datetime": "Mon Jul 16 12:58:49 2012",
            "order_id": "T108146094359"
        }
    ]
}