{
    "doc_type": "user_profile",
    "personal_details": {
        "age": 49,
        "display_name": "Daryl Cloud",
        "email": "Daryl.Cloud@snailmail.com",
        "first_name": "Daryl",
        "last_name": "Cloud",
        "state": "Illinois"
    },
    "profile_details": {
        "last_login_time": "Sun Jul  7 12:58:49 2013",
        "loyalty": {
            "friends_referred": [],
            "loyalty_score": 3.77865324253838,
            "membership_type": "Basic",
            "redeemed_points": 720,
            "reward_points": 9
        },
        "password": "Daryl47",
        "prefs": {
            "promotion_email": false,
            "ui_language": "English",
            "ui_theme": "Tree Tops"
        },
        "user_creation_time": "Sun Oct 16 12:58:49 2011",
        "user_id": "Daryl_80952121"
    },
    "search_history": [
        {
            "category": "Films",
            "sub-category": [
                "Classic Films"
            ]
        },
        {
            "category": "Books",
            "sub-category": [
                "History",
                "Travel"
            ]
        },
        {
            "category": "Music",
            "sub-category": [
                "Broadway and Vocal",
                "Country Music",
                "New Age"
            ]
        }
    ],
    "shipped_order_history": [
        {
            "order_datetime": "Sat Jun 15 12:58:49 2013",
            "order_id": "T954625203525"
        },
        {
            "order_datetime": "Sun Apr  7 12:58:49 2013",
            "order_id": "T383333671996"
        },
        {
            "order_datetime": "Mon Apr 30 12:58:49 2012",
            "order_id": "T909037305820"
        }
    ]
}