{
    "doc_type": "user_profile",
    "personal_details": {
        "age": 53,
        "display_name": "Deann Ammons",
        "email": "Deann.Ammons@snailmail.com",
        "first_name": "Deann",
        "last_name": "Ammons",
        "state": "Alaska"
    },
    "profile_details": {
        "last_login_time": "Tue Apr 23 12:58:49 2013",
        "loyalty": {
            "friends_referred": [
                "Bob_83055537"
            ],
            "loyalty_score": 7.964285010353562,
            "membership_type": "Gold",
            "redeemed_points": 105,
            "reward_points": 231
        },
        "password": "Deann78",
        "prefs": {
            "promotion_email": false,
            "ui_language": "German",
            "ui_theme": "Pebbles"
        },
        "user_creation_time": "Mon Jul 30 12:58:49 2012",
        "user_id": "Deann_84453039"
    },
    "search_history": [
        {
            "category": "Films",
            "sub-category": [
                "Foreign Films"
            ]
        }
    ],
    "shipped_order_history": [
        {
            "order_datetime": "Wed Mar 13 12:58:49 2013",
            "order_id": "T547849753363"
        },
        {
            "order_datetime": "Sun Aug  5 12:58:49 2012",
            "order_id": "T809458222202"
        },
        {
            "order_datetime": "Wed Apr 17 12:58:49 2013",
            "order_id": "T843422267303"
        }
    ]
}