{
    "doc_type": "user_profile",
    "personal_details": {
        "age": 35,
        "display_name": "Deandra Pullen",
        "email": "Deandra.Pullen@snailmail.com",
        "first_name": "Deandra",
        "last_name": "Pullen",
        "state": "New Mexico"
    },
    "profile_details": {
        "last_login_time": "Wed Sep 25 12:58:49 2013",
        "loyalty": {
            "friends_referred": [],
            "loyalty_score": 4.199815615701116,
            "membership_type": "Silver",
            "redeemed_points": 1092,
            "reward_points": 348
        },
        "password": "Deandra94",
        "prefs": {
            "promotion_email": false,
            "ui_language": "English",
            "ui_theme": "Tree Tops"
        },
        "user_creation_time": "Fri Jul 19 12:58:49 2013",
        "user_id": "Deandra_18237310"
    },
    "shipped_order_history": [
        {
            "order_datetime": "Sun Aug  4 12:58:49 2013",
            "order_id": "T286237544287"
        },
        {
            "order_datetime": "Sat Sep 14 12:58:49 2013",
            "order_id": "T719243876463"
        },
        {
            "order_datetime": "Sun Sep  1 12:58:49 2013",
            "order_id": "T338357628031"
        },
        {
            "order_datetime": "Sat Aug 24 12:58:49 2013",
            "order_id": "T628240083131"
        }
    ]
}