{
    "doc_type": "user_profile",
    "personal_details": {
        "age": 51,
        "display_name": "Deann Hidalgo",
        "email": "Deann.Hidalgo@snailmail.com",
        "first_name": "Deann",
        "last_name": "Hidalgo",
        "state": "Illinois"
    },
    "profile_details": {
        "last_login_time": "Thu May  9 12:58:49 2013",
        "loyalty": {
            "friends_referred": [],
            "loyalty_score": 3.1893730961393074,
            "membership_type": "Basic",
            "redeemed_points": 288,
            "reward_points": 459
        },
        "password": "Deann46",
        "prefs": {
            "promotion_category": [
                "Books"
            ],
            "promotion_email": true,
            "ui_language": "French",
            "ui_theme": "Wood"
        },
        "user_creation_time": "Tue Feb 28 12:58:49 2012",
        "user_id": "Deann_22608870"
    },
    "search_history": [
        {
            "category": "Films",
            "sub-category": [
                "Foreign Films"
            ]
        }
    ],
    "shipped_order_history": [
        {
            "order_datetime": "Mon May 28 12:58:49 2012",
            "order_id": "T777751312130"
        }
    ]
}