{
    "doc_type": "user_profile",
    "personal_details": {
        "age": 48,
        "display_name": "Deann Gagne",
        "email": "Deann.Gagne@snailmail.com",
        "first_name": "Deann",
        "last_name": "Gagne",
        "state": "Wisconsin\n"
    },
    "profile_details": {
        "last_login_time": "Sun Sep 15 12:58:49 2013",
        "loyalty": {
            "friends_referred": [],
            "loyalty_score": 6.918683691036403,
            "membership_type": "Silver",
            "redeemed_points": 936,
            "reward_points": 288
        },
        "password": "Deann51",
        "prefs": {
            "promotion_email": false,
            "ui_language": "Spanish",
            "ui_theme": "Tree Tops"
        },
        "user_creation_time": "Tue Jun 25 12:58:49 2013",
        "user_id": "Deann_39722988"
    },
    "search_history": [
        {
            "category": "Films",
            "sub-category": [
                "Foreign Films"
            ]
        },
        {
            "category": "Books",
            "sub-category": [
                "Religion",
                "Travel"
            ]
        },
        {
            "category": "Music",
            "sub-category": [
                "Blues and Folk",
                "Kid's Music"
            ]
        }
    ],
    "shipped_order_history": [
        {
            "order_datetime": "Sun Aug 18 12:58:49 2013",
            "order_id": "T751739517881"
        },
        {
            "order_datetime": "Thu Sep  5 12:58:49 2013",
            "order_id": "T198031807531"
        }
    ]
}