{
    "doc_type": "user_profile",
    "personal_details": {
        "age": 23,
        "display_name": "Debi Linares",
        "email": "Debi.Linares@snailmail.com",
        "first_name": "Debi",
        "last_name": "Linares",
        "state": "Alabama"
    },
    "profile_details": {
        "last_login_time": "Thu Aug  8 12:58:49 2013",
        "loyalty": {
            "friends_referred": [],
            "loyalty_score": 3.2706695725219315,
            "membership_type": "Basic",
            "redeemed_points": 819,
            "reward_points": 351
        },
        "password": "Debi83",
        "prefs": {
            "promotion_email": false,
            "ui_language": "German",
            "ui_theme": "Wood"
        },
        "user_creation_time": "Wed May  1 12:58:49 2013",
        "user_id": "Debi_84257809"
    },
    "search_history": [
        {
            "category": "Films",
            "sub-category": [
                "Classic Films",
                "Comedy"
            ]
        },
        {
            "category": "Books",
            "sub-category": [
                "Religion",
                "Medicine"
            ]
        },
        {
            "category": "Music",
            "sub-category": [
                "Classical Music",
                "Jazz"
            ]
        }
    ],
    "shipped_order_history": [
        {
            "order_datetime": "Sat Jun 29 12:58:49 2013",
            "order_id": "T509223718092"
        },
        {
            "order_datetime": "Wed May  8 12:58:49 2013",
            "order_id": "T804520631731"
        },
        {
            "order_datetime": "Thu Jun  6 12:58:49 2013",
            "order_id": "T514156509771"
        }
    ]
}