{
    "doc_type": "user_profile",
    "personal_details": {
        "age": 39,
        "display_name": "Debroah Greenfield",
        "email": "Debroah.Greenfield@snailmail.com",
        "first_name": "Debroah",
        "last_name": "Greenfield",
        "state": "North Carolina"
    },
    "profile_details": {
        "last_login_time": "Thu Jun 20 12:58:49 2013",
        "loyalty": {
            "friends_referred": [],
            "loyalty_score": 7.3022945295923725,
            "membership_type": "Gold",
            "redeemed_points": 399,
            "reward_points": 1302
        },
        "password": "Debroah40",
        "prefs": {
            "promotion_email": false,
            "ui_language": "German",
            "ui_theme": "Planets"
        },
        "user_creation_time": "Fri Aug 10 12:58:49 2012",
        "user_id": "Debroah_9651604"
    },
    "search_history": [
        {
            "category": "Films",
            "sub-category": [
                "Animation",
                "Documentary"
            ]
        }
    ],
    "shipped_order_history": [
        {
            "order_datetime": "Tue Oct  2 12:58:49 2012",
            "order_id": "T602360758019"
        },
        {
            "order_datetime": "Tue Oct 23 12:58:49 2012",
            "order_id": "T274130273747"
        }
    ]
}