{
    "doc_type": "user_profile",
    "personal_details": {
        "age": 38,
        "display_name": "Deedee Maki",
        "email": "Deedee.Maki@snailmail.com",
        "first_name": "Deedee",
        "last_name": "Maki",
        "state": "Kentucky"
    },
    "profile_details": {
        "last_login_time": "Wed Aug 21 12:58:49 2013",
        "loyalty": {
            "friends_referred": [],
            "loyalty_score": 1.9672163039615032,
            "membership_type": "Basic",
            "redeemed_points": 126,
            "reward_points": 114
        },
        "password": "Deedee13",
        "prefs": {
            "promotion_category": [
                "Books",
                "Music",
                "Films"
            ],
            "promotion_email": true,
            "ui_language": "English",
            "ui_theme": "Beach"
        },
        "user_creation_time": "Sun Oct 28 12:58:49 2012",
        "user_id": "Deedee_89996353"
    },
    "search_history": [
        {
            "category": "Films",
            "sub-category": [
                "Classic Films",
                "Drama"
            ]
        }
    ],
    "shipped_order_history": []
}