{
    "doc_type": "user_profile",
    "personal_details": {
        "age": 26,
        "display_name": "Deedee Quick",
        "email": "Deedee.Quick@snailmail.com",
        "first_name": "Deedee",
        "last_name": "Quick",
        "state": "Georgia"
    },
    "profile_details": {
        "last_login_time": "Sat Jan 19 12:58:49 2013",
        "loyalty": {
            "friends_referred": [],
            "loyalty_score": 2.1346331706945474,
            "membership_type": "Basic",
            "redeemed_points": 462,
            "reward_points": 174
        },
        "password": "Deedee48",
        "prefs": {
            "promotion_email": false,
            "ui_language": "French",
            "ui_theme": "Ocean"
        },
        "user_creation_time": "Sun Nov 27 12:58:49 2011",
        "user_id": "Deedee_74092971"
    },
    "search_history": [
        {
            "category": "Films",
            "sub-category": [
                "Animation",
                "Documentary",
                "Music & Musicals"
            ]
        },
        {
            "category": "Books",
            "sub-category": [
                "Humor"
            ]
        }
    ],
    "shipped_order_history": []
}