{
    "doc_type": "user_profile",
    "personal_details": {
        "age": 24,
        "display_name": "Delana Whitlow",
        "email": "Delana.Whitlow@snailmail.com",
        "first_name": "Delana",
        "last_name": "Whitlow",
        "state": "Hawaii"
    },
    "profile_details": {
        "last_login_time": "Sat Aug 31 12:58:49 2013",
        "loyalty": {
            "friends_referred": [],
            "loyalty_score": 0.4079870779060035,
            "membership_type": "Basic",
            "redeemed_points": 0,
            "reward_points": 0
        },
        "password": "Delana72",
        "prefs": {
            "promotion_email": false,
            "ui_language": "French",
            "ui_theme": "Mountains"
        },
        "user_creation_time": "Mon Aug  5 12:58:49 2013",
        "user_id": "Delana_5609163"
    },
    "search_history": [
        {
            "category": "Films",
            "sub-category": [
                "Animation",
                "Comedy"
            ]
        },
        {
            "category": "Books",
            "sub-category": [
                "Religion"
            ]
        },
        {
            "category": "Music",
            "sub-category": [
                "Blues and Folk"
            ]
        }
    ],
    "shipped_order_history": []
}