{
    "doc_type": "user_profile",
    "personal_details": {
        "age": 33,
        "display_name": "Delana Burnside",
        "email": "Delana.Burnside@snailmail.com",
        "first_name": "Delana",
        "last_name": "Burnside",
        "state": "South Dakota"
    },
    "profile_details": {
        "last_login_time": "Wed Sep 11 12:58:49 2013",
        "loyalty": {
            "friends_referred": [],
            "loyalty_score": 5.220616006995775,
            "membership_type": "Silver",
            "redeemed_points": 120,
            "reward_points": 120
        },
        "password": "Delana62",
        "prefs": {
            "promotion_email": false,
            "ui_language": "English",
            "ui_theme": "Planets"
        },
        "user_creation_time": "Mon Apr 16 12:58:49 2012",
        "user_id": "Delana_12968485"
    },
    "shipped_order_history": [
        {
            "order_datetime": "Sat Jun 23 12:58:49 2012",
            "order_id": "T504152539363"
        },
        {
            "order_datetime": "Tue Jan 29 12:58:49 2013",
            "order_id": "T141163359484"
        },
        {
            "order_datetime": "Tue Aug  6 12:58:49 2013",
            "order_id": "T344355602480"
        },
        {
            "order_datetime": "Sun May 20 12:58:49 2012",
            "order_id": "T684028536515"
        }
    ]
}