{
    "doc_type": "user_profile",
    "personal_details": {
        "age": 35,
        "display_name": "Della Sawyer",
        "email": "Della.Sawyer@snailmail.com",
        "first_name": "Della",
        "last_name": "Sawyer",
        "state": "Washington"
    },
    "profile_details": {
        "last_login_time": "Fri May  3 12:58:49 2013",
        "loyalty": {
            "friends_referred": [],
            "loyalty_score": 9.214898842711,
            "membership_type": "Platinum",
            "redeemed_points": 1431,
            "reward_points": 2025
        },
        "password": "Della33",
        "prefs": {
            "promotion_email": false,
            "ui_language": "English",
            "ui_theme": "Wood"
        },
        "user_creation_time": "Tue Nov  6 12:58:49 2012",
        "user_id": "Della_35187904"
    },
    "search_history": [
        {
            "category": "Films",
            "sub-category": [
                "Classic Films",
                "Documentary",
                "Sci-Fi, Fantasy & Horror"
            ]
        },
        {
            "category": "Books",
            "sub-category": [
                "Religion",
                "Medicine",
                "Home & Garden"
            ]
        }
    ],
    "shipped_order_history": [
        {
            "order_datetime": "Sat Nov 17 12:58:49 2012",
            "order_id": "T218130749405"
        },
        {
            "order_datetime": "Thu Apr  4 12:58:49 2013",
            "order_id": "T358652499263"
        },
        {
            "order_datetime": "Thu May  2 12:58:49 2013",
            "order_id": "T810439172490"
        },
        {
            "order_datetime": "Sat Apr 27 12:58:49 2013",
            "order_id": "T411553894873"
        },
        {
            "order_datetime": "Sat Dec 15 12:58:49 2012",
            "order_id": "T244534633044"
        }
    ]
}