{
    "doc_type": "user_profile",
    "personal_details": {
        "age": 27,
        "display_name": "Delma Ouellette",
        "email": "Delma.Ouellette@snailmail.com",
        "first_name": "Delma",
        "last_name": "Ouellette",
        "state": "Maryland"
    },
    "profile_details": {
        "last_login_time": "Sun Sep 22 12:58:49 2013",
        "loyalty": {
            "friends_referred": [],
            "loyalty_score": 3.2087425725394105,
            "membership_type": "Basic",
            "redeemed_points": 747,
            "reward_points": 873
        },
        "password": "Delma58",
        "prefs": {
            "promotion_category": [
                "Books",
                "Music"
            ],
            "promotion_email": true,
            "ui_language": "French",
            "ui_theme": "Tree Tops"
        },
        "user_creation_time": "Tue Sep 17 12:58:49 2013",
        "user_id": "Delma_9601231"
    },
    "search_history": [
        {
            "category": "Films",
            "sub-category": [
                "Foreign Films",
                "Documentary",
                "Fitness / Instructional"
            ]
        },
        {
            "category": "Books",
            "sub-category": [
                "Humor"
            ]
        },
        {
            "category": "Music",
            "sub-category": [
                "Classical Music"
            ]
        }
    ],
    "shipped_order_history": [
        {
            "order_datetime": "Sun Sep 22 12:58:49 2013",
            "order_id": "T564358218817"
        },
        {
            "order_datetime": "Sat Sep 21 12:58:49 2013",
            "order_id": "T143365775353"
        },
        {
            "order_datetime": "Fri Sep 20 12:58:49 2013",
            "order_id": "T446468817352"
        }
    ]
}