{
    "doc_type": "user_profile",
    "personal_details": {
        "age": 24,
        "display_name": "Delmy Belton",
        "email": "Delmy.Belton@snailmail.com",
        "first_name": "Delmy",
        "last_name": "Belton",
        "state": "North Dakota"
    },
    "profile_details": {
        "last_login_time": "Fri Sep 13 12:58:49 2013",
        "loyalty": {
            "friends_referred": [],
            "loyalty_score": 5.5448512255205,
            "membership_type": "Silver",
            "redeemed_points": 765,
            "reward_points": 465
        },
        "password": "Delmy12",
        "prefs": {
            "promotion_category": [
                "Books",
                "Music"
            ],
            "promotion_email": true,
            "ui_language": "English",
            "ui_theme": "Grafitti"
        },
        "user_creation_time": "Fri Aug 12 12:58:49 2011",
        "user_id": "Delmy_31615360"
    },
    "shipped_order_history": [
        {
            "order_datetime": "Tue May  1 12:58:49 2012",
            "order_id": "T620658253406"
        },
        {
            "order_datetime": "Thu Sep 12 12:58:49 2013",
            "order_id": "T552669164633"
        },
        {
            "order_datetime": "Sun Nov 27 12:58:49 2011",
            "order_id": "T461842964810"
        },
        {
            "order_datetime": "Wed Apr 17 12:58:49 2013",
            "order_id": "T804649271631"
        },
        {
            "order_datetime": "Fri Apr 27 12:58:49 2012",
            "order_id": "T979451599203"
        }
    ]
}