{
    "doc_type": "user_profile",
    "personal_details": {
        "age": 24,
        "display_name": "Deloras Hamilton",
        "email": "Deloras.Hamilton@snailmail.com",
        "first_name": "Deloras",
        "last_name": "Hamilton",
        "state": "North Carolina"
    },
    "profile_details": {
        "last_login_time": "Fri Jan  4 12:58:49 2013",
        "loyalty": {
            "friends_referred": [],
            "loyalty_score": 8.381636715800097,
            "membership_type": "Gold",
            "redeemed_points": 1920,
            "reward_points": 960
        },
        "password": "Deloras91",
        "prefs": {
            "promotion_email": false,
            "ui_language": "German",
            "ui_theme": "Beach"
        },
        "user_creation_time": "Sat Apr 30 12:58:49 2011",
        "user_id": "Deloras_37347782"
    },
    "shipped_order_history": [
        {
            "order_datetime": "Wed Oct 24 12:58:49 2012",
            "order_id": "T847252846665"
        },
        {
            "order_datetime": "Fri Sep 30 12:58:49 2011",
            "order_id": "T900667908376"
        }
    ]
}