{
    "doc_type": "user_profile",
    "personal_details": {
        "age": 24,
        "display_name": "Delphine Clemente",
        "email": "Delphine.Clemente@snailmail.com",
        "first_name": "Delphine",
        "last_name": "Clemente",
        "state": "Alaska"
    },
    "profile_details": {
        "last_login_time": "Mon Jul 22 12:58:49 2013",
        "loyalty": {
            "friends_referred": [],
            "loyalty_score": 0.21605180056035733,
            "membership_type": "Basic",
            "redeemed_points": 0,
            "reward_points": 0
        },
        "password": "Delphine36",
        "prefs": {
            "promotion_email": false,
            "ui_language": "Spanish",
            "ui_theme": "Grafitti"
        },
        "user_creation_time": "Thu Feb 10 12:58:49 2011",
        "user_id": "Delphine_86611779"
    },
    "search_history": [
        {
            "category": "Films",
            "sub-category": [
                "Foreign Films"
            ]
        }
    ],
    "shipped_order_history": []
}