{
    "doc_type": "user_profile",
    "personal_details": {
        "age": 30,
        "display_name": "Delphine Saucedo",
        "email": "Delphine.Saucedo@snailmail.com",
        "first_name": "Delphine",
        "last_name": "Saucedo",
        "state": "Utah"
    },
    "profile_details": {
        "last_login_time": "Mon Jun 24 12:58:49 2013",
        "loyalty": {
            "friends_referred": [],
            "loyalty_score": 5.694994428674463,
            "membership_type": "Silver",
            "redeemed_points": 45,
            "reward_points": 45
        },
        "password": "Delphine59",
        "prefs": {
            "promotion_email": false,
            "ui_language": "French",
            "ui_theme": "Grafitti"
        },
        "user_creation_time": "Fri Oct  5 12:58:49 2012",
        "user_id": "Delphine_63608670"
    },
    "search_history": [
        {
            "category": "Films",
            "sub-category": [
                "Foreign Films"
            ]
        },
        {
            "category": "Books",
            "sub-category": [
                "Religion",
                "Medicine",
                "Diet & Health"
            ]
        },
        {
            "category": "Music",
            "sub-category": [
                "Broadway and Vocal",
                "Country Music"
            ]
        }
    ],
    "shipped_order_history": [
        {
            "order_datetime": "Thu Jun 13 12:58:49 2013",
            "order_id": "T645660098739"
        },
        {
            "order_datetime": "Mon Jan 28 12:58:49 2013",
            "order_id": "T156321026734"
        }
    ]
}