{
    "doc_type": "user_profile",
    "personal_details": {
        "age": 40,
        "display_name": "Delta Berger",
        "email": "Delta.Berger@snailmail.com",
        "first_name": "Delta",
        "last_name": "Berger",
        "state": "Illinois"
    },
    "profile_details": {
        "last_login_time": "Tue Jun 11 12:58:49 2013",
        "loyalty": {
            "friends_referred": [],
            "loyalty_score": 0.7310791904439562,
            "membership_type": "Basic",
            "redeemed_points": 0,
            "reward_points": 0
        },
        "password": "Delta27",
        "prefs": {
            "promotion_email": false,
            "ui_language": "French",
            "ui_theme": "Beach"
        },
        "user_creation_time": "Fri Sep  2 12:58:49 2011",
        "user_id": "Delta_9541950"
    },
    "search_history": [
        {
            "category": "Films",
            "sub-category": [
                "Foreign Films",
                "Documentary",
                "Music & Musicals"
            ]
        }
    ],
    "shipped_order_history": []
}