{
    "doc_type": "user_profile",
    "personal_details": {
        "age": 56,
        "display_name": "Demetrice Leahy",
        "email": "Demetrice.Leahy@snailmail.com",
        "first_name": "Demetrice",
        "last_name": "Leahy",
        "state": "New York"
    },
    "profile_details": {
        "last_login_time": "Tue Mar  5 12:58:49 2013",
        "loyalty": {
            "friends_referred": [],
            "loyalty_score": 4.792712843118359,
            "membership_type": "Silver",
            "redeemed_points": 888,
            "reward_points": 948
        },
        "password": "Demetrice97",
        "prefs": {
            "promotion_email": false,
            "ui_language": "French",
            "ui_theme": "Beach"
        },
        "user_creation_time": "Mon Jan 23 12:58:49 2012",
        "user_id": "Demetrice_16918342"
    },
    "search_history": [
        {
            "category": "Films",
            "sub-category": [
                "Foreign Films"
            ]
        },
        {
            "category": "Books",
            "sub-category": [
                "Humor"
            ]
        }
    ],
    "shipped_order_history": [
        {
            "order_datetime": "Tue Feb 26 12:58:49 2013",
            "order_id": "T579053374177"
        }
    ]
}