{
    "doc_type": "user_profile",
    "personal_details": {
        "age": 52,
        "display_name": "Denny Peter",
        "email": "Denny.Peter@snailmail.com",
        "first_name": "Denny",
        "last_name": "Peter",
        "state": "West Virginia"
    },
    "profile_details": {
        "last_login_time": "Sun Feb 10 12:58:49 2013",
        "loyalty": {
            "friends_referred": [],
            "loyalty_score": 1.4597105804828403,
            "membership_type": "Basic",
            "redeemed_points": 156,
            "reward_points": 33
        },
        "password": "Denny21",
        "prefs": {
            "promotion_category": [
                "Books"
            ],
            "promotion_email": true,
            "ui_language": "French",
            "ui_theme": "Pebbles"
        },
        "user_creation_time": "Fri Oct 28 12:58:49 2011",
        "user_id": "Denny_89701844"
    },
    "shipped_order_history": []
}