{
    "doc_type": "user_profile",
    "personal_details": {
        "age": 35,
        "display_name": "Denny Tidwell",
        "email": "Denny.Tidwell@snailmail.com",
        "first_name": "Denny",
        "last_name": "Tidwell",
        "state": "Georgia"
    },
    "profile_details": {
        "last_login_time": "Sat Aug 24 12:58:49 2013",
        "loyalty": {
            "friends_referred": [],
            "loyalty_score": 3.3228155161032005,
            "membership_type": "Basic",
            "redeemed_points": 801,
            "reward_points": 648
        },
        "password": "Denny22",
        "prefs": {
            "promotion_category": [
                "Books",
                "Music"
            ],
            "promotion_email": true,
            "ui_language": "Spanish",
            "ui_theme": "Mountains"
        },
        "user_creation_time": "Thu Jul 18 12:58:49 2013",
        "user_id": "Denny_72776263"
    },
    "search_history": [
        {
            "category": "Films",
            "sub-category": [
                "Classic Films"
            ]
        },
        {
            "category": "Books",
            "sub-category": [
                "Religion",
                "Travel",
                "Diet & Health"
            ]
        }
    ],
    "shipped_order_history": [
        {
            "order_datetime": "Fri Jul 26 12:58:49 2013",
            "order_id": "T143441003664"
        },
        {
            "order_datetime": "Wed Aug  7 12:58:49 2013",
            "order_id": "T629150686418"
        }
    ]
}