{
    "doc_type": "user_profile",
    "personal_details": {
        "age": 48,
        "display_name": "Deonna Layton",
        "email": "Deonna.Layton@snailmail.com",
        "first_name": "Deonna",
        "last_name": "Layton",
        "state": "Kentucky"
    },
    "profile_details": {
        "last_login_time": "Wed Sep 25 12:58:49 2013",
        "loyalty": {
            "friends_referred": [],
            "loyalty_score": 3.1239299586380698,
            "membership_type": "Basic",
            "redeemed_points": 783,
            "reward_points": 315
        },
        "password": "Deonna11",
        "prefs": {
            "promotion_email": false,
            "ui_language": "German",
            "ui_theme": "Mountains"
        },
        "user_creation_time": "Sun Jul  1 12:58:49 2012",
        "user_id": "Deonna_28581264"
    },
    "search_history": [
        {
            "category": "Films",
            "sub-category": [
                "Foreign Films",
                "Comedy",
                "Sci-Fi, Fantasy & Horror"
            ]
        }
    ],
    "shipped_order_history": [
        {
            "order_datetime": "Wed Oct 31 12:58:49 2012",
            "order_id": "T361926318568"
        },
        {
            "order_datetime": "Wed Dec 12 12:58:49 2012",
            "order_id": "T880444172273"
        }
    ]
}