{
    "doc_type": "user_profile",
    "personal_details": {
        "age": 33,
        "display_name": "Devon Mcbride",
        "email": "Devon.Mcbride@snailmail.com",
        "first_name": "Devon",
        "last_name": "Mcbride",
        "state": "Tennessee"
    },
    "profile_details": {
        "last_login_time": "Mon Mar  4 12:58:49 2013",
        "loyalty": {
            "friends_referred": [],
            "loyalty_score": 8.3470724651661,
            "membership_type": "Gold",
            "redeemed_points": 264,
            "reward_points": 504
        },
        "password": "Devon97",
        "prefs": {
            "promotion_category": [
                "Books",
                "Music",
                "Films"
            ],
            "promotion_email": true,
            "ui_language": "French",
            "ui_theme": "Pebbles"
        },
        "user_creation_time": "Fri Aug 19 12:58:49 2011",
        "user_id": "Devon_63134803"
    },
    "search_history": [
        {
            "category": "Films",
            "sub-category": [
                "Classic Films",
                "Documentary",
                "Sci-Fi, Fantasy & Horror"
            ]
        },
        {
            "category": "Books",
            "sub-category": [
                "History",
                "Travel",
                "Home & Garden"
            ]
        },
        {
            "category": "Music",
            "sub-category": [
                "Classical Music"
            ]
        }
    ],
    "shipped_order_history": [
        {
            "order_datetime": "Thu Jan 31 12:58:49 2013",
            "order_id": "T727141578637"
        },
        {
            "order_datetime": "Fri Feb 17 12:58:49 2012",
            "order_id": "T287168079364"
        },
        {
            "order_datetime": "Mon Sep 19 12:58:49 2011",
            "order_id": "T383041421893"
        },
        {
            "order_datetime": "Wed Dec 12 12:58:49 2012",
            "order_id": "T144120092128"
        },
        {
            "order_datetime": "Sun Sep 11 12:58:49 2011",
            "order_id": "T241065621488"
        },
        {
            "order_datetime": "Tue Feb 28 12:58:49 2012",
            "order_id": "T308155404465"
        },
        {
            "order_datetime": "Mon Aug 29 12:58:49 2011",
            "order_id": "T870960912615"
        },
        {
            "order_datetime": "Sat Dec  8 12:58:49 2012",
            "order_id": "T148526796005"
        }
    ]
}