{
    "doc_type": "user_profile",
    "personal_details": {
        "age": 32,
        "display_name": "Devon Heck",
        "email": "Devon.Heck@snailmail.com",
        "first_name": "Devon",
        "last_name": "Heck",
        "state": "Nebraska"
    },
    "profile_details": {
        "last_login_time": "Tue Dec  4 12:58:49 2012",
        "loyalty": {
            "friends_referred": [
                "Shantelle_11345280"
            ],
            "loyalty_score": 8.920670694250338,
            "membership_type": "Gold",
            "redeemed_points": 1056,
            "reward_points": 1056
        },
        "password": "Devon46",
        "prefs": {
            "promotion_category": [
                "Books",
                "Music",
                "Films"
            ],
            "promotion_email": true,
            "ui_language": "Spanish",
            "ui_theme": "Mountains"
        },
        "user_creation_time": "Sat Nov 26 12:58:49 2011",
        "user_id": "Devon_78737745"
    },
    "search_history": [
        {
            "category": "Films",
            "sub-category": [
                "Foreign Films",
                "Documentary"
            ]
        },
        {
            "category": "Books",
            "sub-category": [
                "History",
                "NonFiction",
                "Diet & Health"
            ]
        },
        {
            "category": "Music",
            "sub-category": [
                "Blues and Folk"
            ]
        }
    ],
    "shipped_order_history": [
        {
            "order_datetime": "Tue May  1 12:58:49 2012",
            "order_id": "T739527938867"
        },
        {
            "order_datetime": "Sat Nov 10 12:58:49 2012",
            "order_id": "T332743909535"
        },
        {
            "order_datetime": "Sat Dec 31 12:58:49 2011",
            "order_id": "T824853521815"
        },
        {
            "order_datetime": "Wed Jul  4 12:58:49 2012",
            "order_id": "T165768147806"
        },
        {
            "order_datetime": "Sun Apr 29 12:58:49 2012",
            "order_id": "T241525198286"
        },
        {
            "order_datetime": "Wed Aug  1 12:58:49 2012",
            "order_id": "T936268257678"
        }
    ]
}