{
    "doc_type": "user_profile",
    "personal_details": {
        "age": 37,
        "display_name": "Dewayne Bozeman",
        "email": "Dewayne.Bozeman@snailmail.com",
        "first_name": "Dewayne",
        "last_name": "Bozeman",
        "state": "Maine"
    },
    "profile_details": {
        "last_login_time": "Sat Dec 15 12:58:49 2012",
        "loyalty": {
            "friends_referred": [
                "Susy_97491562"
            ],
            "loyalty_score": 6.870123057178455,
            "membership_type": "Silver",
            "redeemed_points": 432,
            "reward_points": 1008
        },
        "password": "Dewayne85",
        "prefs": {
            "promotion_category": [
                "Books",
                "Music",
                "Films"
            ],
            "promotion_email": true,
            "ui_language": "Spanish",
            "ui_theme": "Beach"
        },
        "user_creation_time": "Sat Sep 10 12:58:49 2011",
        "user_id": "Dewayne_6447872"
    },
    "search_history": [
        {
            "category": "Films",
            "sub-category": [
                "Foreign Films",
                "Drama",
                "Sci-Fi, Fantasy & Horror"
            ]
        },
        {
            "category": "Books",
            "sub-category": [
                "Religion",
                "Travel"
            ]
        },
        {
            "category": "Music",
            "sub-category": [
                "Blues and Folk"
            ]
        }
    ],
    "shipped_order_history": [
        {
            "order_datetime": "Sat Apr 28 12:58:49 2012",
            "order_id": "T335936617167"
        },
        {
            "order_datetime": "Mon Mar 26 12:58:49 2012",
            "order_id": "T640732776268"
        }
    ]
}