{
    "doc_type": "user_profile",
    "personal_details": {
        "age": 22,
        "display_name": "Dian Bullard",
        "email": "Dian.Bullard@snailmail.com",
        "first_name": "Dian",
        "last_name": "Bullard",
        "state": "Maine"
    },
    "profile_details": {
        "last_login_time": "Wed Aug 14 12:58:49 2013",
        "loyalty": {
            "friends_referred": [],
            "loyalty_score": 3.0688331525575894,
            "membership_type": "Basic",
            "redeemed_points": 90,
            "reward_points": 783
        },
        "password": "Dian79",
        "prefs": {
            "promotion_email": false,
            "ui_language": "Spanish",
            "ui_theme": "Mountains"
        },
        "user_creation_time": "Mon Jan 16 12:58:49 2012",
        "user_id": "Dian_57843442"
    },
    "search_history": [
        {
            "category": "Films",
            "sub-category": [
                "Classic Films",
                "Documentary",
                "Music & Musicals"
            ]
        },
        {
            "category": "Books",
            "sub-category": [
                "Humor"
            ]
        },
        {
            "category": "Music",
            "sub-category": [
                "Broadway and Vocal"
            ]
        }
    ],
    "shipped_order_history": [
        {
            "order_datetime": "Mon Jun 17 12:58:49 2013",
            "order_id": "T163851542795"
        },
        {
            "order_datetime": "Tue Sep 18 12:58:49 2012",
            "order_id": "T500524681490"
        },
        {
            "order_datetime": "Tue Jul 30 12:58:49 2013",
            "order_id": "T177544143622"
        }
    ]
}