{
    "doc_type": "user_profile",
    "personal_details": {
        "age": 23,
        "display_name": "Dick Fanning",
        "email": "Dick.Fanning@snailmail.com",
        "first_name": "Dick",
        "last_name": "Fanning",
        "state": "Mississippi"
    },
    "profile_details": {
        "last_login_time": "Wed Aug  7 12:58:49 2013",
        "loyalty": {
            "friends_referred": [],
            "loyalty_score": 3.3588842598892166,
            "membership_type": "Basic",
            "redeemed_points": 864,
            "reward_points": 45
        },
        "password": "Dick72",
        "prefs": {
            "promotion_category": [
                "Books",
                "Music"
            ],
            "promotion_email": true,
            "ui_language": "English",
            "ui_theme": "Ocean"
        },
        "user_creation_time": "Sun Oct 21 12:58:49 2012",
        "user_id": "Dick_89889027"
    },
    "search_history": [
        {
            "category": "Films",
            "sub-category": [
                "Animation"
            ]
        }
    ],
    "shipped_order_history": [
        {
            "order_datetime": "Thu May  9 12:58:49 2013",
            "order_id": "T337850343265"
        },
        {
            "order_datetime": "Mon Jul 15 12:58:49 2013",
            "order_id": "T775341775687"
        },
        {
            "order_datetime": "Tue Jun 25 12:58:49 2013",
            "order_id": "T471845948856"
        }
    ]
}