{
    "doc_type": "user_profile",
    "personal_details": {
        "age": 22,
        "display_name": "Domitila Heaton",
        "email": "Domitila.Heaton@snailmail.com",
        "first_name": "Domitila",
        "last_name": "Heaton",
        "state": "Louisiana"
    },
    "profile_details": {
        "last_login_time": "Tue Aug 20 12:58:49 2013",
        "loyalty": {
            "friends_referred": [],
            "loyalty_score": 2.8589734011705925,
            "membership_type": "Basic",
            "redeemed_points": 198,
            "reward_points": 336
        },
        "password": "Domitila89",
        "prefs": {
            "promotion_category": [
                "Books"
            ],
            "promotion_email": true,
            "ui_language": "Spanish",
            "ui_theme": "Grafitti"
        },
        "user_creation_time": "Mon Aug  1 12:58:49 2011",
        "user_id": "Domitila_73514008"
    },
    "search_history": [
        {
            "category": "Films",
            "sub-category": [
                "Foreign Films",
                "Documentary",
                "Fitness / Instructional"
            ]
        }
    ],
    "shipped_order_history": []
}