{
    "doc_type": "user_profile",
    "personal_details": {
        "age": 37,
        "display_name": "Dominque Shumate",
        "email": "Dominque.Shumate@snailmail.com",
        "first_name": "Dominque",
        "last_name": "Shumate",
        "state": "Connecticut"
    },
    "profile_details": {
        "last_login_time": "Fri Sep 13 12:58:49 2013",
        "loyalty": {
            "friends_referred": [],
            "loyalty_score": 0.37030318348796,
            "membership_type": "Basic",
            "redeemed_points": 0,
            "reward_points": 0
        },
        "password": "Dominque44",
        "prefs": {
            "promotion_category": [
                "Books",
                "Music",
                "Films"
            ],
            "promotion_email": true,
            "ui_language": "German",
            "ui_theme": "Planets"
        },
        "user_creation_time": "Wed Aug 24 12:58:49 2011",
        "user_id": "Dominque_62467364"
    },
    "search_history": [
        {
            "category": "Films",
            "sub-category": [
                "Classic Films"
            ]
        }
    ],
    "shipped_order_history": []
}