{
    "doc_type": "user_profile",
    "personal_details": {
        "age": 47,
        "display_name": "Donita Mcneely",
        "email": "Donita.Mcneely@snailmail.com",
        "first_name": "Donita",
        "last_name": "Mcneely",
        "state": "Alabama"
    },
    "profile_details": {
        "last_login_time": "Sun Jun  9 12:58:49 2013",
        "loyalty": {
            "friends_referred": [],
            "loyalty_score": 3.6245808906183163,
            "membership_type": "Basic",
            "redeemed_points": 900,
            "reward_points": 333
        },
        "password": "Donita53",
        "prefs": {
            "promotion_category": [
                "Books"
            ],
            "promotion_email": true,
            "ui_language": "French",
            "ui_theme": "Wood"
        },
        "user_creation_time": "Mon Jul  9 12:58:49 2012",
        "user_id": "Donita_85626659"
    },
    "shipped_order_history": []
}