{
    "doc_type": "user_profile",
    "personal_details": {
        "age": 59,
        "display_name": "Doreatha Cushing",
        "email": "Doreatha.Cushing@snailmail.com",
        "first_name": "Doreatha",
        "last_name": "Cushing",
        "state": "Idaho"
    },
    "profile_details": {
        "last_login_time": "Mon Jul 29 12:58:49 2013",
        "loyalty": {
            "friends_referred": [],
            "loyalty_score": 3.59729803143333,
            "membership_type": "Basic",
            "redeemed_points": 288,
            "reward_points": 666
        },
        "password": "Doreatha89",
        "prefs": {
            "promotion_category": [
                "Books"
            ],
            "promotion_email": true,
            "ui_language": "German",
            "ui_theme": "Wood"
        },
        "user_creation_time": "Fri Jul  6 12:58:49 2012",
        "user_id": "Doreatha_84068769"
    },
    "search_history": [
        {
            "category": "Films",
            "sub-category": [
                "Animation"
            ]
        }
    ],
    "shipped_order_history": [
        {
            "order_datetime": "Fri May 31 12:58:49 2013",
            "order_id": "T139355326844"
        }
    ]
}