{
    "doc_type": "user_profile",
    "personal_details": {
        "age": 54,
        "display_name": "Dorthey Reis",
        "email": "Dorthey.Reis@snailmail.com",
        "first_name": "Dorthey",
        "last_name": "Reis",
        "state": "Idaho"
    },
    "profile_details": {
        "last_login_time": "Thu Sep 19 12:58:49 2013",
        "loyalty": {
            "friends_referred": [],
            "loyalty_score": 4.318436387925535,
            "membership_type": "Silver",
            "redeemed_points": 84,
            "reward_points": 924
        },
        "password": "Dorthey50",
        "prefs": {
            "promotion_category": [
                "Books"
            ],
            "promotion_email": true,
            "ui_language": "French",
            "ui_theme": "Mountains"
        },
        "user_creation_time": "Tue Jul 31 12:58:49 2012",
        "user_id": "Dorthey_25197248"
    },
    "shipped_order_history": [
        {
            "order_datetime": "Wed Nov 28 12:58:49 2012",
            "order_id": "T153438675716"
        }
    ]
}