{
    "doc_type": "user_profile",
    "personal_details": {
        "age": 18,
        "display_name": "Douglass Roach",
        "email": "Douglass.Roach@snailmail.com",
        "first_name": "Douglass",
        "last_name": "Roach",
        "state": "Kentucky"
    },
    "profile_details": {
        "last_login_time": "Sun Jan 20 12:58:49 2013",
        "loyalty": {
            "friends_referred": [],
            "loyalty_score": 9.111169269418083,
            "membership_type": "Platinum",
            "redeemed_points": 2376,
            "reward_points": 270
        },
        "password": "Douglass66",
        "prefs": {
            "promotion_category": [
                "Books",
                "Music"
            ],
            "promotion_email": true,
            "ui_language": "French",
            "ui_theme": "Ocean"
        },
        "user_creation_time": "Tue Aug 16 12:58:49 2011",
        "user_id": "Douglass_83737971"
    },
    "search_history": [
        {
            "category": "Films",
            "sub-category": [
                "Foreign Films",
                "Drama"
            ]
        },
        {
            "category": "Books",
            "sub-category": [
                "Humor",
                "Travel"
            ]
        }
    ],
    "shipped_order_history": [
        {
            "order_datetime": "Mon May 28 12:58:49 2012",
            "order_id": "T878952607084"
        },
        {
            "order_datetime": "Mon Jan 23 12:58:49 2012",
            "order_id": "T195730154720"
        },
        {
            "order_datetime": "Sun Feb  5 12:58:49 2012",
            "order_id": "T426762028854"
        },
        {
            "order_datetime": "Fri Oct 14 12:58:49 2011",
            "order_id": "T210555625099"
        },
        {
            "order_datetime": "Sat Jul 21 12:58:49 2012",
            "order_id": "T640839845199"
        }
    ]
}