{
    "doc_type": "user_profile",
    "personal_details": {
        "age": 22,
        "display_name": "Drew Truong",
        "email": "Drew.Truong@snailmail.com",
        "first_name": "Drew",
        "last_name": "Truong",
        "state": "Louisiana"
    },
    "profile_details": {
        "last_login_time": "Sat Jun 15 12:58:49 2013",
        "loyalty": {
            "friends_referred": [
                "Lanie_445800"
            ],
            "loyalty_score": 7.447702980188698,
            "membership_type": "Gold",
            "redeemed_points": 189,
            "reward_points": 504
        },
        "password": "Drew62",
        "prefs": {
            "promotion_email": false,
            "ui_language": "German",
            "ui_theme": "Tree Tops"
        },
        "user_creation_time": "Sat Sep  8 12:58:49 2012",
        "user_id": "Drew_39817815"
    },
    "search_history": [
        {
            "category": "Films",
            "sub-category": [
                "Foreign Films",
                "Documentary"
            ]
        },
        {
            "category": "Books",
            "sub-category": [
                "Humor",
                "NonFiction",
                "Sports & Adventure"
            ]
        }
    ],
    "shipped_order_history": [
        {
            "order_datetime": "Sun Apr 21 12:58:49 2013",
            "order_id": "T631555981596"
        },
        {
            "order_datetime": "Sun Sep  9 12:58:49 2012",
            "order_id": "T631227129545"
        },
        {
            "order_datetime": "Wed Feb 13 12:58:49 2013",
            "order_id": "T680753726825"
        },
        {
            "order_datetime": "Tue Dec 11 12:58:49 2012",
            "order_id": "T684160556122"
        }
    ]
}