{
    "doc_type": "user_profile",
    "personal_details": {
        "age": 31,
        "display_name": "Drew Chavarria",
        "email": "Drew.Chavarria@snailmail.com",
        "first_name": "Drew",
        "last_name": "Chavarria",
        "state": "New Mexico"
    },
    "profile_details": {
        "last_login_time": "Wed Mar 20 12:58:49 2013",
        "loyalty": {
            "friends_referred": [],
            "loyalty_score": 0.30805167381697585,
            "membership_type": "Basic",
            "redeemed_points": 0,
            "reward_points": 0
        },
        "password": "Drew18",
        "prefs": {
            "promotion_category": [
                "Books",
                "Music"
            ],
            "promotion_email": true,
            "ui_language": "English",
            "ui_theme": "Ocean"
        },
        "user_creation_time": "Tue Feb 14 12:58:49 2012",
        "user_id": "Drew_33238906"
    },
    "search_history": [
        {
            "category": "Films",
            "sub-category": [
                "Animation",
                "Documentary",
                "Sci-Fi, Fantasy & Horror"
            ]
        },
        {
            "category": "Books",
            "sub-category": [
                "Humor",
                "NonFiction"
            ]
        },
        {
            "category": "Music",
            "sub-category": [
                "Classical Music",
                "Jazz"
            ]
        }
    ],
    "shipped_order_history": []
}