{
    "doc_type": "user_profile",
    "personal_details": {
        "age": 19,
        "display_name": "Dulce Franks",
        "email": "Dulce.Franks@snailmail.com",
        "first_name": "Dulce",
        "last_name": "Franks",
        "state": "Illinois"
    },
    "profile_details": {
        "last_login_time": "Fri May 24 12:58:49 2013",
        "loyalty": {
            "friends_referred": [],
            "loyalty_score": 0.6359776217960167,
            "membership_type": "Basic",
            "redeemed_points": 0,
            "reward_points": 0
        },
        "password": "Dulce37",
        "prefs": {
            "promotion_category": [
                "Books"
            ],
            "promotion_email": true,
            "ui_language": "Spanish",
            "ui_theme": "Mountains"
        },
        "user_creation_time": "Wed Dec 19 12:58:49 2012",
        "user_id": "Dulce_6706656"
    },
    "shipped_order_history": []
}