{
    "doc_type": "user_profile",
    "personal_details": {
        "age": 40,
        "display_name": "Dusty Sumner",
        "email": "Dusty.Sumner@snailmail.com",
        "first_name": "Dusty",
        "last_name": "Sumner",
        "state": "North Carolina"
    },
    "profile_details": {
        "last_login_time": "Mon Jun 10 12:58:49 2013",
        "loyalty": {
            "friends_referred": [],
            "loyalty_score": 4.179471750927879,
            "membership_type": "Silver",
            "redeemed_points": 1176,
            "reward_points": 276
        },
        "password": "Dusty22",
        "prefs": {
            "promotion_email": false,
            "ui_language": "Spanish",
            "ui_theme": "Wood"
        },
        "user_creation_time": "Tue May  8 12:58:49 2012",
        "user_id": "Dusty_21394710"
    },
    "search_history": [
        {
            "category": "Films",
            "sub-category": [
                "Foreign Films"
            ]
        }
    ],
    "shipped_order_history": [
        {
            "order_datetime": "Sun Sep 16 12:58:49 2012",
            "order_id": "T345565772977"
        }
    ]
}