{
    "doc_type": "user_profile",
    "personal_details": {
        "age": 31,
        "display_name": "Dwight Holt",
        "email": "Dwight.Holt@snailmail.com",
        "first_name": "Dwight",
        "last_name": "Holt",
        "state": "Florida"
    },
    "profile_details": {
        "last_login_time": "Tue Sep 24 12:58:49 2013",
        "loyalty": {
            "friends_referred": [],
            "loyalty_score": 4.034593759299581,
            "membership_type": "Silver",
            "redeemed_points": 600,
            "reward_points": 864
        },
        "password": "Dwight67",
        "prefs": {
            "promotion_email": false,
            "ui_language": "French",
            "ui_theme": "Wood"
        },
        "user_creation_time": "Sun Jan 20 12:58:49 2013",
        "user_id": "Dwight_87761265"
    },
    "search_history": [
        {
            "category": "Films",
            "sub-category": [
                "Classic Films"
            ]
        },
        {
            "category": "Books",
            "sub-category": [
                "Humor"
            ]
        },
        {
            "category": "Music",
            "sub-category": [
                "Blues and Folk"
            ]
        }
    ],
    "shipped_order_history": [
        {
            "order_datetime": "Fri Jun  7 12:58:49 2013",
            "order_id": "T580746435205"
        }
    ]
}