{
    "doc_type": "user_profile",
    "personal_details": {
        "age": 21,
        "display_name": "Earline Shell",
        "email": "Earline.Shell@snailmail.com",
        "first_name": "Earline",
        "last_name": "Shell",
        "state": "Hawaii"
    },
    "profile_details": {
        "last_login_time": "Sat Feb 23 12:58:49 2013",
        "loyalty": {
            "friends_referred": [],
            "loyalty_score": 1.7138468777914662,
            "membership_type": "Basic",
            "redeemed_points": 96,
            "reward_points": 138
        },
        "password": "Earline46",
        "prefs": {
            "promotion_email": false,
            "ui_language": "Spanish",
            "ui_theme": "Wood"
        },
        "user_creation_time": "Sun Jul  8 12:58:49 2012",
        "user_id": "Earline_68078599"
    },
    "shipped_order_history": []
}