{
    "doc_type": "user_profile",
    "personal_details": {
        "age": 39,
        "display_name": "Earlie Younger",
        "email": "Earlie.Younger@snailmail.com",
        "first_name": "Earlie",
        "last_name": "Younger",
        "state": "Indiana"
    },
    "profile_details": {
        "last_login_time": "Mon Jul 22 12:58:49 2013",
        "loyalty": {
            "friends_referred": [],
            "loyalty_score": 8.798951860358219,
            "membership_type": "Gold",
            "redeemed_points": 24,
            "reward_points": 672
        },
        "password": "Earlie12",
        "prefs": {
            "promotion_category": [
                "Books",
                "Music"
            ],
            "promotion_email": true,
            "ui_language": "German",
            "ui_theme": "Mountains"
        },
        "user_creation_time": "Fri Jan 13 12:58:49 2012",
        "user_id": "Earlie_8024802"
    },
    "search_history": [
        {
            "category": "Films",
            "sub-category": [
                "Classic Films"
            ]
        },
        {
            "category": "Books",
            "sub-category": [
                "History",
                "Medicine",
                "Home & Garden"
            ]
        },
        {
            "category": "Music",
            "sub-category": [
                "Classical Music",
                "Jazz",
                "Pop Music"
            ]
        }
    ],
    "shipped_order_history": [
        {
            "order_datetime": "Sat Feb  9 12:58:49 2013",
            "order_id": "T335034717602"
        },
        {
            "order_datetime": "Fri Jan 18 12:58:49 2013",
            "order_id": "T985223346122"
        },
        {
            "order_datetime": "Mon Nov 26 12:58:49 2012",
            "order_id": "T277061304055"
        },
        {
            "order_datetime": "Sat Jul  7 12:58:49 2012",
            "order_id": "T341029898964"
        }
    ]
}