{
    "doc_type": "user_profile",
    "personal_details": {
        "age": 20,
        "display_name": "Earline Yocum",
        "email": "Earline.Yocum@snailmail.com",
        "first_name": "Earline",
        "last_name": "Yocum",
        "state": "South Dakota"
    },
    "profile_details": {
        "last_login_time": "Tue Oct  9 12:58:49 2012",
        "loyalty": {
            "friends_referred": [
                "Shari_72539359",
                "Martha_57893006"
            ],
            "loyalty_score": 7.00190347999314,
            "membership_type": "Gold",
            "redeemed_points": 336,
            "reward_points": 1953
        },
        "password": "Earline91",
        "prefs": {
            "promotion_category": [
                "Books",
                "Music",
                "Films"
            ],
            "promotion_email": true,
            "ui_language": "German",
            "ui_theme": "Pebbles"
        },
        "user_creation_time": "Tue Jul 26 12:58:49 2011",
        "user_id": "Earline_7875732"
    },
    "shipped_order_history": [
        {
            "order_datetime": "Wed Nov 30 12:58:49 2011",
            "order_id": "T238159785511"
        }
    ]
}