{
    "doc_type": "user_profile",
    "personal_details": {
        "age": 41,
        "display_name": "Earnest Culbertson",
        "email": "Earnest.Culbertson@snailmail.com",
        "first_name": "Earnest",
        "last_name": "Culbertson",
        "state": "Virginia"
    },
    "profile_details": {
        "last_login_time": "Fri May 31 12:58:49 2013",
        "loyalty": {
            "friends_referred": [],
            "loyalty_score": 2.165289070392653,
            "membership_type": "Basic",
            "redeemed_points": 168,
            "reward_points": 114
        },
        "password": "Earnest37",
        "prefs": {
            "promotion_email": false,
            "ui_language": "German",
            "ui_theme": "Beach"
        },
        "user_creation_time": "Mon Dec 12 12:58:49 2011",
        "user_id": "Earnest_21855955"
    },
    "search_history": [
        {
            "category": "Films",
            "sub-category": [
                "Animation",
                "Documentary",
                "Fitness / Instructional"
            ]
        },
        {
            "category": "Books",
            "sub-category": [
                "History",
                "Travel"
            ]
        },
        {
            "category": "Music",
            "sub-category": [
                "Blues and Folk",
                "Country Music"
            ]
        }
    ],
    "shipped_order_history": [
        {
            "order_datetime": "Tue Apr  2 12:58:49 2013",
            "order_id": "T183925019007"
        },
        {
            "order_datetime": "Fri Feb  3 12:58:49 2012",
            "order_id": "T555252048226"
        }
    ]
}