{
    "doc_type": "user_profile",
    "personal_details": {
        "age": 17,
        "display_name": "Ebony Key",
        "email": "Ebony.Key@snailmail.com",
        "first_name": "Ebony",
        "last_name": "Key",
        "state": "Maryland"
    },
    "profile_details": {
        "last_login_time": "Mon Jun 10 12:58:49 2013",
        "loyalty": {
            "friends_referred": [],
            "loyalty_score": 4.64199223779419,
            "membership_type": "Silver",
            "redeemed_points": 288,
            "reward_points": 276
        },
        "password": "Ebony58",
        "prefs": {
            "promotion_email": false,
            "ui_language": "German",
            "ui_theme": "Beach"
        },
        "user_creation_time": "Sun Mar 27 12:58:49 2011",
        "user_id": "Ebony_41465045"
    },
    "search_history": [
        {
            "category": "Films",
            "sub-category": [
                "Animation",
                "Comedy"
            ]
        },
        {
            "category": "Books",
            "sub-category": [
                "Humor",
                "Medicine",
                "Diet & Health"
            ]
        }
    ],
    "shipped_order_history": [
        {
            "order_datetime": "Sun Nov  4 12:58:49 2012",
            "order_id": "T826338518090"
        },
        {
            "order_datetime": "Tue Dec 20 12:58:49 2011",
            "order_id": "T351921407206"
        },
        {
            "order_datetime": "Tue Jun  5 12:58:49 2012",
            "order_id": "T457051095294"
        },
        {
            "order_datetime": "Thu Apr 25 12:58:49 2013",
            "order_id": "T192444021851"
        }
    ]
}