{
    "doc_type": "user_profile",
    "personal_details": {
        "age": 50,
        "display_name": "Eden Guay",
        "email": "Eden.Guay@snailmail.com",
        "first_name": "Eden",
        "last_name": "Guay",
        "state": "Texas"
    },
    "profile_details": {
        "last_login_time": "Fri Dec 21 12:58:49 2012",
        "loyalty": {
            "friends_referred": [
                "Huey_5735409"
            ],
            "loyalty_score": 6.865042878460038,
            "membership_type": "Silver",
            "redeemed_points": 810,
            "reward_points": 360
        },
        "password": "Eden92",
        "prefs": {
            "promotion_email": false,
            "ui_language": "French",
            "ui_theme": "Grafitti"
        },
        "user_creation_time": "Sat Jan 21 12:58:49 2012",
        "user_id": "Eden_48907248"
    },
    "search_history": [
        {
            "category": "Films",
            "sub-category": [
                "Foreign Films",
                "Drama",
                "Sci-Fi, Fantasy & Horror"
            ]
        }
    ],
    "shipped_order_history": [
        {
            "order_datetime": "Thu Jul 12 12:58:49 2012",
            "order_id": "T145948613596"
        },
        {
            "order_datetime": "Wed Jun 13 12:58:49 2012",
            "order_id": "T547031959731"
        },
        {
            "order_datetime": "Mon May 28 12:58:49 2012",
            "order_id": "T255339166321"
        }
    ]
}