{
    "doc_type": "user_profile",
    "personal_details": {
        "age": 41,
        "display_name": "Edith Stillwell",
        "email": "Edith.Stillwell@snailmail.com",
        "first_name": "Edith",
        "last_name": "Stillwell",
        "state": "South Carolina"
    },
    "profile_details": {
        "last_login_time": "Sat Sep 14 12:58:49 2013",
        "loyalty": {
            "friends_referred": [],
            "loyalty_score": 6.142592634829509,
            "membership_type": "Silver",
            "redeemed_points": 1728,
            "reward_points": 1692
        },
        "password": "Edith88",
        "prefs": {
            "promotion_email": false,
            "ui_language": "German",
            "ui_theme": "Pebbles"
        },
        "user_creation_time": "Sun May  5 12:58:49 2013",
        "user_id": "Edith_99838187"
    },
    "search_history": [
        {
            "category": "Films",
            "sub-category": [
                "Foreign Films",
                "Drama",
                "Sci-Fi, Fantasy & Horror"
            ]
        }
    ],
    "shipped_order_history": []
}