{
    "doc_type": "user_profile",
    "personal_details": {
        "age": 53,
        "display_name": "Edith Leroy",
        "email": "Edith.Leroy@snailmail.com",
        "first_name": "Edith",
        "last_name": "Leroy",
        "state": "New Hampshire"
    },
    "profile_details": {
        "last_login_time": "Wed Mar 27 12:58:49 2013",
        "loyalty": {
            "friends_referred": [],
            "loyalty_score": 2.6169487670778144,
            "membership_type": "Basic",
            "redeemed_points": 438,
            "reward_points": 330
        },
        "password": "Edith27",
        "prefs": {
            "promotion_category": [
                "Books",
                "Music",
                "Films"
            ],
            "promotion_email": true,
            "ui_language": "German",
            "ui_theme": "Wood"
        },
        "user_creation_time": "Sun Sep  2 12:58:49 2012",
        "user_id": "Edith_30326378"
    },
    "search_history": [
        {
            "category": "Films",
            "sub-category": [
                "Classic Films"
            ]
        }
    ],
    "shipped_order_history": [
        {
            "order_datetime": "Mon Sep 17 12:58:49 2012",
            "order_id": "T129348193614"
        },
        {
            "order_datetime": "Sun Sep 16 12:58:49 2012",
            "order_id": "T100838108971"
        }
    ]
}