{
    "doc_type": "user_profile",
    "personal_details": {
        "age": 48,
        "display_name": "Edward Cordero",
        "email": "Edward.Cordero@snailmail.com",
        "first_name": "Edward",
        "last_name": "Cordero",
        "state": "New Jersey"
    },
    "profile_details": {
        "last_login_time": "Sat Jun 22 12:58:49 2013",
        "loyalty": {
            "friends_referred": [],
            "loyalty_score": 1.351852251337775,
            "membership_type": "Basic",
            "redeemed_points": 60,
            "reward_points": 222
        },
        "password": "Edward54",
        "prefs": {
            "promotion_category": [
                "Books",
                "Music"
            ],
            "promotion_email": true,
            "ui_language": "German",
            "ui_theme": "Tree Tops"
        },
        "user_creation_time": "Sat Aug 18 12:58:49 2012",
        "user_id": "Edward_40702586"
    },
    "shipped_order_history": [
        {
            "order_datetime": "Sun Mar 24 12:58:49 2013",
            "order_id": "T710860542790"
        }
    ]
}