{
    "doc_type": "user_profile",
    "personal_details": {
        "age": 42,
        "display_name": "Edwin Shores",
        "email": "Edwin.Shores@snailmail.com",
        "first_name": "Edwin",
        "last_name": "Shores",
        "state": "Georgia"
    },
    "profile_details": {
        "last_login_time": "Mon May  6 12:58:49 2013",
        "loyalty": {
            "friends_referred": [],
            "loyalty_score": 7.914412201942053,
            "membership_type": "Gold",
            "redeemed_points": 756,
            "reward_points": 1533
        },
        "password": "Edwin11",
        "prefs": {
            "promotion_email": false,
            "ui_language": "Spanish",
            "ui_theme": "Planets"
        },
        "user_creation_time": "Sat Jan 21 12:58:49 2012",
        "user_id": "Edwin_17986654"
    },
    "shipped_order_history": [
        {
            "order_datetime": "Mon Apr 16 12:58:49 2012",
            "order_id": "T588146652268"
        },
        {
            "order_datetime": "Fri Nov  2 12:58:49 2012",
            "order_id": "T847951246656"
        },
        {
            "order_datetime": "Mon Feb 13 12:58:49 2012",
            "order_id": "T203335409469"
        },
        {
            "order_datetime": "Mon Mar 25 12:58:49 2013",
            "order_id": "T558362302052"
        },
        {
            "order_datetime": "Tue Nov  6 12:58:49 2012",
            "order_id": "T815721942437"
        },
        {
            "order_datetime": "Sat Mar 16 12:58:49 2013",
            "order_id": "T212537374553"
        }
    ]
}