{
    "doc_type": "user_profile",
    "personal_details": {
        "age": 23,
        "display_name": "Eladia Kearney",
        "email": "Eladia.Kearney@snailmail.com",
        "first_name": "Eladia",
        "last_name": "Kearney",
        "state": "Louisiana"
    },
    "profile_details": {
        "last_login_time": "Sat Jan 26 12:58:49 2013",
        "loyalty": {
            "friends_referred": [],
            "loyalty_score": 1.014456397688871,
            "membership_type": "Basic",
            "redeemed_points": 138,
            "reward_points": 210
        },
        "password": "Eladia57",
        "prefs": {
            "promotion_category": [
                "Books"
            ],
            "promotion_email": true,
            "ui_language": "German",
            "ui_theme": "Tree Tops"
        },
        "user_creation_time": "Wed Mar 14 12:58:49 2012",
        "user_id": "Eladia_8373220"
    },
    "search_history": [
        {
            "category": "Films",
            "sub-category": [
                "Foreign Films"
            ]
        },
        {
            "category": "Books",
            "sub-category": [
                "Religion",
                "NonFiction",
                "Home & Garden"
            ]
        }
    ],
    "shipped_order_history": [
        {
            "order_datetime": "Tue Jan 22 12:58:49 2013",
            "order_id": "T148423296810"
        }
    ]
}