{
    "doc_type": "user_profile",
    "personal_details": {
        "age": 27,
        "display_name": "Elden Younger",
        "email": "Elden.Younger@snailmail.com",
        "first_name": "Elden",
        "last_name": "Younger",
        "state": "North Carolina"
    },
    "profile_details": {
        "last_login_time": "Fri Jul  5 12:58:49 2013",
        "loyalty": {
            "friends_referred": [],
            "loyalty_score": 0.7147811663193271,
            "membership_type": "Basic",
            "redeemed_points": 0,
            "reward_points": 0
        },
        "password": "Elden78",
        "prefs": {
            "promotion_email": false,
            "ui_language": "French",
            "ui_theme": "Grafitti"
        },
        "user_creation_time": "Tue Apr  9 12:58:49 2013",
        "user_id": "Elden_28479205"
    },
    "search_history": [
        {
            "category": "Films",
            "sub-category": [
                "Foreign Films"
            ]
        }
    ],
    "shipped_order_history": []
}