{
    "doc_type": "user_profile",
    "personal_details": {
        "age": 20,
        "display_name": "Eleonora Sperry",
        "email": "Eleonora.Sperry@snailmail.com",
        "first_name": "Eleonora",
        "last_name": "Sperry",
        "state": "Oregon"
    },
    "profile_details": {
        "last_login_time": "Fri Feb  1 12:58:49 2013",
        "loyalty": {
            "friends_referred": [],
            "loyalty_score": 1.2524590261668422,
            "membership_type": "Basic",
            "redeemed_points": 198,
            "reward_points": 198
        },
        "password": "Eleonora10",
        "prefs": {
            "promotion_email": false,
            "ui_language": "Spanish",
            "ui_theme": "Wood"
        },
        "user_creation_time": "Mon Apr 18 12:58:49 2011",
        "user_id": "Eleonora_85261849"
    },
    "search_history": [
        {
            "category": "Films",
            "sub-category": [
                "Classic Films"
            ]
        },
        {
            "category": "Books",
            "sub-category": [
                "Religion"
            ]
        }
    ],
    "shipped_order_history": [
        {
            "order_datetime": "Tue May 22 12:58:49 2012",
            "order_id": "T900957125458"
        }
    ]
}