{
    "doc_type": "user_profile",
    "personal_details": {
        "age": 60,
        "display_name": "Elinor Ritchie",
        "email": "Elinor.Ritchie@snailmail.com",
        "first_name": "Elinor",
        "last_name": "Ritchie",
        "state": "Arizona"
    },
    "profile_details": {
        "last_login_time": "Tue Oct 16 12:58:49 2012",
        "loyalty": {
            "friends_referred": [],
            "loyalty_score": 7.44363933614319,
            "membership_type": "Gold",
            "redeemed_points": 903,
            "reward_points": 2016
        },
        "password": "Elinor73",
        "prefs": {
            "promotion_email": false,
            "ui_language": "English",
            "ui_theme": "Beach"
        },
        "user_creation_time": "Mon Feb 28 12:58:49 2011",
        "user_id": "Elinor_33313792"
    },
    "search_history": [
        {
            "category": "Films",
            "sub-category": [
                "Foreign Films",
                "Drama",
                "Sci-Fi, Fantasy & Horror"
            ]
        },
        {
            "category": "Books",
            "sub-category": [
                "Humor"
            ]
        }
    ],
    "shipped_order_history": [
        {
            "order_datetime": "Tue Feb 28 12:58:49 2012",
            "order_id": "T103929516925"
        },
        {
            "order_datetime": "Wed May  4 12:58:49 2011",
            "order_id": "T573145204032"
        }
    ]
}