{
    "doc_type": "user_profile",
    "personal_details": {
        "age": 48,
        "display_name": "Elin Altman",
        "email": "Elin.Altman@snailmail.com",
        "first_name": "Elin",
        "last_name": "Altman",
        "state": "Arizona"
    },
    "profile_details": {
        "last_login_time": "Tue Jul 23 12:58:49 2013",
        "loyalty": {
            "friends_referred": [],
            "loyalty_score": 3.0994559864221483,
            "membership_type": "Basic",
            "redeemed_points": 576,
            "reward_points": 900
        },
        "password": "Elin80",
        "prefs": {
            "promotion_email": false,
            "ui_language": "Spanish",
            "ui_theme": "Ocean"
        },
        "user_creation_time": "Thu May 16 12:58:49 2013",
        "user_id": "Elin_85722529"
    },
    "search_history": [
        {
            "category": "Films",
            "sub-category": [
                "Classic Films"
            ]
        },
        {
            "category": "Books",
            "sub-category": [
                "Humor",
                "Medicine"
            ]
        }
    ],
    "shipped_order_history": [
        {
            "order_datetime": "Thu May 30 12:58:49 2013",
            "order_id": "T382267893260"
        }
    ]
}