{
    "doc_type": "user_profile",
    "personal_details": {
        "age": 53,
        "display_name": "Elmira Shank",
        "email": "Elmira.Shank@snailmail.com",
        "first_name": "Elmira",
        "last_name": "Shank",
        "state": "Alaska"
    },
    "profile_details": {
        "last_login_time": "Wed Nov 14 12:58:49 2012",
        "loyalty": {
            "friends_referred": [],
            "loyalty_score": 1.8815850984875826,
            "membership_type": "Basic",
            "redeemed_points": 288,
            "reward_points": 27
        },
        "password": "Elmira37",
        "prefs": {
            "promotion_email": false,
            "ui_language": "English",
            "ui_theme": "Ocean"
        },
        "user_creation_time": "Wed May  4 12:58:49 2011",
        "user_id": "Elmira_2728933"
    },
    "search_history": [
        {
            "category": "Films",
            "sub-category": [
                "Foreign Films"
            ]
        },
        {
            "category": "Books",
            "sub-category": [
                "History"
            ]
        },
        {
            "category": "Music",
            "sub-category": [
                "Blues and Folk",
                "Country Music"
            ]
        }
    ],
    "shipped_order_history": []
}