{
    "doc_type": "user_profile",
    "personal_details": {
        "age": 40,
        "display_name": "Elna Wren",
        "email": "Elna.Wren@snailmail.com",
        "first_name": "Elna",
        "last_name": "Wren",
        "state": "Kansas"
    },
    "profile_details": {
        "last_login_time": "Fri Jun  7 12:58:49 2013",
        "loyalty": {
            "friends_referred": [],
            "loyalty_score": 4.739439641214272,
            "membership_type": "Silver",
            "redeemed_points": 600,
            "reward_points": 864
        },
        "password": "Elna50",
        "prefs": {
            "promotion_email": false,
            "ui_language": "English",
            "ui_theme": "Wood"
        },
        "user_creation_time": "Wed May  9 12:58:49 2012",
        "user_id": "Elna_7240169"
    },
    "shipped_order_history": [
        {
            "order_datetime": "Fri Apr 26 12:58:49 2013",
            "order_id": "T155954062259"
        },
        {
            "order_datetime": "Sat Jun  1 12:58:49 2013",
            "order_id": "T851053484957"
        },
        {
            "order_datetime": "Sun Mar  3 12:58:49 2013",
            "order_id": "T319329867961"
        },
        {
            "order_datetime": "Thu Aug  2 12:58:49 2012",
            "order_id": "T675237417107"
        }
    ]
}