{
    "doc_type": "user_profile",
    "personal_details": {
        "age": 30,
        "display_name": "Elsa Neville",
        "email": "Elsa.Neville@snailmail.com",
        "first_name": "Elsa",
        "last_name": "Neville",
        "state": "Illinois"
    },
    "profile_details": {
        "last_login_time": "Sat May 11 12:58:49 2013",
        "loyalty": {
            "friends_referred": [],
            "loyalty_score": 2.52242423118752,
            "membership_type": "Basic",
            "redeemed_points": 366,
            "reward_points": 186
        },
        "password": "Elsa26",
        "prefs": {
            "promotion_email": false,
            "ui_language": "Spanish",
            "ui_theme": "Tree Tops"
        },
        "user_creation_time": "Fri Dec  7 12:58:49 2012",
        "user_id": "Elsa_6998959"
    },
    "search_history": [
        {
            "category": "Films",
            "sub-category": [
                "Foreign Films",
                "Documentary"
            ]
        },
        {
            "category": "Books",
            "sub-category": [
                "Humor"
            ]
        },
        {
            "category": "Music",
            "sub-category": [
                "Classical Music"
            ]
        }
    ],
    "shipped_order_history": []
}