{
    "doc_type": "user_profile",
    "personal_details": {
        "age": 36,
        "display_name": "Elvia Labbe",
        "email": "Elvia.Labbe@snailmail.com",
        "first_name": "Elvia",
        "last_name": "Labbe",
        "state": "Nevada"
    },
    "profile_details": {
        "last_login_time": "Sun Jun 30 12:58:49 2013",
        "loyalty": {
            "friends_referred": [],
            "loyalty_score": 9.457927465225211,
            "membership_type": "Platinum",
            "redeemed_points": 594,
            "reward_points": 2565
        },
        "password": "Elvia14",
        "prefs": {
            "promotion_category": [
                "Books",
                "Music"
            ],
            "promotion_email": true,
            "ui_language": "English",
            "ui_theme": "Planets"
        },
        "user_creation_time": "Wed Apr 18 12:58:49 2012",
        "user_id": "Elvia_9397632"
    },
    "search_history": [
        {
            "category": "Films",
            "sub-category": [
                "Classic Films",
                "Documentary",
                "Music & Musicals"
            ]
        },
        {
            "category": "Books",
            "sub-category": [
                "History"
            ]
        },
        {
            "category": "Music",
            "sub-category": [
                "Blues and Folk",
                "Kid's Music",
                "Opera and Vocal"
            ]
        }
    ],
    "shipped_order_history": [
        {
            "order_datetime": "Sun Mar 31 12:58:49 2013",
            "order_id": "T422851207647"
        },
        {
            "order_datetime": "Sat May 26 12:58:49 2012",
            "order_id": "T962240445542"
        },
        {
            "order_datetime": "Thu Jul 12 12:58:49 2012",
            "order_id": "T335668838878"
        },
        {
            "order_datetime": "Sun Apr 28 12:58:49 2013",
            "order_id": "T778255155206"
        },
        {
            "order_datetime": "Thu Jul  5 12:58:49 2012",
            "order_id": "T479823319446"
        },
        {
            "order_datetime": "Wed Jun  5 12:58:49 2013",
            "order_id": "T963247129163"
        },
        {
            "order_datetime": "Thu Feb  7 12:58:49 2013",
            "order_id": "T860854173470"
        },
        {
            "order_datetime": "Fri May 10 12:58:49 2013",
            "order_id": "T952139014478"
        }
    ]
}