{
    "doc_type": "user_profile",
    "personal_details": {
        "age": 40,
        "display_name": "Elvina Looney",
        "email": "Elvina.Looney@snailmail.com",
        "first_name": "Elvina",
        "last_name": "Looney",
        "state": "Arizona"
    },
    "profile_details": {
        "last_login_time": "Wed Apr 24 12:58:49 2013",
        "loyalty": {
            "friends_referred": [],
            "loyalty_score": 6.093293642295885,
            "membership_type": "Silver",
            "redeemed_points": 1440,
            "reward_points": 1692
        },
        "password": "Elvina43",
        "prefs": {
            "promotion_email": false,
            "ui_language": "French",
            "ui_theme": "Ocean"
        },
        "user_creation_time": "Fri Nov 18 12:58:49 2011",
        "user_id": "Elvina_39787296"
    },
    "search_history": [
        {
            "category": "Films",
            "sub-category": [
                "Animation",
                "Drama",
                "Sci-Fi, Fantasy & Horror"
            ]
        },
        {
            "category": "Books",
            "sub-category": [
                "History",
                "NonFiction",
                "Diet & Health"
            ]
        }
    ],
    "shipped_order_history": [
        {
            "order_datetime": "Thu Jun  7 12:58:49 2012",
            "order_id": "T684031077478"
        },
        {
            "order_datetime": "Sat Apr  6 12:58:49 2013",
            "order_id": "T601866882325"
        },
        {
            "order_datetime": "Tue Feb 28 12:58:49 2012",
            "order_id": "T202925188712"
        },
        {
            "order_datetime": "Thu Mar  7 12:58:49 2013",
            "order_id": "T961438125506"
        },
        {
            "order_datetime": "Wed Nov 28 12:58:49 2012",
            "order_id": "T321163196018"
        }
    ]
}