{
    "doc_type": "user_profile",
    "personal_details": {
        "age": 19,
        "display_name": "Ema Covey",
        "email": "Ema.Covey@snailmail.com",
        "first_name": "Ema",
        "last_name": "Covey",
        "state": "Nebraska"
    },
    "profile_details": {
        "last_login_time": "Tue Dec 11 12:58:49 2012",
        "loyalty": {
            "friends_referred": [],
            "loyalty_score": 5.771094733964804,
            "membership_type": "Silver",
            "redeemed_points": 450,
            "reward_points": 420
        },
        "password": "Ema40",
        "prefs": {
            "promotion_category": [
                "Books"
            ],
            "promotion_email": true,
            "ui_language": "German",
            "ui_theme": "Planets"
        },
        "user_creation_time": "Tue May 10 12:58:49 2011",
        "user_id": "Ema_32847538"
    },
    "search_history": [
        {
            "category": "Films",
            "sub-category": [
                "Foreign Films",
                "Drama"
            ]
        },
        {
            "category": "Books",
            "sub-category": [
                "Religion",
                "Travel"
            ]
        },
        {
            "category": "Music",
            "sub-category": [
                "Broadway and Vocal"
            ]
        }
    ],
    "shipped_order_history": [
        {
            "order_datetime": "Thu Oct 20 12:58:49 2011",
            "order_id": "T964366483985"
        },
        {
            "order_datetime": "Sun Feb 19 12:58:49 2012",
            "order_id": "T600353728503"
        },
        {
            "order_datetime": "Fri Jun  1 12:58:49 2012",
            "order_id": "T355230598117"
        }
    ]
}