{
    "doc_type": "user_profile",
    "personal_details": {
        "age": 36,
        "display_name": "Emely Radford",
        "email": "Emely.Radford@snailmail.com",
        "first_name": "Emely",
        "last_name": "Radford",
        "state": "Kansas"
    },
    "profile_details": {
        "last_login_time": "Sun Jul  7 12:58:49 2013",
        "loyalty": {
            "friends_referred": [],
            "loyalty_score": 5.102716372552667,
            "membership_type": "Silver",
            "redeemed_points": 1425,
            "reward_points": 120
        },
        "password": "Emely11",
        "prefs": {
            "promotion_category": [
                "Books",
                "Music"
            ],
            "promotion_email": true,
            "ui_language": "French",
            "ui_theme": "Ocean"
        },
        "user_creation_time": "Mon Jan 16 12:58:49 2012",
        "user_id": "Emely_34696659"
    },
    "search_history": [
        {
            "category": "Films",
            "sub-category": [
                "Foreign Films"
            ]
        }
    ],
    "shipped_order_history": [
        {
            "order_datetime": "Thu Jun 14 12:58:49 2012",
            "order_id": "T311965215194"
        },
        {
            "order_datetime": "Sun Mar 11 12:58:49 2012",
            "order_id": "T219529333237"
        }
    ]
}