{
    "doc_type": "user_profile",
    "personal_details": {
        "age": 16,
        "display_name": "Emelia Kelleher",
        "email": "Emelia.Kelleher@snailmail.com",
        "first_name": "Emelia",
        "last_name": "Kelleher",
        "state": "Oregon"
    },
    "profile_details": {
        "last_login_time": "Fri May 17 12:58:49 2013",
        "loyalty": {
            "friends_referred": [
                "Tawana_89353175"
            ],
            "loyalty_score": 7.0639786354309635,
            "membership_type": "Gold",
            "redeemed_points": 315,
            "reward_points": 1638
        },
        "password": "Emelia41",
        "prefs": {
            "promotion_email": false,
            "ui_language": "Spanish",
            "ui_theme": "Mountains"
        },
        "user_creation_time": "Mon Dec 10 12:58:49 2012",
        "user_id": "Emelia_59912458"
    },
    "search_history": [
        {
            "category": "Films",
            "sub-category": [
                "Classic Films",
                "Documentary"
            ]
        },
        {
            "category": "Books",
            "sub-category": [
                "Religion",
                "Travel",
                "Sports & Adventure"
            ]
        }
    ],
    "shipped_order_history": [
        {
            "order_datetime": "Thu Dec 27 12:58:49 2012",
            "order_id": "T284251654717"
        },
        {
            "order_datetime": "Sat Dec 29 12:58:49 2012",
            "order_id": "T866147133093"
        },
        {
            "order_datetime": "Thu Apr  4 12:58:49 2013",
            "order_id": "T424432646185"
        }
    ]
}