{
    "doc_type": "user_profile",
    "personal_details": {
        "age": 50,
        "display_name": "Emelda Mattingly",
        "email": "Emelda.Mattingly@snailmail.com",
        "first_name": "Emelda",
        "last_name": "Mattingly",
        "state": "West Virginia"
    },
    "profile_details": {
        "last_login_time": "Thu Nov  8 12:58:49 2012",
        "loyalty": {
            "friends_referred": [],
            "loyalty_score": 5.86738852998524,
            "membership_type": "Silver",
            "redeemed_points": 135,
            "reward_points": 1230
        },
        "password": "Emelda41",
        "prefs": {
            "promotion_category": [
                "Books"
            ],
            "promotion_email": true,
            "ui_language": "French",
            "ui_theme": "Pebbles"
        },
        "user_creation_time": "Wed Nov  9 12:58:49 2011",
        "user_id": "Emelda_29649773"
    },
    "search_history": [
        {
            "category": "Films",
            "sub-category": [
                "Foreign Films"
            ]
        },
        {
            "category": "Books",
            "sub-category": [
                "Religion"
            ]
        },
        {
            "category": "Music",
            "sub-category": [
                "Blues and Folk",
                "Jazz"
            ]
        }
    ],
    "shipped_order_history": [
        {
            "order_datetime": "Fri Mar 16 12:58:49 2012",
            "order_id": "T275428468939"
        },
        {
            "order_datetime": "Sat Feb 25 12:58:49 2012",
            "order_id": "T659029473498"
        }
    ]
}