{
    "doc_type": "user_profile",
    "personal_details": {
        "age": 30,
        "display_name": "Emerita Breedlove",
        "email": "Emerita.Breedlove@snailmail.com",
        "first_name": "Emerita",
        "last_name": "Breedlove",
        "state": "Idaho"
    },
    "profile_details": {
        "last_login_time": "Thu May 23 12:58:49 2013",
        "loyalty": {
            "friends_referred": [],
            "loyalty_score": 2.744165162860468,
            "membership_type": "Basic",
            "redeemed_points": 180,
            "reward_points": 360
        },
        "password": "Emerita23",
        "prefs": {
            "promotion_email": false,
            "ui_language": "English",
            "ui_theme": "Tree Tops"
        },
        "user_creation_time": "Wed Feb 16 12:58:49 2011",
        "user_id": "Emerita_80236768"
    },
    "search_history": [
        {
            "category": "Films",
            "sub-category": [
                "Classic Films"
            ]
        },
        {
            "category": "Books",
            "sub-category": [
                "Humor",
                "NonFiction",
                "Diet & Health"
            ]
        }
    ],
    "shipped_order_history": []
}