{
    "doc_type": "user_profile",
    "personal_details": {
        "age": 36,
        "display_name": "Emilie Kimbrell",
        "email": "Emilie.Kimbrell@snailmail.com",
        "first_name": "Emilie",
        "last_name": "Kimbrell",
        "state": "Pennsylvania"
    },
    "profile_details": {
        "last_login_time": "Thu Jun 13 12:58:49 2013",
        "loyalty": {
            "friends_referred": [],
            "loyalty_score": 4.108346692568232,
            "membership_type": "Silver",
            "redeemed_points": 312,
            "reward_points": 144
        },
        "password": "Emilie84",
        "prefs": {
            "promotion_category": [
                "Books",
                "Music",
                "Films"
            ],
            "promotion_email": true,
            "ui_language": "French",
            "ui_theme": "Beach"
        },
        "user_creation_time": "Tue Dec 25 12:58:49 2012",
        "user_id": "Emilie_63678518"
    },
    "search_history": [
        {
            "category": "Films",
            "sub-category": [
                "Classic Films",
                "Documentary",
                "Sci-Fi, Fantasy & Horror"
            ]
        }
    ],
    "shipped_order_history": [
        {
            "order_datetime": "Sun Jan 27 12:58:49 2013",
            "order_id": "T727963076757"
        },
        {
            "order_datetime": "Thu Jan  3 12:58:49 2013",
            "order_id": "T570148566976"
        },
        {
            "order_datetime": "Fri Mar 29 12:58:49 2013",
            "order_id": "T849528207094"
        },
        {
            "order_datetime": "Sun Jun  2 12:58:49 2013",
            "order_id": "T819021835426"
        }
    ]
}