{
    "doc_type": "user_profile",
    "personal_details": {
        "age": 18,
        "display_name": "Emmy Stiltner",
        "email": "Emmy.Stiltner@snailmail.com",
        "first_name": "Emmy",
        "last_name": "Stiltner",
        "state": "Alaska"
    },
    "profile_details": {
        "last_login_time": "Mon Aug  5 12:58:49 2013",
        "loyalty": {
            "friends_referred": [],
            "loyalty_score": 3.1519260163597007,
            "membership_type": "Basic",
            "redeemed_points": 648,
            "reward_points": 837
        },
        "password": "Emmy26",
        "prefs": {
            "promotion_email": false,
            "ui_language": "Spanish",
            "ui_theme": "Wood"
        },
        "user_creation_time": "Sun Nov 18 12:58:49 2012",
        "user_id": "Emmy_53007409"
    },
    "shipped_order_history": [
        {
            "order_datetime": "Mon Mar 18 12:58:49 2013",
            "order_id": "T806164824836"
        }
    ]
}