{
    "doc_type": "user_profile",
    "personal_details": {
        "age": 58,
        "display_name": "Enriqueta Bayne",
        "email": "Enriqueta.Bayne@snailmail.com",
        "first_name": "Enriqueta",
        "last_name": "Bayne",
        "state": "Iowa"
    },
    "profile_details": {
        "last_login_time": "Tue Jun 11 12:58:49 2013",
        "loyalty": {
            "friends_referred": [],
            "loyalty_score": 0.054116032042356155,
            "membership_type": "Basic",
            "redeemed_points": 0,
            "reward_points": 0
        },
        "password": "Enriqueta45",
        "prefs": {
            "promotion_email": false,
            "ui_language": "English",
            "ui_theme": "Pebbles"
        },
        "user_creation_time": "Wed Oct 10 12:58:49 2012",
        "user_id": "Enriqueta_60953630"
    },
    "search_history": [
        {
            "category": "Films",
            "sub-category": [
                "Foreign Films",
                "Drama"
            ]
        },
        {
            "category": "Books",
            "sub-category": [
                "Humor",
                "NonFiction"
            ]
        },
        {
            "category": "Music",
            "sub-category": [
                "Broadway and Vocal",
                "Jazz",
                "Pop Music"
            ]
        }
    ],
    "shipped_order_history": []
}