{
    "doc_type": "user_profile",
    "personal_details": {
        "age": 46,
        "display_name": "Enrique Rivero",
        "email": "Enrique.Rivero@snailmail.com",
        "first_name": "Enrique",
        "last_name": "Rivero",
        "state": "North Dakota"
    },
    "profile_details": {
        "last_login_time": "Sat Feb  2 12:58:49 2013",
        "loyalty": {
            "friends_referred": [],
            "loyalty_score": 7.733758611146737,
            "membership_type": "Gold",
            "redeemed_points": 420,
            "reward_points": 378
        },
        "password": "Enrique90",
        "prefs": {
            "promotion_category": [
                "Books"
            ],
            "promotion_email": true,
            "ui_language": "French",
            "ui_theme": "Grafitti"
        },
        "user_creation_time": "Thu Feb 23 12:58:49 2012",
        "user_id": "Enrique_8642426"
    },
    "search_history": [
        {
            "category": "Films",
            "sub-category": [
                "Classic Films"
            ]
        },
        {
            "category": "Books",
            "sub-category": [
                "History"
            ]
        },
        {
            "category": "Music",
            "sub-category": [
                "Broadway and Vocal",
                "Kid's Music",
                "Opera and Vocal"
            ]
        }
    ],
    "shipped_order_history": [
        {
            "order_datetime": "Fri Sep 14 12:58:49 2012",
            "order_id": "T990649169367"
        },
        {
            "order_datetime": "Mon Oct  8 12:58:49 2012",
            "order_id": "T480544328264"
        },
        {
            "order_datetime": "Wed Jul 11 12:58:49 2012",
            "order_id": "T678929507323"
        },
        {
            "order_datetime": "Fri Feb  1 12:58:49 2013",
            "order_id": "T444547066238"
        },
        {
            "order_datetime": "Tue Dec 11 12:58:49 2012",
            "order_id": "T409751492375"
        }
    ]
}