{
    "doc_type": "user_profile",
    "personal_details": {
        "age": 15,
        "display_name": "Erica Walsh",
        "email": "Erica.Walsh@snailmail.com",
        "first_name": "Erica",
        "last_name": "Walsh",
        "state": "Connecticut"
    },
    "profile_details": {
        "last_login_time": "Mon Jun 24 12:58:49 2013",
        "loyalty": {
            "friends_referred": [
                "Adela_73499147",
                "Kerstin_19617008"
            ],
            "loyalty_score": 9.411906099122742,
            "membership_type": "Platinum",
            "redeemed_points": 2673,
            "reward_points": 1080
        },
        "password": "Erica97",
        "prefs": {
            "promotion_email": false,
            "ui_language": "English",
            "ui_theme": "Grafitti"
        },
        "user_creation_time": "Fri Jul 22 12:58:49 2011",
        "user_id": "Erica_41357242"
    },
    "search_history": [
        {
            "category": "Films",
            "sub-category": [
                "Classic Films"
            ]
        },
        {
            "category": "Books",
            "sub-category": [
                "Humor",
                "Medicine",
                "Sports & Adventure"
            ]
        }
    ],
    "shipped_order_history": [
        {
            "order_datetime": "Thu Jun 21 12:58:49 2012",
            "order_id": "T488846017964"
        }
    ]
}