{
    "doc_type": "user_profile",
    "personal_details": {
        "age": 37,
        "display_name": "Erik Doyle",
        "email": "Erik.Doyle@snailmail.com",
        "first_name": "Erik",
        "last_name": "Doyle",
        "state": "Minnesota"
    },
    "profile_details": {
        "last_login_time": "Mon Sep 23 12:58:49 2013",
        "loyalty": {
            "friends_referred": [],
            "loyalty_score": 7.138285701934738,
            "membership_type": "Gold",
            "redeemed_points": 1029,
            "reward_points": 42
        },
        "password": "Erik82",
        "prefs": {
            "promotion_email": false,
            "ui_language": "English",
            "ui_theme": "Mountains"
        },
        "user_creation_time": "Thu Aug 29 12:58:49 2013",
        "user_id": "Erik_7232105"
    },
    "shipped_order_history": [
        {
            "order_datetime": "Sun Sep  8 12:58:49 2013",
            "order_id": "T449536591296"
        },
        {
            "order_datetime": "Mon Sep  9 12:58:49 2013",
            "order_id": "T303246936720"
        },
        {
            "order_datetime": "Sat Sep 21 12:58:49 2013",
            "order_id": "T438922124396"
        },
        {
            "order_datetime": "Sat Sep  7 12:58:49 2013",
            "order_id": "T808750891720"
        },
        {
            "order_datetime": "Mon Sep  2 12:58:49 2013",
            "order_id": "T696729514119"
        },
        {
            "order_datetime": "Thu Sep 12 12:58:49 2013",
            "order_id": "T576165573133"
        }
    ]
}