{
    "doc_type": "user_profile",
    "personal_details": {
        "age": 22,
        "display_name": "Erin Cantrell",
        "email": "Erin.Cantrell@snailmail.com",
        "first_name": "Erin",
        "last_name": "Cantrell",
        "state": "Hawaii"
    },
    "profile_details": {
        "last_login_time": "Sun Jun 30 12:58:49 2013",
        "loyalty": {
            "friends_referred": [],
            "loyalty_score": 9.31836575531184,
            "membership_type": "Platinum",
            "redeemed_points": 324,
            "reward_points": 486
        },
        "password": "Erin17",
        "prefs": {
            "promotion_category": [
                "Books",
                "Music"
            ],
            "promotion_email": true,
            "ui_language": "English",
            "ui_theme": "Grafitti"
        },
        "user_creation_time": "Fri Oct 26 12:58:49 2012",
        "user_id": "Erin_32176621"
    },
    "shipped_order_history": [
        {
            "order_datetime": "Mon Dec  3 12:58:49 2012",
            "order_id": "T825527499481"
        }
    ]
}