{
    "doc_type": "user_profile",
    "personal_details": {
        "age": 17,
        "display_name": "Erinn Higdon",
        "email": "Erinn.Higdon@snailmail.com",
        "first_name": "Erinn",
        "last_name": "Higdon",
        "state": "Indiana"
    },
    "profile_details": {
        "last_login_time": "Fri Aug  9 12:58:49 2013",
        "loyalty": {
            "friends_referred": [
                "Isobel_49147081",
                "Estella_1707722"
            ],
            "loyalty_score": 8.179248561862808,
            "membership_type": "Gold",
            "redeemed_points": 1608,
            "reward_points": 1632
        },
        "password": "Erinn86",
        "prefs": {
            "promotion_category": [
                "Books",
                "Music"
            ],
            "promotion_email": true,
            "ui_language": "German",
            "ui_theme": "Grafitti"
        },
        "user_creation_time": "Sun Sep  9 12:58:49 2012",
        "user_id": "Erinn_31289810"
    },
    "search_history": [
        {
            "category": "Films",
            "sub-category": [
                "Animation"
            ]
        },
        {
            "category": "Books",
            "sub-category": [
                "Humor",
                "Travel",
                "Diet & Health"
            ]
        },
        {
            "category": "Music",
            "sub-category": [
                "Classical Music"
            ]
        }
    ],
    "shipped_order_history": [
        {
            "order_datetime": "Mon Apr 22 12:58:49 2013",
            "order_id": "T268350412184"
        }
    ]
}