{
    "doc_type": "user_profile",
    "personal_details": {
        "age": 22,
        "display_name": "Estella Hendrick",
        "email": "Estella.Hendrick@snailmail.com",
        "first_name": "Estella",
        "last_name": "Hendrick",
        "state": "Nebraska"
    },
    "profile_details": {
        "last_login_time": "Wed Feb  6 12:58:49 2013",
        "loyalty": {
            "friends_referred": [],
            "loyalty_score": 0.6309486650725316,
            "membership_type": "Basic",
            "redeemed_points": 0,
            "reward_points": 0
        },
        "password": "Estella11",
        "prefs": {
            "promotion_category": [
                "Books",
                "Music"
            ],
            "promotion_email": true,
            "ui_language": "German",
            "ui_theme": "Tree Tops"
        },
        "user_creation_time": "Tue Jan  4 12:58:49 2011",
        "user_id": "Estella_1707722"
    },
    "shipped_order_history": []
}