{
    "doc_type": "user_profile",
    "personal_details": {
        "age": 34,
        "display_name": "Esteban Mcvey",
        "email": "Esteban.Mcvey@snailmail.com",
        "first_name": "Esteban",
        "last_name": "Mcvey",
        "state": "Michigan"
    },
    "profile_details": {
        "last_login_time": "Tue Jul  2 12:58:49 2013",
        "loyalty": {
            "friends_referred": [
                "Elna_7240169",
                "Ada_16987323"
            ],
            "loyalty_score": 9.557514317966294,
            "membership_type": "Platinum",
            "redeemed_points": 1161,
            "reward_points": 2133
        },
        "password": "Esteban43",
        "prefs": {
            "promotion_email": false,
            "ui_language": "French",
            "ui_theme": "Tree Tops"
        },
        "user_creation_time": "Sun Sep 16 12:58:49 2012",
        "user_id": "Esteban_24444037"
    },
    "search_history": [
        {
            "category": "Films",
            "sub-category": [
                "Classic Films",
                "Drama"
            ]
        }
    ],
    "shipped_order_history": [
        {
            "order_datetime": "Sun Mar 17 12:58:49 2013",
            "order_id": "T786161012090"
        },
        {
            "order_datetime": "Fri Feb  8 12:58:49 2013",
            "order_id": "T265263891220"
        },
        {
            "order_datetime": "Sat Apr 20 12:58:49 2013",
            "order_id": "T320654881357"
        },
        {
            "order_datetime": "Sun May  5 12:58:49 2013",
            "order_id": "T726668836934"
        },
        {
            "order_datetime": "Mon Dec 24 12:58:49 2012",
            "order_id": "T579748239331"
        }
    ]
}