{
    "doc_type": "user_profile",
    "personal_details": {
        "age": 54,
        "display_name": "Eugene Partridge",
        "email": "Eugene.Partridge@snailmail.com",
        "first_name": "Eugene",
        "last_name": "Partridge",
        "state": "Delaware"
    },
    "profile_details": {
        "last_login_time": "Sun Aug 18 12:58:49 2013",
        "loyalty": {
            "friends_referred": [
                "Loreta_38967530"
            ],
            "loyalty_score": 7.766793508622579,
            "membership_type": "Gold",
            "redeemed_points": 1323,
            "reward_points": 1134
        },
        "password": "Eugene44",
        "prefs": {
            "promotion_email": false,
            "ui_language": "German",
            "ui_theme": "Wood"
        },
        "user_creation_time": "Sun Jul 29 12:58:49 2012",
        "user_id": "Eugene_58485552"
    },
    "search_history": [
        {
            "category": "Films",
            "sub-category": [
                "Classic Films",
                "Documentary",
                "Music & Musicals"
            ]
        }
    ],
    "shipped_order_history": []
}