{
    "doc_type": "user_profile",
    "personal_details": {
        "age": 55,
        "display_name": "Eugene Whited",
        "email": "Eugene.Whited@snailmail.com",
        "first_name": "Eugene",
        "last_name": "Whited",
        "state": "Arkansas"
    },
    "profile_details": {
        "last_login_time": "Sat Dec 29 12:58:49 2012",
        "loyalty": {
            "friends_referred": [],
            "loyalty_score": 8.927712029249186,
            "membership_type": "Gold",
            "redeemed_points": 1056,
            "reward_points": 1992
        },
        "password": "Eugene74",
        "prefs": {
            "promotion_category": [
                "Books",
                "Music",
                "Films"
            ],
            "promotion_email": true,
            "ui_language": "English",
            "ui_theme": "Grafitti"
        },
        "user_creation_time": "Sat Dec 24 12:58:49 2011",
        "user_id": "Eugene_26182464"
    },
    "search_history": [
        {
            "category": "Films",
            "sub-category": [
                "Foreign Films",
                "Drama"
            ]
        },
        {
            "category": "Books",
            "sub-category": [
                "Religion",
                "Medicine",
                "Diet & Health"
            ]
        }
    ],
    "shipped_order_history": [
        {
            "order_datetime": "Thu Mar 29 12:58:49 2012",
            "order_id": "T666920683887"
        },
        {
            "order_datetime": "Mon Jul 30 12:58:49 2012",
            "order_id": "T256130249496"
        },
        {
            "order_datetime": "Sat Sep 29 12:58:49 2012",
            "order_id": "T200422149043"
        },
        {
            "order_datetime": "Thu Apr 12 12:58:49 2012",
            "order_id": "T542240761925"
        }
    ]
}