{
    "doc_type": "user_profile",
    "personal_details": {
        "age": 44,
        "display_name": "Eulalia Dasilva",
        "email": "Eulalia.Dasilva@snailmail.com",
        "first_name": "Eulalia",
        "last_name": "Dasilva",
        "state": "Maine"
    },
    "profile_details": {
        "last_login_time": "Wed Aug 21 12:58:49 2013",
        "loyalty": {
            "friends_referred": [],
            "loyalty_score": 2.6609226269808053,
            "membership_type": "Basic",
            "redeemed_points": 138,
            "reward_points": 432
        },
        "password": "Eulalia45",
        "prefs": {
            "promotion_email": false,
            "ui_language": "English",
            "ui_theme": "Tree Tops"
        },
        "user_creation_time": "Sat Jan 19 12:58:49 2013",
        "user_id": "Eulalia_65645970"
    },
    "search_history": [
        {
            "category": "Films",
            "sub-category": [
                "Foreign Films",
                "Documentary",
                "Music & Musicals"
            ]
        },
        {
            "category": "Books",
            "sub-category": [
                "History",
                "NonFiction",
                "Diet & Health"
            ]
        }
    ],
    "shipped_order_history": [
        {
            "order_datetime": "Fri May 24 12:58:49 2013",
            "order_id": "T656346978973"
        },
        {
            "order_datetime": "Sat Jul 27 12:58:49 2013",
            "order_id": "T639629933779"
        }
    ]
}