{
    "doc_type": "user_profile",
    "personal_details": {
        "age": 44,
        "display_name": "Eun Fanning",
        "email": "Eun.Fanning@snailmail.com",
        "first_name": "Eun",
        "last_name": "Fanning",
        "state": "New York"
    },
    "profile_details": {
        "last_login_time": "Thu Sep 19 12:58:49 2013",
        "loyalty": {
            "friends_referred": [
                "Jenette_11962149",
                "Marisa_16654878",
                "Mechelle_9307816"
            ],
            "loyalty_score": 9.1205728275826,
            "membership_type": "Platinum",
            "redeemed_points": 1431,
            "reward_points": 2673
        },
        "password": "Eun93",
        "prefs": {
            "promotion_category": [
                "Books"
            ],
            "promotion_email": true,
            "ui_language": "English",
            "ui_theme": "Pebbles"
        },
        "user_creation_time": "Mon Sep 17 12:58:49 2012",
        "user_id": "Eun_55909833"
    },
    "shipped_order_history": [
        {
            "order_datetime": "Fri Jul 19 12:58:49 2013",
            "order_id": "T920067571768"
        },
        {
            "order_datetime": "Fri Dec 21 12:58:49 2012",
            "order_id": "T424542707950"
        },
        {
            "order_datetime": "Tue Feb 26 12:58:49 2013",
            "order_id": "T426828071440"
        }
    ]
}