{
    "doc_type": "user_profile",
    "personal_details": {
        "age": 27,
        "display_name": "Eveline Thomason",
        "email": "Eveline.Thomason@snailmail.com",
        "first_name": "Eveline",
        "last_name": "Thomason",
        "state": "Texas"
    },
    "profile_details": {
        "last_login_time": "Sun Sep 15 12:58:49 2013",
        "loyalty": {
            "friends_referred": [],
            "loyalty_score": 3.8994738573668064,
            "membership_type": "Basic",
            "redeemed_points": 369,
            "reward_points": 243
        },
        "password": "Eveline82",
        "prefs": {
            "promotion_category": [
                "Books",
                "Music",
                "Films"
            ],
            "promotion_email": true,
            "ui_language": "German",
            "ui_theme": "Tree Tops"
        },
        "user_creation_time": "Tue Aug  6 12:58:49 2013",
        "user_id": "Eveline_75562834"
    },
    "shipped_order_history": []
}