{
    "doc_type": "user_profile",
    "personal_details": {
        "age": 40,
        "display_name": "Evita Douglass",
        "email": "Evita.Douglass@snailmail.com",
        "first_name": "Evita",
        "last_name": "Douglass",
        "state": "Kansas"
    },
    "profile_details": {
        "last_login_time": "Fri Sep  6 12:58:49 2013",
        "loyalty": {
            "friends_referred": [],
            "loyalty_score": 4.959580237940294,
            "membership_type": "Silver",
            "redeemed_points": 360,
            "reward_points": 960
        },
        "password": "Evita52",
        "prefs": {
            "promotion_category": [
                "Books"
            ],
            "promotion_email": true,
            "ui_language": "German",
            "ui_theme": "Pebbles"
        },
        "user_creation_time": "Tue Aug  6 12:58:49 2013",
        "user_id": "Evita_93008432"
    },
    "search_history": [
        {
            "category": "Films",
            "sub-category": [
                "Foreign Films",
                "Drama"
            ]
        },
        {
            "category": "Books",
            "sub-category": [
                "Religion"
            ]
        },
        {
            "category": "Music",
            "sub-category": [
                "Classical Music",
                "Kid's Music"
            ]
        }
    ],
    "shipped_order_history": []
}