{
    "doc_type": "user_profile",
    "personal_details": {
        "age": 30,
        "display_name": "Evon Locke",
        "email": "Evon.Locke@snailmail.com",
        "first_name": "Evon",
        "last_name": "Locke",
        "state": "Maine"
    },
    "profile_details": {
        "last_login_time": "Wed Jun 26 12:58:49 2013",
        "loyalty": {
            "friends_referred": [],
            "loyalty_score": 5.957919398975021,
            "membership_type": "Silver",
            "redeemed_points": 1110,
            "reward_points": 1425
        },
        "password": "Evon14",
        "prefs": {
            "promotion_email": false,
            "ui_language": "English",
            "ui_theme": "Grafitti"
        },
        "user_creation_time": "Mon Sep  5 12:58:49 2011",
        "user_id": "Evon_82609958"
    },
    "search_history": [
        {
            "category": "Films",
            "sub-category": [
                "Foreign Films"
            ]
        },
        {
            "category": "Books",
            "sub-category": [
                "History",
                "Medicine",
                "Diet & Health"
            ]
        }
    ],
    "shipped_order_history": [
        {
            "order_datetime": "Tue Jul 10 12:58:49 2012",
            "order_id": "T323245144473"
        },
        {
            "order_datetime": "Fri Oct 26 12:58:49 2012",
            "order_id": "T490341978850"
        },
        {
            "order_datetime": "Fri Jun 15 12:58:49 2012",
            "order_id": "T463327228824"
        },
        {
            "order_datetime": "Thu Apr  4 12:58:49 2013",
            "order_id": "T903850569844"
        },
        {
            "order_datetime": "Wed Jul 18 12:58:49 2012",
            "order_id": "T982854465051"
        }
    ]
}