{
    "doc_type": "user_profile",
    "personal_details": {
        "age": 25,
        "display_name": "Faith Fielder",
        "email": "Faith.Fielder@snailmail.com",
        "first_name": "Faith",
        "last_name": "Fielder",
        "state": "Virginia"
    },
    "profile_details": {
        "last_login_time": "Fri Mar 29 12:58:49 2013",
        "loyalty": {
            "friends_referred": [],
            "loyalty_score": 3.216242789477317,
            "membership_type": "Basic",
            "redeemed_points": 522,
            "reward_points": 756
        },
        "password": "Faith10",
        "prefs": {
            "promotion_email": false,
            "ui_language": "English",
            "ui_theme": "Tree Tops"
        },
        "user_creation_time": "Sun Feb 20 12:58:49 2011",
        "user_id": "Faith_88585878"
    },
    "search_history": [
        {
            "category": "Films",
            "sub-category": [
                "Animation",
                "Documentary"
            ]
        }
    ],
    "shipped_order_history": [
        {
            "order_datetime": "Mon Oct 29 12:58:49 2012",
            "order_id": "T696742291695"
        }
    ]
}