{
    "doc_type": "user_profile",
    "personal_details": {
        "age": 56,
        "display_name": "Faith Guzman",
        "email": "Faith.Guzman@snailmail.com",
        "first_name": "Faith",
        "last_name": "Guzman",
        "state": "Nevada"
    },
    "profile_details": {
        "last_login_time": "Mon Feb 25 12:58:49 2013",
        "loyalty": {
            "friends_referred": [],
            "loyalty_score": 0.5183201967775863,
            "membership_type": "Basic",
            "redeemed_points": 0,
            "reward_points": 0
        },
        "password": "Faith37",
        "prefs": {
            "promotion_email": false,
            "ui_language": "English",
            "ui_theme": "Planets"
        },
        "user_creation_time": "Mon Jul 23 12:58:49 2012",
        "user_id": "Faith_33336293"
    },
    "search_history": [
        {
            "category": "Films",
            "sub-category": [
                "Classic Films"
            ]
        },
        {
            "category": "Books",
            "sub-category": [
                "History"
            ]
        }
    ],
    "shipped_order_history": []
}