{
    "doc_type": "user_profile",
    "personal_details": {
        "age": 42,
        "display_name": "Faustino Dooley",
        "email": "Faustino.Dooley@snailmail.com",
        "first_name": "Faustino",
        "last_name": "Dooley",
        "state": "North Dakota"
    },
    "profile_details": {
        "last_login_time": "Wed Feb 13 12:58:49 2013",
        "loyalty": {
            "friends_referred": [],
            "loyalty_score": 6.090336123133935,
            "membership_type": "Silver",
            "redeemed_points": 54,
            "reward_points": 1512
        },
        "password": "Faustino59",
        "prefs": {
            "promotion_email": false,
            "ui_language": "Spanish",
            "ui_theme": "Grafitti"
        },
        "user_creation_time": "Fri Apr 29 12:58:49 2011",
        "user_id": "Faustino_27898585"
    },
    "search_history": [
        {
            "category": "Films",
            "sub-category": [
                "Foreign Films",
                "Comedy"
            ]
        }
    ],
    "shipped_order_history": [
        {
            "order_datetime": "Mon Sep  3 12:58:49 2012",
            "order_id": "T288136491165"
        }
    ]
}