{
    "doc_type": "user_profile",
    "personal_details": {
        "age": 50,
        "display_name": "Faye Hawley",
        "email": "Faye.Hawley@snailmail.com",
        "first_name": "Faye",
        "last_name": "Hawley",
        "state": "Hawaii"
    },
    "profile_details": {
        "last_login_time": "Fri Jul 12 12:58:49 2013",
        "loyalty": {
            "friends_referred": [],
            "loyalty_score": 2.560952368959245,
            "membership_type": "Basic",
            "redeemed_points": 168,
            "reward_points": 354
        },
        "password": "Faye19",
        "prefs": {
            "promotion_email": false,
            "ui_language": "French",
            "ui_theme": "Pebbles"
        },
        "user_creation_time": "Fri Aug  5 12:58:49 2011",
        "user_id": "Faye_27475408"
    },
    "shipped_order_history": [
        {
            "order_datetime": "Fri Jun 21 12:58:49 2013",
            "order_id": "T300421113079"
        }
    ]
}