{
    "doc_type": "user_profile",
    "personal_details": {
        "age": 53,
        "display_name": "Felix Burroughs",
        "email": "Felix.Burroughs@snailmail.com",
        "first_name": "Felix",
        "last_name": "Burroughs",
        "state": "Delaware"
    },
    "profile_details": {
        "last_login_time": "Sun Apr  7 12:58:49 2013",
        "loyalty": {
            "friends_referred": [],
            "loyalty_score": 3.2266261963135587,
            "membership_type": "Basic",
            "redeemed_points": 774,
            "reward_points": 639
        },
        "password": "Felix55",
        "prefs": {
            "promotion_category": [
                "Books",
                "Music",
                "Films"
            ],
            "promotion_email": true,
            "ui_language": "English",
            "ui_theme": "Tree Tops"
        },
        "user_creation_time": "Tue Mar 29 12:58:49 2011",
        "user_id": "Felix_44429144"
    },
    "search_history": [
        {
            "category": "Films",
            "sub-category": [
                "Animation"
            ]
        },
        {
            "category": "Books",
            "sub-category": [
                "Religion"
            ]
        },
        {
            "category": "Music",
            "sub-category": [
                "Blues and Folk",
                "Jazz"
            ]
        }
    ],
    "shipped_order_history": [
        {
            "order_datetime": "Thu Apr  7 12:58:49 2011",
            "order_id": "T683152461819"
        },
        {
            "order_datetime": "Fri Sep  2 12:58:49 2011",
            "order_id": "T979560349662"
        }
    ]
}