{
    "doc_type": "user_profile",
    "personal_details": {
        "age": 45,
        "display_name": "Felicita Larsen",
        "email": "Felicita.Larsen@snailmail.com",
        "first_name": "Felicita",
        "last_name": "Larsen",
        "state": "South Carolina"
    },
    "profile_details": {
        "last_login_time": "Fri Nov 30 12:58:49 2012",
        "loyalty": {
            "friends_referred": [],
            "loyalty_score": 1.3931795299535787,
            "membership_type": "Basic",
            "redeemed_points": 222,
            "reward_points": 33
        },
        "password": "Felicita69",
        "prefs": {
            "promotion_category": [
                "Books",
                "Music",
                "Films"
            ],
            "promotion_email": true,
            "ui_language": "Spanish",
            "ui_theme": "Planets"
        },
        "user_creation_time": "Wed Aug  3 12:58:49 2011",
        "user_id": "Felicita_15446988"
    },
    "search_history": [
        {
            "category": "Films",
            "sub-category": [
                "Foreign Films",
                "Documentary",
                "Music & Musicals"
            ]
        },
        {
            "category": "Books",
            "sub-category": [
                "Humor",
                "Travel"
            ]
        }
    ],
    "shipped_order_history": []
}