{
    "doc_type": "user_profile",
    "personal_details": {
        "age": 55,
        "display_name": "Felicitas Kirkwood",
        "email": "Felicitas.Kirkwood@snailmail.com",
        "first_name": "Felicitas",
        "last_name": "Kirkwood",
        "state": "Vermont"
    },
    "profile_details": {
        "last_login_time": "Tue May  7 12:58:49 2013",
        "loyalty": {
            "friends_referred": [],
            "loyalty_score": 8.4830718515934,
            "membership_type": "Gold",
            "redeemed_points": 1488,
            "reward_points": 720
        },
        "password": "Felicitas49",
        "prefs": {
            "promotion_email": false,
            "ui_language": "French",
            "ui_theme": "Pebbles"
        },
        "user_creation_time": "Tue Jan 10 12:58:49 2012",
        "user_id": "Felicitas_13308328"
    },
    "search_history": [
        {
            "category": "Films",
            "sub-category": [
                "Classic Films",
                "Documentary"
            ]
        }
    ],
    "shipped_order_history": [
        {
            "order_datetime": "Thu Jun  7 12:58:49 2012",
            "order_id": "T775647408161"
        },
        {
            "order_datetime": "Fri Jun  1 12:58:49 2012",
            "order_id": "T626457286805"
        },
        {
            "order_datetime": "Wed Nov 14 12:58:49 2012",
            "order_id": "T790238349195"
        },
        {
            "order_datetime": "Tue Mar  5 12:58:49 2013",
            "order_id": "T630264036825"
        },
        {
            "order_datetime": "Thu Aug 23 12:58:49 2012",
            "order_id": "T980848221041"
        },
        {
            "order_datetime": "Wed Jan 23 12:58:49 2013",
            "order_id": "T311635899329"
        }
    ]
}