{
    "doc_type": "user_profile",
    "personal_details": {
        "age": 16,
        "display_name": "Ferne Bishop",
        "email": "Ferne.Bishop@snailmail.com",
        "first_name": "Ferne",
        "last_name": "Bishop",
        "state": "Idaho"
    },
    "profile_details": {
        "last_login_time": "Mon Jun 17 12:58:49 2013",
        "loyalty": {
            "friends_referred": [
                "Kathleen_93531689"
            ],
            "loyalty_score": 8.625484395253753,
            "membership_type": "Gold",
            "redeemed_points": 1008,
            "reward_points": 1008
        },
        "password": "Ferne82",
        "prefs": {
            "promotion_email": false,
            "ui_language": "English",
            "ui_theme": "Planets"
        },
        "user_creation_time": "Wed Dec 21 12:58:49 2011",
        "user_id": "Ferne_38036398"
    },
    "shipped_order_history": []
}