{
    "doc_type": "user_profile",
    "personal_details": {
        "age": 50,
        "display_name": "Filiberto Montgomery",
        "email": "Filiberto.Montgomery@snailmail.com",
        "first_name": "Filiberto",
        "last_name": "Montgomery",
        "state": "Kansas"
    },
    "profile_details": {
        "last_login_time": "Sat May 11 12:58:49 2013",
        "loyalty": {
            "friends_referred": [],
            "loyalty_score": 1.1481864959659005,
            "membership_type": "Basic",
            "redeemed_points": 207,
            "reward_points": 30
        },
        "password": "Filiberto22",
        "prefs": {
            "promotion_email": false,
            "ui_language": "French",
            "ui_theme": "Mountains"
        },
        "user_creation_time": "Thu Nov  8 12:58:49 2012",
        "user_id": "Filiberto_91122587"
    },
    "search_history": [
        {
            "category": "Films",
            "sub-category": [
                "Foreign Films",
                "Drama",
                "Sci-Fi, Fantasy & Horror"
            ]
        },
        {
            "category": "Books",
            "sub-category": [
                "History",
                "Travel",
                "Diet & Health"
            ]
        }
    ],
    "shipped_order_history": [
        {
            "order_datetime": "Thu Mar  7 12:58:49 2013",
            "order_id": "T621760493132"
        }
    ]
}