{
    "doc_type": "user_profile",
    "personal_details": {
        "age": 20,
        "display_name": "Florine Casteel",
        "email": "Florine.Casteel@snailmail.com",
        "first_name": "Florine",
        "last_name": "Casteel",
        "state": "Oregon"
    },
    "profile_details": {
        "last_login_time": "Sat Jul 13 12:58:49 2013",
        "loyalty": {
            "friends_referred": [],
            "loyalty_score": 4.222366552681759,
            "membership_type": "Silver",
            "redeemed_points": 1092,
            "reward_points": 540
        },
        "password": "Florine87",
        "prefs": {
            "promotion_email": false,
            "ui_language": "Spanish",
            "ui_theme": "Ocean"
        },
        "user_creation_time": "Thu Apr 25 12:58:49 2013",
        "user_id": "Florine_78547636"
    },
    "search_history": [
        {
            "category": "Films",
            "sub-category": [
                "Animation",
                "Documentary"
            ]
        },
        {
            "category": "Books",
            "sub-category": [
                "Religion",
                "Travel",
                "Home & Garden"
            ]
        }
    ],
    "shipped_order_history": [
        {
            "order_datetime": "Sat Jun  1 12:58:49 2013",
            "order_id": "T938738828807"
        },
        {
            "order_datetime": "Sat May 25 12:58:49 2013",
            "order_id": "T189932505619"
        },
        {
            "order_datetime": "Tue May 21 12:58:49 2013",
            "order_id": "T979145436226"
        },
        {
            "order_datetime": "Sun Jun 30 12:58:49 2013",
            "order_id": "T611963335962"
        }
    ]
}