{
    "doc_type": "user_profile",
    "personal_details": {
        "age": 35,
        "display_name": "Floretta Ison",
        "email": "Floretta.Ison@snailmail.com",
        "first_name": "Floretta",
        "last_name": "Ison",
        "state": "Alabama"
    },
    "profile_details": {
        "last_login_time": "Sat Aug 24 12:58:49 2013",
        "loyalty": {
            "friends_referred": [
                "Tomasa_27493621"
            ],
            "loyalty_score": 6.670774649250301,
            "membership_type": "Silver",
            "redeemed_points": 1512,
            "reward_points": 1458
        },
        "password": "Floretta62",
        "prefs": {
            "promotion_email": false,
            "ui_language": "Spanish",
            "ui_theme": "Ocean"
        },
        "user_creation_time": "Mon Jul  2 12:58:49 2012",
        "user_id": "Floretta_82894220"
    },
    "search_history": [
        {
            "category": "Films",
            "sub-category": [
                "Foreign Films",
                "Documentary",
                "Fitness / Instructional"
            ]
        },
        {
            "category": "Books",
            "sub-category": [
                "Religion",
                "Travel"
            ]
        },
        {
            "category": "Music",
            "sub-category": [
                "Classical Music"
            ]
        }
    ],
    "shipped_order_history": [
        {
            "order_datetime": "Sat Mar  9 12:58:49 2013",
            "order_id": "T674126357101"
        },
        {
            "order_datetime": "Thu Mar 21 12:58:49 2013",
            "order_id": "T521364209226"
        },
        {
            "order_datetime": "Wed Dec 19 12:58:49 2012",
            "order_id": "T692754346911"
        },
        {
            "order_datetime": "Mon Aug 27 12:58:49 2012",
            "order_id": "T277840243774"
        }
    ]
}