{
    "doc_type": "user_profile",
    "personal_details": {
        "age": 56,
        "display_name": "Flossie Rosado",
        "email": "Flossie.Rosado@snailmail.com",
        "first_name": "Flossie",
        "last_name": "Rosado",
        "state": "Iowa"
    },
    "profile_details": {
        "last_login_time": "Sat Jul 27 12:58:49 2013",
        "loyalty": {
            "friends_referred": [],
            "loyalty_score": 1.0308245869724297,
            "membership_type": "Basic",
            "redeemed_points": 237,
            "reward_points": 159
        },
        "password": "Flossie36",
        "prefs": {
            "promotion_category": [
                "Books"
            ],
            "promotion_email": true,
            "ui_language": "Spanish",
            "ui_theme": "Mountains"
        },
        "user_creation_time": "Sun May  5 12:58:49 2013",
        "user_id": "Flossie_38795549"
    },
    "shipped_order_history": [
        {
            "order_datetime": "Sun Jul 21 12:58:49 2013",
            "order_id": "T922945933384"
        }
    ]
}