{
    "doc_type": "user_profile",
    "personal_details": {
        "age": 23,
        "display_name": "Floyd Knudsen",
        "email": "Floyd.Knudsen@snailmail.com",
        "first_name": "Floyd",
        "last_name": "Knudsen",
        "state": "Rhode Island"
    },
    "profile_details": {
        "last_login_time": "Sat Aug  3 12:58:49 2013",
        "loyalty": {
            "friends_referred": [],
            "loyalty_score": 4.2081585319785315,
            "membership_type": "Silver",
            "redeemed_points": 180,
            "reward_points": 780
        },
        "password": "Floyd53",
        "prefs": {
            "promotion_email": false,
            "ui_language": "French",
            "ui_theme": "Mountains"
        },
        "user_creation_time": "Fri May 20 12:58:49 2011",
        "user_id": "Floyd_56944800"
    },
    "search_history": [
        {
            "category": "Films",
            "sub-category": [
                "Foreign Films",
                "Documentary",
                "Music & Musicals"
            ]
        }
    ],
    "shipped_order_history": [
        {
            "order_datetime": "Tue Jan 31 12:58:49 2012",
            "order_id": "T465761525351"
        },
        {
            "order_datetime": "Sat May 26 12:58:49 2012",
            "order_id": "T169932092651"
        }
    ]
}