{
    "doc_type": "user_profile",
    "personal_details": {
        "age": 54,
        "display_name": "Forest Parham",
        "email": "Forest.Parham@snailmail.com",
        "first_name": "Forest",
        "last_name": "Parham",
        "state": "Florida"
    },
    "profile_details": {
        "last_login_time": "Wed Jul  3 12:58:49 2013",
        "loyalty": {
            "friends_referred": [],
            "loyalty_score": 1.957243019700694,
            "membership_type": "Basic",
            "redeemed_points": 66,
            "reward_points": 63
        },
        "password": "Forest72",
        "prefs": {
            "promotion_category": [
                "Books",
                "Music"
            ],
            "promotion_email": true,
            "ui_language": "Spanish",
            "ui_theme": "Pebbles"
        },
        "user_creation_time": "Sun Sep 30 12:58:49 2012",
        "user_id": "Forest_69703221"
    },
    "search_history": [
        {
            "category": "Films",
            "sub-category": [
                "Classic Films",
                "Comedy",
                "Sci-Fi, Fantasy & Horror"
            ]
        }
    ],
    "shipped_order_history": []
}