{
    "doc_type": "user_profile",
    "personal_details": {
        "age": 48,
        "display_name": "Frances Turney",
        "email": "Frances.Turney@snailmail.com",
        "first_name": "Frances",
        "last_name": "Turney",
        "state": "Minnesota"
    },
    "profile_details": {
        "last_login_time": "Fri Jun 21 12:58:49 2013",
        "loyalty": {
            "friends_referred": [],
            "loyalty_score": 6.615699997649802,
            "membership_type": "Silver",
            "redeemed_points": 216,
            "reward_points": 1062
        },
        "password": "Frances50",
        "prefs": {
            "promotion_email": false,
            "ui_language": "German",
            "ui_theme": "Beach"
        },
        "user_creation_time": "Sat Mar 19 12:58:49 2011",
        "user_id": "Frances_37446227"
    },
    "search_history": [
        {
            "category": "Films",
            "sub-category": [
                "Animation",
                "Drama"
            ]
        }
    ],
    "shipped_order_history": [
        {
            "order_datetime": "Mon Jan 30 12:58:49 2012",
            "order_id": "T201658901790"
        },
        {
            "order_datetime": "Mon Oct 29 12:58:49 2012",
            "order_id": "T757654176264"
        },
        {
            "order_datetime": "Mon Mar 25 12:58:49 2013",
            "order_id": "T942958967968"
        },
        {
            "order_datetime": "Mon Nov 14 12:58:49 2011",
            "order_id": "T166331535933"
        }
    ]
}