{
    "doc_type": "user_profile",
    "personal_details": {
        "age": 46,
        "display_name": "Franklyn Leighton",
        "email": "Franklyn.Leighton@snailmail.com",
        "first_name": "Franklyn",
        "last_name": "Leighton",
        "state": "Indiana"
    },
    "profile_details": {
        "last_login_time": "Mon Jun 17 12:58:49 2013",
        "loyalty": {
            "friends_referred": [
                "Rolande_89239802"
            ],
            "loyalty_score": 6.415224233417105,
            "membership_type": "Silver",
            "redeemed_points": 306,
            "reward_points": 18
        },
        "password": "Franklyn89",
        "prefs": {
            "promotion_category": [
                "Books",
                "Music",
                "Films"
            ],
            "promotion_email": true,
            "ui_language": "Spanish",
            "ui_theme": "Pebbles"
        },
        "user_creation_time": "Mon May  7 12:58:49 2012",
        "user_id": "Franklyn_30036073"
    },
    "search_history": [
        {
            "category": "Films",
            "sub-category": [
                "Classic Films",
                "Drama",
                "Fitness / Instructional"
            ]
        },
        {
            "category": "Books",
            "sub-category": [
                "Religion"
            ]
        }
    ],
    "shipped_order_history": [
        {
            "order_datetime": "Wed Oct 31 12:58:49 2012",
            "order_id": "T458852485412"
        },
        {
            "order_datetime": "Tue Mar 26 12:58:49 2013",
            "order_id": "T421738989332"
        },
        {
            "order_datetime": "Fri Aug 31 12:58:49 2012",
            "order_id": "T849365108349"
        },
        {
            "order_datetime": "Thu Jan  3 12:58:49 2013",
            "order_id": "T800567392904"
        },
        {
            "order_datetime": "Sun Feb 10 12:58:49 2013",
            "order_id": "T227220199115"
        }
    ]
}