{
    "doc_type": "user_profile",
    "personal_details": {
        "age": 23,
        "display_name": "Frederic Cuevas",
        "email": "Frederic.Cuevas@snailmail.com",
        "first_name": "Frederic",
        "last_name": "Cuevas",
        "state": "Georgia"
    },
    "profile_details": {
        "last_login_time": "Sun May 19 12:58:49 2013",
        "loyalty": {
            "friends_referred": [
                "Sam_79691130"
            ],
            "loyalty_score": 7.599556079645731,
            "membership_type": "Gold",
            "redeemed_points": 1092,
            "reward_points": 399
        },
        "password": "Frederic36",
        "prefs": {
            "promotion_category": [
                "Books",
                "Music"
            ],
            "promotion_email": true,
            "ui_language": "French",
            "ui_theme": "Ocean"
        },
        "user_creation_time": "Mon Aug  6 12:58:49 2012",
        "user_id": "Frederic_84884211"
    },
    "search_history": [
        {
            "category": "Films",
            "sub-category": [
                "Classic Films",
                "Documentary"
            ]
        },
        {
            "category": "Books",
            "sub-category": [
                "Religion",
                "Medicine"
            ]
        }
    ],
    "shipped_order_history": [
        {
            "order_datetime": "Sun May 12 12:58:49 2013",
            "order_id": "T418251698478"
        },
        {
            "order_datetime": "Sun May  5 12:58:49 2013",
            "order_id": "T192968085311"
        },
        {
            "order_datetime": "Thu May  2 12:58:49 2013",
            "order_id": "T420937088300"
        },
        {
            "order_datetime": "Thu Oct 11 12:58:49 2012",
            "order_id": "T403649235005"
        }
    ]
}