{
    "doc_type": "user_profile",
    "personal_details": {
        "age": 21,
        "display_name": "Freddie Travis",
        "email": "Freddie.Travis@snailmail.com",
        "first_name": "Freddie",
        "last_name": "Travis",
        "state": "Michigan"
    },
    "profile_details": {
        "last_login_time": "Wed Mar 27 12:58:49 2013",
        "loyalty": {
            "friends_referred": [],
            "loyalty_score": 1.2755976929550072,
            "membership_type": "Basic",
            "redeemed_points": 267,
            "reward_points": 261
        },
        "password": "Freddie52",
        "prefs": {
            "promotion_category": [
                "Books"
            ],
            "promotion_email": true,
            "ui_language": "German",
            "ui_theme": "Planets"
        },
        "user_creation_time": "Mon Apr 23 12:58:49 2012",
        "user_id": "Freddie_71893786"
    },
    "search_history": [
        {
            "category": "Films",
            "sub-category": [
                "Foreign Films",
                "Drama"
            ]
        },
        {
            "category": "Books",
            "sub-category": [
                "Humor",
                "NonFiction"
            ]
        },
        {
            "category": "Music",
            "sub-category": [
                "Classical Music",
                "Jazz",
                "Pop Music"
            ]
        }
    ],
    "shipped_order_history": []
}