{
    "doc_type": "user_profile",
    "personal_details": {
        "age": 53,
        "display_name": "Freddie Boyce",
        "email": "Freddie.Boyce@snailmail.com",
        "first_name": "Freddie",
        "last_name": "Boyce",
        "state": "Idaho"
    },
    "profile_details": {
        "last_login_time": "Thu Nov  1 12:58:49 2012",
        "loyalty": {
            "friends_referred": [
                "Virgie_3323980",
                "Myung_92342200"
            ],
            "loyalty_score": 8.458094650746398,
            "membership_type": "Gold",
            "redeemed_points": 120,
            "reward_points": 1104
        },
        "password": "Freddie92",
        "prefs": {
            "promotion_email": false,
            "ui_language": "Spanish",
            "ui_theme": "Beach"
        },
        "user_creation_time": "Fri Feb 18 12:58:49 2011",
        "user_id": "Freddie_45265836"
    },
    "shipped_order_history": [
        {
            "order_datetime": "Fri Aug 24 12:58:49 2012",
            "order_id": "T419046711718"
        },
        {
            "order_datetime": "Fri Sep 21 12:58:49 2012",
            "order_id": "T244459444560"
        },
        {
            "order_datetime": "Tue Oct 18 12:58:49 2011",
            "order_id": "T151343287205"
        },
        {
            "order_datetime": "Thu Jul 12 12:58:49 2012",
            "order_id": "T677127759616"
        },
        {
            "order_datetime": "Thu Mar 15 12:58:49 2012",
            "order_id": "T564325973660"
        },
        {
            "order_datetime": "Mon Apr 11 12:58:49 2011",
            "order_id": "T493427862236"
        },
        {
            "order_datetime": "Wed Mar 30 12:58:49 2011",
            "order_id": "T324922567322"
        },
        {
            "order_datetime": "Mon Mar 26 12:58:49 2012",
            "order_id": "T263846639433"
        }
    ]
}