{
    "doc_type": "user_profile",
    "personal_details": {
        "age": 59,
        "display_name": "Fredrick Merrill",
        "email": "Fredrick.Merrill@snailmail.com",
        "first_name": "Fredrick",
        "last_name": "Merrill",
        "state": "Massachusetts"
    },
    "profile_details": {
        "last_login_time": "Sat Apr 27 12:58:49 2013",
        "loyalty": {
            "friends_referred": [],
            "loyalty_score": 0.14478377686092503,
            "membership_type": "Basic",
            "redeemed_points": 0,
            "reward_points": 0
        },
        "password": "Fredrick55",
        "prefs": {
            "promotion_email": false,
            "ui_language": "German",
            "ui_theme": "Mountains"
        },
        "user_creation_time": "Sat Feb 11 12:58:49 2012",
        "user_id": "Fredrick_35961357"
    },
    "search_history": [
        {
            "category": "Films",
            "sub-category": [
                "Animation"
            ]
        },
        {
            "category": "Books",
            "sub-category": [
                "History",
                "Medicine"
            ]
        }
    ],
    "shipped_order_history": []
}