{
    "doc_type": "user_profile",
    "personal_details": {
        "age": 19,
        "display_name": "Freddie Templeton",
        "email": "Freddie.Templeton@snailmail.com",
        "first_name": "Freddie",
        "last_name": "Templeton",
        "state": "Oklahoma"
    },
    "profile_details": {
        "last_login_time": "Sat Jun 22 12:58:49 2013",
        "loyalty": {
            "friends_referred": [],
            "loyalty_score": 0.6925939668693426,
            "membership_type": "Basic",
            "redeemed_points": 0,
            "reward_points": 0
        },
        "password": "Freddie21",
        "prefs": {
            "promotion_category": [
                "Books"
            ],
            "promotion_email": true,
            "ui_language": "Spanish",
            "ui_theme": "Tree Tops"
        },
        "user_creation_time": "Tue Apr  3 12:58:49 2012",
        "user_id": "Freddie_65772046"
    },
    "search_history": [
        {
            "category": "Films",
            "sub-category": [
                "Classic Films"
            ]
        }
    ],
    "shipped_order_history": []
}