{
    "doc_type": "user_profile",
    "personal_details": {
        "age": 39,
        "display_name": "Freeda Goetz",
        "email": "Freeda.Goetz@snailmail.com",
        "first_name": "Freeda",
        "last_name": "Goetz",
        "state": "Utah"
    },
    "profile_details": {
        "last_login_time": "Mon Jun 10 12:58:49 2013",
        "loyalty": {
            "friends_referred": [],
            "loyalty_score": 1.022187610057086,
            "membership_type": "Basic",
            "redeemed_points": 222,
            "reward_points": 156
        },
        "password": "Freeda54",
        "prefs": {
            "promotion_category": [
                "Books",
                "Music",
                "Films"
            ],
            "promotion_email": true,
            "ui_language": "English",
            "ui_theme": "Planets"
        },
        "user_creation_time": "Fri Oct  5 12:58:49 2012",
        "user_id": "Freeda_86356531"
    },
    "search_history": [
        {
            "category": "Films",
            "sub-category": [
                "Foreign Films",
                "Drama"
            ]
        },
        {
            "category": "Books",
            "sub-category": [
                "Religion"
            ]
        },
        {
            "category": "Music",
            "sub-category": [
                "Classical Music",
                "Kid's Music",
                "Opera and Vocal"
            ]
        }
    ],
    "shipped_order_history": [
        {
            "order_datetime": "Wed Dec  5 12:58:49 2012",
            "order_id": "T143767705103"
        }
    ]
}