{
    "doc_type": "user_profile",
    "personal_details": {
        "age": 53,
        "display_name": "Frieda Ramey",
        "email": "Frieda.Ramey@snailmail.com",
        "first_name": "Frieda",
        "last_name": "Ramey",
        "state": "Rhode Island"
    },
    "profile_details": {
        "last_login_time": "Mon Aug  5 12:58:49 2013",
        "loyalty": {
            "friends_referred": [
                "Sheila_2573178"
            ],
            "loyalty_score": 8.047862721873969,
            "membership_type": "Gold",
            "redeemed_points": 1176,
            "reward_points": 1464
        },
        "password": "Frieda56",
        "prefs": {
            "promotion_category": [
                "Books",
                "Music",
                "Films"
            ],
            "promotion_email": true,
            "ui_language": "Spanish",
            "ui_theme": "Wood"
        },
        "user_creation_time": "Wed Jun 20 12:58:49 2012",
        "user_id": "Frieda_3461091"
    },
    "search_history": [
        {
            "category": "Films",
            "sub-category": [
                "Classic Films",
                "Drama"
            ]
        }
    ],
    "shipped_order_history": [
        {
            "order_datetime": "Sat Aug 25 12:58:49 2012",
            "order_id": "T398759113000"
        },
        {
            "order_datetime": "Sat Oct 20 12:58:49 2012",
            "order_id": "T993643124924"
        },
        {
            "order_datetime": "Tue Jan 22 12:58:49 2013",
            "order_id": "T849327865526"
        },
        {
            "order_datetime": "Tue Oct 30 12:58:49 2012",
            "order_id": "T748722164394"
        },
        {
            "order_datetime": "Fri Mar 15 12:58:49 2013",
            "order_id": "T644931133965"
        }
    ]
}