{
    "doc_type": "user_profile",
    "personal_details": {
        "age": 27,
        "display_name": "Gabriele Chen",
        "email": "Gabriele.Chen@snailmail.com",
        "first_name": "Gabriele",
        "last_name": "Chen",
        "state": "Texas"
    },
    "profile_details": {
        "last_login_time": "Mon Jun 24 12:58:49 2013",
        "loyalty": {
            "friends_referred": [],
            "loyalty_score": 0.8944321188845217,
            "membership_type": "Basic",
            "redeemed_points": 0,
            "reward_points": 0
        },
        "password": "Gabriele59",
        "prefs": {
            "promotion_category": [
                "Books",
                "Music",
                "Films"
            ],
            "promotion_email": true,
            "ui_language": "Spanish",
            "ui_theme": "Wood"
        },
        "user_creation_time": "Wed May  2 12:58:49 2012",
        "user_id": "Gabriele_88572454"
    },
    "shipped_order_history": []
}