{
    "doc_type": "user_profile",
    "personal_details": {
        "age": 48,
        "display_name": "Garrett Tran",
        "email": "Garrett.Tran@snailmail.com",
        "first_name": "Garrett",
        "last_name": "Tran",
        "state": "Vermont"
    },
    "profile_details": {
        "last_login_time": "Fri Jun 28 12:58:49 2013",
        "loyalty": {
            "friends_referred": [],
            "loyalty_score": 6.485400878153079,
            "membership_type": "Silver",
            "redeemed_points": 972,
            "reward_points": 306
        },
        "password": "Garrett42",
        "prefs": {
            "promotion_email": false,
            "ui_language": "Spanish",
            "ui_theme": "Grafitti"
        },
        "user_creation_time": "Sun Mar 31 12:58:49 2013",
        "user_id": "Garrett_53151591"
    },
    "search_history": [
        {
            "category": "Films",
            "sub-category": [
                "Foreign Films",
                "Documentary",
                "Music & Musicals"
            ]
        }
    ],
    "shipped_order_history": [
        {
            "order_datetime": "Sun Jun 16 12:58:49 2013",
            "order_id": "T841121589321"
        },
        {
            "order_datetime": "Sun May 19 12:58:49 2013",
            "order_id": "T624442366004"
        }
    ]
}