{
    "doc_type": "user_profile",
    "personal_details": {
        "age": 15,
        "display_name": "Garret Velez",
        "email": "Garret.Velez@snailmail.com",
        "first_name": "Garret",
        "last_name": "Velez",
        "state": "Maryland"
    },
    "profile_details": {
        "last_login_time": "Fri Aug 30 12:58:49 2013",
        "loyalty": {
            "friends_referred": [],
            "loyalty_score": 1.5853150865374421,
            "membership_type": "Basic",
            "redeemed_points": 72,
            "reward_points": 198
        },
        "password": "Garret87",
        "prefs": {
            "promotion_email": false,
            "ui_language": "French",
            "ui_theme": "Pebbles"
        },
        "user_creation_time": "Mon Jan 28 12:58:49 2013",
        "user_id": "Garret_84549970"
    },
    "shipped_order_history": [
        {
            "order_datetime": "Fri May 31 12:58:49 2013",
            "order_id": "T623758009837"
        }
    ]
}