{
    "doc_type": "user_profile",
    "personal_details": {
        "age": 17,
        "display_name": "Gavin Dunlap",
        "email": "Gavin.Dunlap@snailmail.com",
        "first_name": "Gavin",
        "last_name": "Dunlap",
        "state": "South Carolina"
    },
    "profile_details": {
        "last_login_time": "Wed Jun 26 12:58:49 2013",
        "loyalty": {
            "friends_referred": [],
            "loyalty_score": 1.0281396619815941,
            "membership_type": "Basic",
            "redeemed_points": 3,
            "reward_points": 240
        },
        "password": "Gavin34",
        "prefs": {
            "promotion_category": [
                "Books",
                "Music",
                "Films"
            ],
            "promotion_email": true,
            "ui_language": "French",
            "ui_theme": "Mountains"
        },
        "user_creation_time": "Mon Jan 31 12:58:49 2011",
        "user_id": "Gavin_18209128"
    },
    "search_history": [
        {
            "category": "Films",
            "sub-category": [
                "Classic Films",
                "Comedy",
                "Sci-Fi, Fantasy & Horror"
            ]
        },
        {
            "category": "Books",
            "sub-category": [
                "Humor",
                "Medicine",
                "Sports & Adventure"
            ]
        },
        {
            "category": "Music",
            "sub-category": [
                "Blues and Folk"
            ]
        }
    ],
    "shipped_order_history": [
        {
            "order_datetime": "Thu Jun 21 12:58:49 2012",
            "order_id": "T721864091803"
        }
    ]
}