{
    "doc_type": "user_profile",
    "personal_details": {
        "age": 22,
        "display_name": "Gayle Burdette",
        "email": "Gayle.Burdette@snailmail.com",
        "first_name": "Gayle",
        "last_name": "Burdette",
        "state": "New Mexico"
    },
    "profile_details": {
        "last_login_time": "Mon Aug 19 12:58:49 2013",
        "loyalty": {
            "friends_referred": [],
            "loyalty_score": 1.3484260722028008,
            "membership_type": "Basic",
            "redeemed_points": 231,
            "reward_points": 183
        },
        "password": "Gayle42",
        "prefs": {
            "promotion_email": false,
            "ui_language": "English",
            "ui_theme": "Mountains"
        },
        "user_creation_time": "Thu Jul  4 12:58:49 2013",
        "user_id": "Gayle_6471777"
    },
    "search_history": [
        {
            "category": "Films",
            "sub-category": [
                "Classic Films",
                "Drama"
            ]
        }
    ],
    "shipped_order_history": []
}