{
    "doc_type": "user_profile",
    "personal_details": {
        "age": 18,
        "display_name": "Gemma Werner",
        "email": "Gemma.Werner@snailmail.com",
        "first_name": "Gemma",
        "last_name": "Werner",
        "state": "Utah"
    },
    "profile_details": {
        "last_login_time": "Sun Jun 30 12:58:49 2013",
        "loyalty": {
            "friends_referred": [],
            "loyalty_score": 0.2330089345869435,
            "membership_type": "Basic",
            "redeemed_points": 0,
            "reward_points": 0
        },
        "password": "Gemma93",
        "prefs": {
            "promotion_category": [
                "Books",
                "Music"
            ],
            "promotion_email": true,
            "ui_language": "English",
            "ui_theme": "Wood"
        },
        "user_creation_time": "Mon Feb 18 12:58:49 2013",
        "user_id": "Gemma_65357361"
    },
    "search_history": [
        {
            "category": "Films",
            "sub-category": [
                "Animation"
            ]
        }
    ],
    "shipped_order_history": []
}