{
    "doc_type": "user_profile",
    "personal_details": {
        "age": 50,
        "display_name": "Gemma Martinson",
        "email": "Gemma.Martinson@snailmail.com",
        "first_name": "Gemma",
        "last_name": "Martinson",
        "state": "Mississippi"
    },
    "profile_details": {
        "last_login_time": "Sat Jul 27 12:58:49 2013",
        "loyalty": {
            "friends_referred": [],
            "loyalty_score": 1.5704619609220105,
            "membership_type": "Basic",
            "redeemed_points": 168,
            "reward_points": 168
        },
        "password": "Gemma26",
        "prefs": {
            "promotion_category": [
                "Books",
                "Music"
            ],
            "promotion_email": true,
            "ui_language": "French",
            "ui_theme": "Planets"
        },
        "user_creation_time": "Fri Sep  7 12:58:49 2012",
        "user_id": "Gemma_98149156"
    },
    "shipped_order_history": []
}