{
    "doc_type": "user_profile",
    "personal_details": {
        "age": 59,
        "display_name": "Genevieve Mcclanahan",
        "email": "Genevieve.Mcclanahan@snailmail.com",
        "first_name": "Genevieve",
        "last_name": "Mcclanahan",
        "state": "Texas"
    },
    "profile_details": {
        "last_login_time": "Sat May 18 12:58:49 2013",
        "loyalty": {
            "friends_referred": [],
            "loyalty_score": 6.727277093456266,
            "membership_type": "Silver",
            "redeemed_points": 360,
            "reward_points": 1476
        },
        "password": "Genevieve48",
        "prefs": {
            "promotion_category": [
                "Books"
            ],
            "promotion_email": true,
            "ui_language": "English",
            "ui_theme": "Tree Tops"
        },
        "user_creation_time": "Tue Apr 19 12:58:49 2011",
        "user_id": "Genevieve_98852949"
    },
    "search_history": [
        {
            "category": "Films",
            "sub-category": [
                "Foreign Films",
                "Comedy"
            ]
        },
        {
            "category": "Books",
            "sub-category": [
                "Humor",
                "NonFiction"
            ]
        }
    ],
    "shipped_order_history": [
        {
            "order_datetime": "Thu Aug  2 12:58:49 2012",
            "order_id": "T981943931164"
        },
        {
            "order_datetime": "Mon Aug 13 12:58:49 2012",
            "order_id": "T610827606397"
        },
        {
            "order_datetime": "Tue Oct  9 12:58:49 2012",
            "order_id": "T174036427096"
        }
    ]
}