{
    "doc_type": "user_profile",
    "personal_details": {
        "age": 58,
        "display_name": "Genny Medlock",
        "email": "Genny.Medlock@snailmail.com",
        "first_name": "Genny",
        "last_name": "Medlock",
        "state": "New Jersey"
    },
    "profile_details": {
        "last_login_time": "Mon Sep  2 12:58:49 2013",
        "loyalty": {
            "friends_referred": [],
            "loyalty_score": 0.6507681450195246,
            "membership_type": "Basic",
            "redeemed_points": 0,
            "reward_points": 0
        },
        "password": "Genny79",
        "prefs": {
            "promotion_email": false,
            "ui_language": "German",
            "ui_theme": "Pebbles"
        },
        "user_creation_time": "Tue Jun 18 12:58:49 2013",
        "user_id": "Genny_64401110"
    },
    "search_history": [
        {
            "category": "Films",
            "sub-category": [
                "Animation"
            ]
        }
    ],
    "shipped_order_history": []
}