{
    "doc_type": "user_profile",
    "personal_details": {
        "age": 18,
        "display_name": "Genoveva Berryman",
        "email": "Genoveva.Berryman@snailmail.com",
        "first_name": "Genoveva",
        "last_name": "Berryman",
        "state": "Montana"
    },
    "profile_details": {
        "last_login_time": "Tue Sep  3 12:58:49 2013",
        "loyalty": {
            "friends_referred": [],
            "loyalty_score": 2.2682771057387576,
            "membership_type": "Basic",
            "redeemed_points": 450,
            "reward_points": 564
        },
        "password": "Genoveva86",
        "prefs": {
            "promotion_category": [
                "Books",
                "Music",
                "Films"
            ],
            "promotion_email": true,
            "ui_language": "English",
            "ui_theme": "Grafitti"
        },
        "user_creation_time": "Sat Aug 18 12:58:49 2012",
        "user_id": "Genoveva_34949658"
    },
    "search_history": [
        {
            "category": "Films",
            "sub-category": [
                "Foreign Films"
            ]
        }
    ],
    "shipped_order_history": [
        {
            "order_datetime": "Sat Dec 22 12:58:49 2012",
            "order_id": "T863040673262"
        }
    ]
}