{
    "doc_type": "user_profile",
    "personal_details": {
        "age": 36,
        "display_name": "Georgiana Naranjo",
        "email": "Georgiana.Naranjo@snailmail.com",
        "first_name": "Georgiana",
        "last_name": "Naranjo",
        "state": "Montana"
    },
    "profile_details": {
        "last_login_time": "Mon May 13 12:58:49 2013",
        "loyalty": {
            "friends_referred": [],
            "loyalty_score": 5.895009110152739,
            "membership_type": "Silver",
            "redeemed_points": 315,
            "reward_points": 420
        },
        "password": "Georgiana24",
        "prefs": {
            "promotion_email": false,
            "ui_language": "French",
            "ui_theme": "Planets"
        },
        "user_creation_time": "Sat Jan 22 12:58:49 2011",
        "user_id": "Georgiana_2605199"
    },
    "search_history": [
        {
            "category": "Films",
            "sub-category": [
                "Animation",
                "Drama",
                "Sci-Fi, Fantasy & Horror"
            ]
        }
    ],
    "shipped_order_history": [
        {
            "order_datetime": "Wed Mar  9 12:58:49 2011",
            "order_id": "T913840538201"
        },
        {
            "order_datetime": "Thu Apr 14 12:58:49 2011",
            "order_id": "T948769204281"
        },
        {
            "order_datetime": "Thu May 10 12:58:49 2012",
            "order_id": "T963168975391"
        },
        {
            "order_datetime": "Sun Jul 15 12:58:49 2012",
            "order_id": "T310733094052"
        }
    ]
}