{
    "doc_type": "user_profile",
    "personal_details": {
        "age": 48,
        "display_name": "Gerry Sneed",
        "email": "Gerry.Sneed@snailmail.com",
        "first_name": "Gerry",
        "last_name": "Sneed",
        "state": "Hawaii"
    },
    "profile_details": {
        "last_login_time": "Thu Sep 12 12:58:49 2013",
        "loyalty": {
            "friends_referred": [],
            "loyalty_score": 2.784075333426278,
            "membership_type": "Basic",
            "redeemed_points": 318,
            "reward_points": 324
        },
        "password": "Gerry21",
        "prefs": {
            "promotion_email": false,
            "ui_language": "Spanish",
            "ui_theme": "Mountains"
        },
        "user_creation_time": "Sat Jul  6 12:58:49 2013",
        "user_id": "Gerry_80263414"
    },
    "search_history": [
        {
            "category": "Films",
            "sub-category": [
                "Foreign Films",
                "Documentary"
            ]
        },
        {
            "category": "Books",
            "sub-category": [
                "Humor",
                "NonFiction",
                "Diet & Health"
            ]
        }
    ],
    "shipped_order_history": [
        {
            "order_datetime": "Fri Aug 16 12:58:49 2013",
            "order_id": "T750844146694"
        },
        {
            "order_datetime": "Mon Jul 22 12:58:49 2013",
            "order_id": "T634321158503"
        }
    ]
}