{
    "doc_type": "user_profile",
    "personal_details": {
        "age": 53,
        "display_name": "Gidget Weatherly",
        "email": "Gidget.Weatherly@snailmail.com",
        "first_name": "Gidget",
        "last_name": "Weatherly",
        "state": "Hawaii"
    },
    "profile_details": {
        "last_login_time": "Wed Aug 29 12:58:49 2012",
        "loyalty": {
            "friends_referred": [],
            "loyalty_score": 1.743454868768557,
            "membership_type": "Basic",
            "redeemed_points": 60,
            "reward_points": 18
        },
        "password": "Gidget58",
        "prefs": {
            "promotion_email": false,
            "ui_language": "Spanish",
            "ui_theme": "Beach"
        },
        "user_creation_time": "Thu Jan 20 12:58:49 2011",
        "user_id": "Gidget_77934284"
    },
    "shipped_order_history": [
        {
            "order_datetime": "Tue Apr 19 12:58:49 2011",
            "order_id": "T280634566147"
        }
    ]
}