{
    "doc_type": "user_profile",
    "personal_details": {
        "age": 59,
        "display_name": "Gilda Crutcher",
        "email": "Gilda.Crutcher@snailmail.com",
        "first_name": "Gilda",
        "last_name": "Crutcher",
        "state": "Kentucky"
    },
    "profile_details": {
        "last_login_time": "Mon Aug 19 12:58:49 2013",
        "loyalty": {
            "friends_referred": [],
            "loyalty_score": 6.745477162990026,
            "membership_type": "Silver",
            "redeemed_points": 180,
            "reward_points": 432
        },
        "password": "Gilda17",
        "prefs": {
            "promotion_email": false,
            "ui_language": "German",
            "ui_theme": "Grafitti"
        },
        "user_creation_time": "Sun Feb 10 12:58:49 2013",
        "user_id": "Gilda_40849558"
    },
    "search_history": [
        {
            "category": "Films",
            "sub-category": [
                "Foreign Films",
                "Comedy"
            ]
        },
        {
            "category": "Books",
            "sub-category": [
                "Religion",
                "Medicine"
            ]
        }
    ],
    "shipped_order_history": [
        {
            "order_datetime": "Tue Mar 19 12:58:49 2013",
            "order_id": "T750446124360"
        },
        {
            "order_datetime": "Wed May 15 12:58:49 2013",
            "order_id": "T666133717129"
        },
        {
            "order_datetime": "Sat Apr 13 12:58:49 2013",
            "order_id": "T487854375801"
        },
        {
            "order_datetime": "Sat May  4 12:58:49 2013",
            "order_id": "T231321477631"
        }
    ]
}