{
    "doc_type": "user_profile",
    "personal_details": {
        "age": 21,
        "display_name": "Gita Chilton",
        "email": "Gita.Chilton@snailmail.com",
        "first_name": "Gita",
        "last_name": "Chilton",
        "state": "Idaho"
    },
    "profile_details": {
        "last_login_time": "Tue Sep  4 12:58:49 2012",
        "loyalty": {
            "friends_referred": [],
            "loyalty_score": 3.0713188387536263,
            "membership_type": "Basic",
            "redeemed_points": 279,
            "reward_points": 234
        },
        "password": "Gita34",
        "prefs": {
            "promotion_category": [
                "Books",
                "Music"
            ],
            "promotion_email": true,
            "ui_language": "German",
            "ui_theme": "Ocean"
        },
        "user_creation_time": "Sun Jun 12 12:58:49 2011",
        "user_id": "Gita_39379513"
    },
    "search_history": [
        {
            "category": "Films",
            "sub-category": [
                "Foreign Films"
            ]
        },
        {
            "category": "Books",
            "sub-category": [
                "Humor"
            ]
        },
        {
            "category": "Music",
            "sub-category": [
                "Broadway and Vocal",
                "Country Music"
            ]
        }
    ],
    "shipped_order_history": []
}