{
    "doc_type": "user_profile",
    "personal_details": {
        "age": 39,
        "display_name": "Giuseppe Alley",
        "email": "Giuseppe.Alley@snailmail.com",
        "first_name": "Giuseppe",
        "last_name": "Alley",
        "state": "Minnesota"
    },
    "profile_details": {
        "last_login_time": "Mon Oct  1 12:58:49 2012",
        "loyalty": {
            "friends_referred": [],
            "loyalty_score": 7.952257783581472,
            "membership_type": "Gold",
            "redeemed_points": 693,
            "reward_points": 945
        },
        "password": "Giuseppe13",
        "prefs": {
            "promotion_email": false,
            "ui_language": "German",
            "ui_theme": "Planets"
        },
        "user_creation_time": "Wed Mar  9 12:58:49 2011",
        "user_id": "Giuseppe_42654633"
    },
    "search_history": [
        {
            "category": "Films",
            "sub-category": [
                "Foreign Films",
                "Documentary"
            ]
        }
    ],
    "shipped_order_history": [
        {
            "order_datetime": "Sun Jul 29 12:58:49 2012",
            "order_id": "T830265248208"
        },
        {
            "order_datetime": "Sat Oct 29 12:58:49 2011",
            "order_id": "T737720463725"
        },
        {
            "order_datetime": "Mon Jan 30 12:58:49 2012",
            "order_id": "T953545343931"
        },
        {
            "order_datetime": "Thu Jul  7 12:58:49 2011",
            "order_id": "T340938197952"
        }
    ]
}