{
    "doc_type": "user_profile",
    "personal_details": {
        "age": 41,
        "display_name": "Glenn Alcorn",
        "email": "Glenn.Alcorn@snailmail.com",
        "first_name": "Glenn",
        "last_name": "Alcorn",
        "state": "Washington"
    },
    "profile_details": {
        "last_login_time": "Tue Jan  8 12:58:49 2013",
        "loyalty": {
            "friends_referred": [],
            "loyalty_score": 0.881027741245427,
            "membership_type": "Basic",
            "redeemed_points": 0,
            "reward_points": 0
        },
        "password": "Glenn45",
        "prefs": {
            "promotion_email": false,
            "ui_language": "Spanish",
            "ui_theme": "Wood"
        },
        "user_creation_time": "Tue Feb  1 12:58:49 2011",
        "user_id": "Glenn_76351205"
    },
    "search_history": [
        {
            "category": "Films",
            "sub-category": [
                "Foreign Films",
                "Comedy"
            ]
        }
    ],
    "shipped_order_history": []
}