{
    "doc_type": "user_profile",
    "personal_details": {
        "age": 31,
        "display_name": "Glenn Grover",
        "email": "Glenn.Grover@snailmail.com",
        "first_name": "Glenn",
        "last_name": "Grover",
        "state": "New Mexico"
    },
    "profile_details": {
        "last_login_time": "Mon Feb 25 12:58:49 2013",
        "loyalty": {
            "friends_referred": [
                "Franklyn_30036073",
                "Faith_88585878",
                "Joseph_79144481"
            ],
            "loyalty_score": 8.695313102096247,
            "membership_type": "Gold",
            "redeemed_points": 600,
            "reward_points": 840
        },
        "password": "Glenn64",
        "prefs": {
            "promotion_email": false,
            "ui_language": "Spanish",
            "ui_theme": "Mountains"
        },
        "user_creation_time": "Mon Sep  5 12:58:49 2011",
        "user_id": "Glenn_72106582"
    },
    "shipped_order_history": [
        {
            "order_datetime": "Sun Sep 11 12:58:49 2011",
            "order_id": "T571531089079"
        },
        {
            "order_datetime": "Fri Sep 28 12:58:49 2012",
            "order_id": "T800655787675"
        },
        {
            "order_datetime": "Sun Feb  3 12:58:49 2013",
            "order_id": "T109524069775"
        },
        {
            "order_datetime": "Sun Dec 30 12:58:49 2012",
            "order_id": "T962850119959"
        },
        {
            "order_datetime": "Sun Oct 16 12:58:49 2011",
            "order_id": "T407929585664"
        },
        {
            "order_datetime": "Wed Jan 11 12:58:49 2012",
            "order_id": "T104335243612"
        },
        {
            "order_datetime": "Thu Nov 17 12:58:49 2011",
            "order_id": "T102648709086"
        }
    ]
}