{
    "doc_type": "user_profile",
    "personal_details": {
        "age": 44,
        "display_name": "Glenn Schreiber",
        "email": "Glenn.Schreiber@snailmail.com",
        "first_name": "Glenn",
        "last_name": "Schreiber",
        "state": "West Virginia"
    },
    "profile_details": {
        "last_login_time": "Fri Apr 19 12:58:49 2013",
        "loyalty": {
            "friends_referred": [],
            "loyalty_score": 0.35508932211418376,
            "membership_type": "Basic",
            "redeemed_points": 0,
            "reward_points": 0
        },
        "password": "Glenn92",
        "prefs": {
            "promotion_category": [
                "Books",
                "Music",
                "Films"
            ],
            "promotion_email": true,
            "ui_language": "Spanish",
            "ui_theme": "Pebbles"
        },
        "user_creation_time": "Sun Apr 15 12:58:49 2012",
        "user_id": "Glenn_13101609"
    },
    "search_history": [
        {
            "category": "Films",
            "sub-category": [
                "Classic Films",
                "Comedy"
            ]
        },
        {
            "category": "Books",
            "sub-category": [
                "History"
            ]
        },
        {
            "category": "Music",
            "sub-category": [
                "Classical Music",
                "Jazz",
                "Pop Music"
            ]
        }
    ],
    "shipped_order_history": []
}