{
    "doc_type": "user_profile",
    "personal_details": {
        "age": 31,
        "display_name": "Glynda Cade",
        "email": "Glynda.Cade@snailmail.com",
        "first_name": "Glynda",
        "last_name": "Cade",
        "state": "Iowa"
    },
    "profile_details": {
        "last_login_time": "Mon Nov  5 12:58:49 2012",
        "loyalty": {
            "friends_referred": [],
            "loyalty_score": 1.5683781506283723,
            "membership_type": "Basic",
            "redeemed_points": 267,
            "reward_points": 90
        },
        "password": "Glynda20",
        "prefs": {
            "promotion_category": [
                "Books",
                "Music"
            ],
            "promotion_email": true,
            "ui_language": "French",
            "ui_theme": "Planets"
        },
        "user_creation_time": "Sat Jun 18 12:58:49 2011",
        "user_id": "Glynda_44402362"
    },
    "search_history": [
        {
            "category": "Films",
            "sub-category": [
                "Animation",
                "Comedy",
                "Fitness / Instructional"
            ]
        },
        {
            "category": "Books",
            "sub-category": [
                "History",
                "Travel",
                "Diet & Health"
            ]
        },
        {
            "category": "Music",
            "sub-category": [
                "Classical Music",
                "Jazz",
                "Pop Music"
            ]
        }
    ],
    "shipped_order_history": []
}