{
    "doc_type": "user_profile",
    "personal_details": {
        "age": 38,
        "display_name": "Gonzalo Strand",
        "email": "Gonzalo.Strand@snailmail.com",
        "first_name": "Gonzalo",
        "last_name": "Strand",
        "state": "Washington"
    },
    "profile_details": {
        "last_login_time": "Wed Aug 28 12:58:49 2013",
        "loyalty": {
            "friends_referred": [],
            "loyalty_score": 4.990442609942688,
            "membership_type": "Silver",
            "redeemed_points": 480,
            "reward_points": 360
        },
        "password": "Gonzalo15",
        "prefs": {
            "promotion_category": [
                "Books"
            ],
            "promotion_email": true,
            "ui_language": "Spanish",
            "ui_theme": "Beach"
        },
        "user_creation_time": "Sun Jul 21 12:58:49 2013",
        "user_id": "Gonzalo_47952786"
    },
    "search_history": [
        {
            "category": "Films",
            "sub-category": [
                "Foreign Films",
                "Documentary"
            ]
        },
        {
            "category": "Books",
            "sub-category": [
                "Humor",
                "NonFiction",
                "Sports & Adventure"
            ]
        }
    ],
    "shipped_order_history": [
        {
            "order_datetime": "Mon Jul 22 12:58:49 2013",
            "order_id": "T267064226678"
        },
        {
            "order_datetime": "Mon Jul 29 12:58:49 2013",
            "order_id": "T806721584938"
        },
        {
            "order_datetime": "Mon Aug 12 12:58:49 2013",
            "order_id": "T969360757547"
        }
    ]
}