{
    "doc_type": "user_profile",
    "personal_details": {
        "age": 19,
        "display_name": "Grace Abel",
        "email": "Grace.Abel@snailmail.com",
        "first_name": "Grace",
        "last_name": "Abel",
        "state": "Arizona"
    },
    "profile_details": {
        "last_login_time": "Sun May 19 12:58:49 2013",
        "loyalty": {
            "friends_referred": [],
            "loyalty_score": 2.2181893081565986,
            "membership_type": "Basic",
            "redeemed_points": 390,
            "reward_points": 108
        },
        "password": "Grace43",
        "prefs": {
            "promotion_email": false,
            "ui_language": "Spanish",
            "ui_theme": "Ocean"
        },
        "user_creation_time": "Mon Jul 25 12:58:49 2011",
        "user_id": "Grace_74525017"
    },
    "search_history": [
        {
            "category": "Films",
            "sub-category": [
                "Classic Films",
                "Documentary",
                "Music & Musicals"
            ]
        },
        {
            "category": "Books",
            "sub-category": [
                "Humor",
                "NonFiction"
            ]
        },
        {
            "category": "Music",
            "sub-category": [
                "Blues and Folk"
            ]
        }
    ],
    "shipped_order_history": [
        {
            "order_datetime": "Sat Nov 19 12:58:49 2011",
            "order_id": "T836343438828"
        }
    ]
}