{
    "doc_type": "user_profile",
    "personal_details": {
        "age": 15,
        "display_name": "Graig Chaves",
        "email": "Graig.Chaves@snailmail.com",
        "first_name": "Graig",
        "last_name": "Chaves",
        "state": "Maryland"
    },
    "profile_details": {
        "last_login_time": "Tue May 14 12:58:49 2013",
        "loyalty": {
            "friends_referred": [
                "Yolonda_78802551"
            ],
            "loyalty_score": 8.554074121268384,
            "membership_type": "Gold",
            "redeemed_points": 720,
            "reward_points": 24
        },
        "password": "Graig96",
        "prefs": {
            "promotion_category": [
                "Books"
            ],
            "promotion_email": true,
            "ui_language": "English",
            "ui_theme": "Planets"
        },
        "user_creation_time": "Fri Jan  6 12:58:49 2012",
        "user_id": "Graig_97982182"
    },
    "search_history": [
        {
            "category": "Films",
            "sub-category": [
                "Classic Films",
                "Comedy"
            ]
        },
        {
            "category": "Books",
            "sub-category": [
                "Humor",
                "NonFiction",
                "Sports & Adventure"
            ]
        },
        {
            "category": "Music",
            "sub-category": [
                "Broadway and Vocal"
            ]
        }
    ],
    "shipped_order_history": [
        {
            "order_datetime": "Sat Dec 15 12:58:49 2012",
            "order_id": "T159867878781"
        },
        {
            "order_datetime": "Tue Feb 21 12:58:49 2012",
            "order_id": "T737725276382"
        }
    ]
}