{
    "doc_type": "user_profile",
    "personal_details": {
        "age": 27,
        "display_name": "Gregg Flowers",
        "email": "Gregg.Flowers@snailmail.com",
        "first_name": "Gregg",
        "last_name": "Flowers",
        "state": "Nevada"
    },
    "profile_details": {
        "last_login_time": "Mon Jun 17 12:58:49 2013",
        "loyalty": {
            "friends_referred": [
                "Ceola_56907429",
                "Windy_6716716"
            ],
            "loyalty_score": 7.7574292468234045,
            "membership_type": "Gold",
            "redeemed_points": 2016,
            "reward_points": 357
        },
        "password": "Gregg67",
        "prefs": {
            "promotion_email": false,
            "ui_language": "German",
            "ui_theme": "Tree Tops"
        },
        "user_creation_time": "Sat Feb  9 12:58:49 2013",
        "user_id": "Gregg_7005869"
    },
    "search_history": [
        {
            "category": "Films",
            "sub-category": [
                "Classic Films"
            ]
        }
    ],
    "shipped_order_history": [
        {
            "order_datetime": "Fri Mar  8 12:58:49 2013",
            "order_id": "T268651998151"
        },
        {
            "order_datetime": "Fri May 31 12:58:49 2013",
            "order_id": "T248368017687"
        },
        {
            "order_datetime": "Thu Apr 18 12:58:49 2013",
            "order_id": "T651725385663"
        },
        {
            "order_datetime": "Tue Feb 19 12:58:49 2013",
            "order_id": "T319830589660"
        },
        {
            "order_datetime": "Wed Apr  3 12:58:49 2013",
            "order_id": "T899967103800"
        },
        {
            "order_datetime": "Tue Mar  5 12:58:49 2013",
            "order_id": "T981959232552"
        }
    ]
}