{
    "doc_type": "user_profile",
    "personal_details": {
        "age": 59,
        "display_name": "Grisel Castleberry",
        "email": "Grisel.Castleberry@snailmail.com",
        "first_name": "Grisel",
        "last_name": "Castleberry",
        "state": "Minnesota"
    },
    "profile_details": {
        "last_login_time": "Wed Sep  4 12:58:49 2013",
        "loyalty": {
            "friends_referred": [],
            "loyalty_score": 5.72124748064004,
            "membership_type": "Silver",
            "redeemed_points": 270,
            "reward_points": 510
        },
        "password": "Grisel23",
        "prefs": {
            "promotion_category": [
                "Books",
                "Music"
            ],
            "promotion_email": true,
            "ui_language": "English",
            "ui_theme": "Grafitti"
        },
        "user_creation_time": "Thu Aug  1 12:58:49 2013",
        "user_id": "Grisel_73538182"
    },
    "search_history": [
        {
            "category": "Films",
            "sub-category": [
                "Animation"
            ]
        },
        {
            "category": "Books",
            "sub-category": [
                "History"
            ]
        }
    ],
    "shipped_order_history": [
        {
            "order_datetime": "Mon Aug 19 12:58:49 2013",
            "order_id": "T945720016698"
        },
        {
            "order_datetime": "Mon Aug 19 12:58:49 2013",
            "order_id": "T775451227404"
        },
        {
            "order_datetime": "Sat Aug 17 12:58:49 2013",
            "order_id": "T349734743758"
        },
        {
            "order_datetime": "Wed Aug  7 12:58:49 2013",
            "order_id": "T891539345471"
        }
    ]
}