{
    "doc_type": "user_profile",
    "personal_details": {
        "age": 37,
        "display_name": "Guadalupe Blair",
        "email": "Guadalupe.Blair@snailmail.com",
        "first_name": "Guadalupe",
        "last_name": "Blair",
        "state": "Nevada"
    },
    "profile_details": {
        "last_login_time": "Tue Aug 20 12:58:49 2013",
        "loyalty": {
            "friends_referred": [],
            "loyalty_score": 5.6676545197989725,
            "membership_type": "Silver",
            "redeemed_points": 330,
            "reward_points": 975
        },
        "password": "Guadalupe78",
        "prefs": {
            "promotion_category": [
                "Books"
            ],
            "promotion_email": true,
            "ui_language": "Spanish",
            "ui_theme": "Grafitti"
        },
        "user_creation_time": "Thu Nov 15 12:58:49 2012",
        "user_id": "Guadalupe_40867045"
    },
    "shipped_order_history": [
        {
            "order_datetime": "Fri Feb  8 12:58:49 2013",
            "order_id": "T139940872715"
        },
        {
            "order_datetime": "Tue Jul  9 12:58:49 2013",
            "order_id": "T491159071070"
        },
        {
            "order_datetime": "Mon Apr 15 12:58:49 2013",
            "order_id": "T806959865407"
        },
        {
            "order_datetime": "Thu Apr 25 12:58:49 2013",
            "order_id": "T153468973824"
        },
        {
            "order_datetime": "Sun Jan 13 12:58:49 2013",
            "order_id": "T390830026483"
        }
    ]
}