{
    "doc_type": "user_profile",
    "personal_details": {
        "age": 27,
        "display_name": "Gus Briley",
        "email": "Gus.Briley@snailmail.com",
        "first_name": "Gus",
        "last_name": "Briley",
        "state": "South Dakota"
    },
    "profile_details": {
        "last_login_time": "Thu Jul 18 12:58:49 2013",
        "loyalty": {
            "friends_referred": [],
            "loyalty_score": 3.3923880911126245,
            "membership_type": "Basic",
            "redeemed_points": 405,
            "reward_points": 135
        },
        "password": "Gus95",
        "prefs": {
            "promotion_category": [
                "Books",
                "Music"
            ],
            "promotion_email": true,
            "ui_language": "English",
            "ui_theme": "Mountains"
        },
        "user_creation_time": "Fri Jul 29 12:58:49 2011",
        "user_id": "Gus_7428062"
    },
    "search_history": [
        {
            "category": "Films",
            "sub-category": [
                "Foreign Films",
                "Comedy",
                "Fitness / Instructional"
            ]
        },
        {
            "category": "Books",
            "sub-category": [
                "History",
                "NonFiction",
                "Home & Garden"
            ]
        }
    ],
    "shipped_order_history": [
        {
            "order_datetime": "Thu Dec  8 12:58:49 2011",
            "order_id": "T218458992642"
        },
        {
            "order_datetime": "Fri Dec  9 12:58:49 2011",
            "order_id": "T106766285267"
        }
    ]
}