{
    "doc_type": "user_profile",
    "personal_details": {
        "age": 30,
        "display_name": "Hailey Wolf",
        "email": "Hailey.Wolf@snailmail.com",
        "first_name": "Hailey",
        "last_name": "Wolf",
        "state": "Arizona"
    },
    "profile_details": {
        "last_login_time": "Wed Jul  3 12:58:49 2013",
        "loyalty": {
            "friends_referred": [],
            "loyalty_score": 3.903216861630241,
            "membership_type": "Basic",
            "redeemed_points": 288,
            "reward_points": 522
        },
        "password": "Hailey86",
        "prefs": {
            "promotion_category": [
                "Books",
                "Music",
                "Films"
            ],
            "promotion_email": true,
            "ui_language": "English",
            "ui_theme": "Pebbles"
        },
        "user_creation_time": "Sat Jan 19 12:58:49 2013",
        "user_id": "Hailey_81817286"
    },
    "search_history": [
        {
            "category": "Films",
            "sub-category": [
                "Animation",
                "Documentary"
            ]
        },
        {
            "category": "Books",
            "sub-category": [
                "History",
                "NonFiction",
                "Diet & Health"
            ]
        }
    ],
    "shipped_order_history": [
        {
            "order_datetime": "Sat Mar  2 12:58:49 2013",
            "order_id": "T366342412261"
        },
        {
            "order_datetime": "Fri Mar  1 12:58:49 2013",
            "order_id": "T658265809842"
        }
    ]
}