{
    "doc_type": "user_profile",
    "personal_details": {
        "age": 49,
        "display_name": "Haley Lash",
        "email": "Haley.Lash@snailmail.com",
        "first_name": "Haley",
        "last_name": "Lash",
        "state": "Delaware"
    },
    "profile_details": {
        "last_login_time": "Wed Sep 11 12:58:49 2013",
        "loyalty": {
            "friends_referred": [],
            "loyalty_score": 3.6513743877027647,
            "membership_type": "Basic",
            "redeemed_points": 54,
            "reward_points": 162
        },
        "password": "Haley42",
        "prefs": {
            "promotion_email": false,
            "ui_language": "Spanish",
            "ui_theme": "Grafitti"
        },
        "user_creation_time": "Mon Jan  2 12:58:49 2012",
        "user_id": "Haley_87125386"
    },
    "search_history": [
        {
            "category": "Films",
            "sub-category": [
                "Animation",
                "Drama"
            ]
        },
        {
            "category": "Books",
            "sub-category": [
                "History",
                "Travel"
            ]
        },
        {
            "category": "Music",
            "sub-category": [
                "Blues and Folk",
                "Country Music",
                "Opera and Vocal"
            ]
        }
    ],
    "shipped_order_history": [
        {
            "order_datetime": "Wed Apr  4 12:58:49 2012",
            "order_id": "T454730576622"
        },
        {
            "order_datetime": "Fri Jan 13 12:58:49 2012",
            "order_id": "T157520858690"
        },
        {
            "order_datetime": "Tue Feb  7 12:58:49 2012",
            "order_id": "T869445665162"
        }
    ]
}