{
    "doc_type": "user_profile",
    "personal_details": {
        "age": 46,
        "display_name": "Hana Padilla",
        "email": "Hana.Padilla@snailmail.com",
        "first_name": "Hana",
        "last_name": "Padilla",
        "state": "Alabama"
    },
    "profile_details": {
        "last_login_time": "Sun Jun  9 12:58:49 2013",
        "loyalty": {
            "friends_referred": [],
            "loyalty_score": 8.163781574122922,
            "membership_type": "Gold",
            "redeemed_points": 744,
            "reward_points": 2088
        },
        "password": "Hana58",
        "prefs": {
            "promotion_email": false,
            "ui_language": "German",
            "ui_theme": "Wood"
        },
        "user_creation_time": "Mon Dec 31 12:58:49 2012",
        "user_id": "Hana_3837969"
    },
    "search_history": [
        {
            "category": "Films",
            "sub-category": [
                "Classic Films"
            ]
        },
        {
            "category": "Books",
            "sub-category": [
                "Religion",
                "NonFiction"
            ]
        },
        {
            "category": "Music",
            "sub-category": [
                "Broadway and Vocal",
                "Country Music",
                "New Age"
            ]
        }
    ],
    "shipped_order_history": [
        {
            "order_datetime": "Wed Apr 10 12:58:49 2013",
            "order_id": "T464968437224"
        },
        {
            "order_datetime": "Sat Jan 26 12:58:49 2013",
            "order_id": "T222841986693"
        },
        {
            "order_datetime": "Fri Apr  5 12:58:49 2013",
            "order_id": "T969636177419"
        },
        {
            "order_datetime": "Thu Feb 28 12:58:49 2013",
            "order_id": "T729868649718"
        }
    ]
}