{
    "doc_type": "user_profile",
    "personal_details": {
        "age": 31,
        "display_name": "Hannah Seaton",
        "email": "Hannah.Seaton@snailmail.com",
        "first_name": "Hannah",
        "last_name": "Seaton",
        "state": "Missouri"
    },
    "profile_details": {
        "last_login_time": "Thu Dec 27 12:58:49 2012",
        "loyalty": {
            "friends_referred": [],
            "loyalty_score": 6.929238882671456,
            "membership_type": "Silver",
            "redeemed_points": 1674,
            "reward_points": 594
        },
        "password": "Hannah59",
        "prefs": {
            "promotion_email": false,
            "ui_language": "French",
            "ui_theme": "Mountains"
        },
        "user_creation_time": "Sat Sep  3 12:58:49 2011",
        "user_id": "Hannah_37892314"
    },
    "search_history": [
        {
            "category": "Films",
            "sub-category": [
                "Classic Films",
                "Drama",
                "Music & Musicals"
            ]
        },
        {
            "category": "Books",
            "sub-category": [
                "Religion",
                "NonFiction"
            ]
        },
        {
            "category": "Music",
            "sub-category": [
                "Classical Music",
                "Country Music",
                "New Age"
            ]
        }
    ],
    "shipped_order_history": [
        {
            "order_datetime": "Thu Jul  5 12:58:49 2012",
            "order_id": "T713329339074"
        },
        {
            "order_datetime": "Wed Dec  5 12:58:49 2012",
            "order_id": "T654446141730"
        },
        {
            "order_datetime": "Mon Oct 22 12:58:49 2012",
            "order_id": "T617338351690"
        },
        {
            "order_datetime": "Sun Aug 26 12:58:49 2012",
            "order_id": "T145247182346"
        }
    ]
}