{
    "doc_type": "user_profile",
    "personal_details": {
        "age": 32,
        "display_name": "Harrison Noonan",
        "email": "Harrison.Noonan@snailmail.com",
        "first_name": "Harrison",
        "last_name": "Noonan",
        "state": "Iowa"
    },
    "profile_details": {
        "last_login_time": "Thu Aug  8 12:58:49 2013",
        "loyalty": {
            "friends_referred": [],
            "loyalty_score": 2.2778585642796623,
            "membership_type": "Basic",
            "redeemed_points": 204,
            "reward_points": 210
        },
        "password": "Harrison22",
        "prefs": {
            "promotion_category": [
                "Books",
                "Music"
            ],
            "promotion_email": true,
            "ui_language": "French",
            "ui_theme": "Tree Tops"
        },
        "user_creation_time": "Tue May 24 12:58:49 2011",
        "user_id": "Harrison_59393350"
    },
    "search_history": [
        {
            "category": "Films",
            "sub-category": [
                "Animation"
            ]
        },
        {
            "category": "Books",
            "sub-category": [
                "Humor"
            ]
        }
    ],
    "shipped_order_history": []
}