{
    "doc_type": "user_profile",
    "personal_details": {
        "age": 29,
        "display_name": "Hayley Forsyth",
        "email": "Hayley.Forsyth@snailmail.com",
        "first_name": "Hayley",
        "last_name": "Forsyth",
        "state": "Wisconsin\n"
    },
    "profile_details": {
        "last_login_time": "Mon Nov 12 12:58:49 2012",
        "loyalty": {
            "friends_referred": [],
            "loyalty_score": 2.525284811553666,
            "membership_type": "Basic",
            "redeemed_points": 390,
            "reward_points": 180
        },
        "password": "Hayley81",
        "prefs": {
            "promotion_email": false,
            "ui_language": "French",
            "ui_theme": "Ocean"
        },
        "user_creation_time": "Thu Sep  8 12:58:49 2011",
        "user_id": "Hayley_10314384"
    },
    "shipped_order_history": [
        {
            "order_datetime": "Sun Oct 14 12:58:49 2012",
            "order_id": "T618364541396"
        },
        {
            "order_datetime": "Tue Oct 18 12:58:49 2011",
            "order_id": "T803645794216"
        }
    ]
}