{
    "doc_type": "user_profile",
    "personal_details": {
        "age": 41,
        "display_name": "Hazel Jameson",
        "email": "Hazel.Jameson@snailmail.com",
        "first_name": "Hazel",
        "last_name": "Jameson",
        "state": "Virginia"
    },
    "profile_details": {
        "last_login_time": "Mon Apr  8 12:58:49 2013",
        "loyalty": {
            "friends_referred": [],
            "loyalty_score": 4.328294179605062,
            "membership_type": "Silver",
            "redeemed_points": 1044,
            "reward_points": 564
        },
        "password": "Hazel88",
        "prefs": {
            "promotion_category": [
                "Books",
                "Music",
                "Films"
            ],
            "promotion_email": true,
            "ui_language": "Spanish",
            "ui_theme": "Wood"
        },
        "user_creation_time": "Sat Feb 25 12:58:49 2012",
        "user_id": "Hazel_70543924"
    },
    "search_history": [
        {
            "category": "Films",
            "sub-category": [
                "Animation",
                "Drama"
            ]
        },
        {
            "category": "Books",
            "sub-category": [
                "Religion",
                "Travel"
            ]
        },
        {
            "category": "Music",
            "sub-category": [
                "Classical Music"
            ]
        }
    ],
    "shipped_order_history": [
        {
            "order_datetime": "Sun Sep 23 12:58:49 2012",
            "order_id": "T816743185357"
        }
    ]
}