{
    "doc_type": "user_profile",
    "personal_details": {
        "age": 33,
        "display_name": "Heide Shackelford",
        "email": "Heide.Shackelford@snailmail.com",
        "first_name": "Heide",
        "last_name": "Shackelford",
        "state": "Alabama"
    },
    "profile_details": {
        "last_login_time": "Thu Jun  6 12:58:49 2013",
        "loyalty": {
            "friends_referred": [
                "Travis_58055171",
                "Jarrod_79854971",
                "Alison_6929681"
            ],
            "loyalty_score": 8.984844252390603,
            "membership_type": "Gold",
            "redeemed_points": 1464,
            "reward_points": 1152
        },
        "password": "Heide24",
        "prefs": {
            "promotion_category": [
                "Books",
                "Music",
                "Films"
            ],
            "promotion_email": true,
            "ui_language": "French",
            "ui_theme": "Planets"
        },
        "user_creation_time": "Sat Oct 29 12:58:49 2011",
        "user_id": "Heide_25356226"
    },
    "search_history": [
        {
            "category": "Films",
            "sub-category": [
                "Foreign Films",
                "Comedy",
                "Music & Musicals"
            ]
        }
    ],
    "shipped_order_history": []
}