{
    "doc_type": "user_profile",
    "personal_details": {
        "age": 23,
        "display_name": "Heriberto Thames",
        "email": "Heriberto.Thames@snailmail.com",
        "first_name": "Heriberto",
        "last_name": "Thames",
        "state": "New York"
    },
    "profile_details": {
        "last_login_time": "Sat Aug 24 12:58:49 2013",
        "loyalty": {
            "friends_referred": [
                "Eden_48907248"
            ],
            "loyalty_score": 6.103270082875293,
            "membership_type": "Silver",
            "redeemed_points": 864,
            "reward_points": 1494
        },
        "password": "Heriberto21",
        "prefs": {
            "promotion_category": [
                "Books",
                "Music"
            ],
            "promotion_email": true,
            "ui_language": "French",
            "ui_theme": "Mountains"
        },
        "user_creation_time": "Fri Jun 24 12:58:49 2011",
        "user_id": "Heriberto_62677711"
    },
    "search_history": [
        {
            "category": "Films",
            "sub-category": [
                "Classic Films",
                "Comedy"
            ]
        },
        {
            "category": "Books",
            "sub-category": [
                "Religion"
            ]
        },
        {
            "category": "Music",
            "sub-category": [
                "Classical Music",
                "Kid's Music"
            ]
        }
    ],
    "shipped_order_history": [
        {
            "order_datetime": "Fri Apr 27 12:58:49 2012",
            "order_id": "T648859105986"
        },
        {
            "order_datetime": "Tue Apr  9 12:58:49 2013",
            "order_id": "T501937662116"
        },
        {
            "order_datetime": "Wed Aug  1 12:58:49 2012",
            "order_id": "T561563124662"
        },
        {
            "order_datetime": "Fri Feb  1 12:58:49 2013",
            "order_id": "T173356117183"
        }
    ]
}