{
    "doc_type": "user_profile",
    "personal_details": {
        "age": 45,
        "display_name": "Herlinda Hardy",
        "email": "Herlinda.Hardy@snailmail.com",
        "first_name": "Herlinda",
        "last_name": "Hardy",
        "state": "Florida"
    },
    "profile_details": {
        "last_login_time": "Mon Jul 15 12:58:49 2013",
        "loyalty": {
            "friends_referred": [],
            "loyalty_score": 0.92724603808232,
            "membership_type": "Basic",
            "redeemed_points": 0,
            "reward_points": 0
        },
        "password": "Herlinda24",
        "prefs": {
            "promotion_category": [
                "Books"
            ],
            "promotion_email": true,
            "ui_language": "English",
            "ui_theme": "Mountains"
        },
        "user_creation_time": "Sat Nov 17 12:58:49 2012",
        "user_id": "Herlinda_14457786"
    },
    "shipped_order_history": []
}