{
    "doc_type": "user_profile",
    "personal_details": {
        "age": 39,
        "display_name": "Herman Sturgill",
        "email": "Herman.Sturgill@snailmail.com",
        "first_name": "Herman",
        "last_name": "Sturgill",
        "state": "Colorado"
    },
    "profile_details": {
        "last_login_time": "Mon Sep  9 12:58:49 2013",
        "loyalty": {
            "friends_referred": [
                "Heriberto_62677711"
            ],
            "loyalty_score": 7.045949042575766,
            "membership_type": "Gold",
            "redeemed_points": 630,
            "reward_points": 546
        },
        "password": "Herman27",
        "prefs": {
            "promotion_email": false,
            "ui_language": "English",
            "ui_theme": "Pebbles"
        },
        "user_creation_time": "Wed Jan 23 12:58:49 2013",
        "user_id": "Herman_50672141"
    },
    "search_history": [
        {
            "category": "Films",
            "sub-category": [
                "Animation",
                "Documentary"
            ]
        },
        {
            "category": "Books",
            "sub-category": [
                "Religion",
                "Travel",
                "Home & Garden"
            ]
        }
    ],
    "shipped_order_history": [
        {
            "order_datetime": "Sun Mar 31 12:58:49 2013",
            "order_id": "T428767571070"
        },
        {
            "order_datetime": "Fri Mar 29 12:58:49 2013",
            "order_id": "T613739042533"
        },
        {
            "order_datetime": "Wed Jul 24 12:58:49 2013",
            "order_id": "T796662654474"
        },
        {
            "order_datetime": "Tue Aug  6 12:58:49 2013",
            "order_id": "T695168839811"
        },
        {
            "order_datetime": "Mon Apr 15 12:58:49 2013",
            "order_id": "T102321172409"
        },
        {
            "order_datetime": "Tue Jul  2 12:58:49 2013",
            "order_id": "T143041579867"
        },
        {
            "order_datetime": "Fri Mar  1 12:58:49 2013",
            "order_id": "T322467971548"
        }
    ]
}