{
    "doc_type": "user_profile",
    "personal_details": {
        "age": 28,
        "display_name": "Hermine Snow",
        "email": "Hermine.Snow@snailmail.com",
        "first_name": "Hermine",
        "last_name": "Snow",
        "state": "Wisconsin\n"
    },
    "profile_details": {
        "last_login_time": "Fri Mar 22 12:58:49 2013",
        "loyalty": {
            "friends_referred": [
                "Tiffany_14351802"
            ],
            "loyalty_score": 8.120777737361095,
            "membership_type": "Gold",
            "redeemed_points": 576,
            "reward_points": 1272
        },
        "password": "Hermine16",
        "prefs": {
            "promotion_email": false,
            "ui_language": "French",
            "ui_theme": "Pebbles"
        },
        "user_creation_time": "Wed Jun  1 12:58:49 2011",
        "user_id": "Hermine_53026688"
    },
    "search_history": [
        {
            "category": "Films",
            "sub-category": [
                "Classic Films",
                "Documentary"
            ]
        },
        {
            "category": "Books",
            "sub-category": [
                "Religion"
            ]
        }
    ],
    "shipped_order_history": [
        {
            "order_datetime": "Sat Dec 22 12:58:49 2012",
            "order_id": "T644060933046"
        },
        {
            "order_datetime": "Sun Dec  9 12:58:49 2012",
            "order_id": "T552064331150"
        },
        {
            "order_datetime": "Wed Jan 30 12:58:49 2013",
            "order_id": "T594159314979"
        },
        {
            "order_datetime": "Fri Jan  4 12:58:49 2013",
            "order_id": "T336651208321"
        },
        {
            "order_datetime": "Fri Jan 27 12:58:49 2012",
            "order_id": "T654168671553"
        },
        {
            "order_datetime": "Fri Feb 17 12:58:49 2012",
            "order_id": "T739648977916"
        },
        {
            "order_datetime": "Sun Dec  9 12:58:49 2012",
            "order_id": "T557765146853"
        }
    ]
}