{
    "doc_type": "user_profile",
    "personal_details": {
        "age": 19,
        "display_name": "Hester Peek",
        "email": "Hester.Peek@snailmail.com",
        "first_name": "Hester",
        "last_name": "Peek",
        "state": "Michigan"
    },
    "profile_details": {
        "last_login_time": "Thu Aug  1 12:58:49 2013",
        "loyalty": {
            "friends_referred": [],
            "loyalty_score": 2.9983824512725543,
            "membership_type": "Basic",
            "redeemed_points": 378,
            "reward_points": 360
        },
        "password": "Hester34",
        "prefs": {
            "promotion_category": [
                "Books"
            ],
            "promotion_email": true,
            "ui_language": "German",
            "ui_theme": "Wood"
        },
        "user_creation_time": "Thu Feb 21 12:58:49 2013",
        "user_id": "Hester_16192380"
    },
    "search_history": [
        {
            "category": "Films",
            "sub-category": [
                "Animation"
            ]
        },
        {
            "category": "Books",
            "sub-category": [
                "Humor"
            ]
        }
    ],
    "shipped_order_history": []
}