{
    "doc_type": "user_profile",
    "personal_details": {
        "age": 42,
        "display_name": "Hilary Arriaga",
        "email": "Hilary.Arriaga@snailmail.com",
        "first_name": "Hilary",
        "last_name": "Arriaga",
        "state": "Minnesota"
    },
    "profile_details": {
        "last_login_time": "Fri Aug 31 12:58:49 2012",
        "loyalty": {
            "friends_referred": [],
            "loyalty_score": 3.637076983047299,
            "membership_type": "Basic",
            "redeemed_points": 657,
            "reward_points": 198
        },
        "password": "Hilary72",
        "prefs": {
            "promotion_category": [
                "Books",
                "Music"
            ],
            "promotion_email": true,
            "ui_language": "French",
            "ui_theme": "Wood"
        },
        "user_creation_time": "Tue May 24 12:58:49 2011",
        "user_id": "Hilary_93954690"
    },
    "shipped_order_history": [
        {
            "order_datetime": "Thu Dec  1 12:58:49 2011",
            "order_id": "T357129021507"
        }
    ]
}