{
    "doc_type": "user_profile",
    "personal_details": {
        "age": 35,
        "display_name": "Hilaria Way",
        "email": "Hilaria.Way@snailmail.com",
        "first_name": "Hilaria",
        "last_name": "Way",
        "state": "North Dakota"
    },
    "profile_details": {
        "last_login_time": "Tue Dec 18 12:58:49 2012",
        "loyalty": {
            "friends_referred": [
                "Brenton_77543268"
            ],
            "loyalty_score": 7.397523985545259,
            "membership_type": "Gold",
            "redeemed_points": 357,
            "reward_points": 1911
        },
        "password": "Hilaria41",
        "prefs": {
            "promotion_category": [
                "Books",
                "Music",
                "Films"
            ],
            "promotion_email": true,
            "ui_language": "Spanish",
            "ui_theme": "Grafitti"
        },
        "user_creation_time": "Mon Jul 18 12:58:49 2011",
        "user_id": "Hilaria_99823029"
    },
    "search_history": [
        {
            "category": "Films",
            "sub-category": [
                "Classic Films",
                "Documentary"
            ]
        },
        {
            "category": "Books",
            "sub-category": [
                "History",
                "Medicine"
            ]
        },
        {
            "category": "Music",
            "sub-category": [
                "Classical Music",
                "Country Music",
                "Opera and Vocal"
            ]
        }
    ],
    "shipped_order_history": []
}