{
    "doc_type": "user_profile",
    "personal_details": {
        "age": 52,
        "display_name": "Hillary Fernandez",
        "email": "Hillary.Fernandez@snailmail.com",
        "first_name": "Hillary",
        "last_name": "Fernandez",
        "state": "Massachusetts"
    },
    "profile_details": {
        "last_login_time": "Wed Aug 14 12:58:49 2013",
        "loyalty": {
            "friends_referred": [],
            "loyalty_score": 0.8684965122127419,
            "membership_type": "Basic",
            "redeemed_points": 0,
            "reward_points": 0
        },
        "password": "Hillary98",
        "prefs": {
            "promotion_email": false,
            "ui_language": "French",
            "ui_theme": "Mountains"
        },
        "user_creation_time": "Thu Nov 22 12:58:49 2012",
        "user_id": "Hillary_22951677"
    },
    "search_history": [
        {
            "category": "Films",
            "sub-category": [
                "Foreign Films",
                "Drama",
                "Fitness / Instructional"
            ]
        },
        {
            "category": "Books",
            "sub-category": [
                "History"
            ]
        },
        {
            "category": "Music",
            "sub-category": [
                "Blues and Folk",
                "Kid's Music"
            ]
        }
    ],
    "shipped_order_history": []
}