{
    "doc_type": "user_profile",
    "personal_details": {
        "age": 53,
        "display_name": "Hilma Larkin",
        "email": "Hilma.Larkin@snailmail.com",
        "first_name": "Hilma",
        "last_name": "Larkin",
        "state": "Washington"
    },
    "profile_details": {
        "last_login_time": "Thu Aug  9 12:58:49 2012",
        "loyalty": {
            "friends_referred": [
                "Charlie_16766675"
            ],
            "loyalty_score": 7.879854081999699,
            "membership_type": "Gold",
            "redeemed_points": 735,
            "reward_points": 1050
        },
        "password": "Hilma99",
        "prefs": {
            "promotion_email": false,
            "ui_language": "Spanish",
            "ui_theme": "Mountains"
        },
        "user_creation_time": "Thu Jan 13 12:58:49 2011",
        "user_id": "Hilma_71879659"
    },
    "search_history": [
        {
            "category": "Films",
            "sub-category": [
                "Classic Films",
                "Comedy"
            ]
        },
        {
            "category": "Books",
            "sub-category": [
                "History",
                "Medicine",
                "Sports & Adventure"
            ]
        },
        {
            "category": "Music",
            "sub-category": [
                "Broadway and Vocal"
            ]
        }
    ],
    "shipped_order_history": [
        {
            "order_datetime": "Fri Aug 26 12:58:49 2011",
            "order_id": "T938755875751"
        },
        {
            "order_datetime": "Sun Jul 10 12:58:49 2011",
            "order_id": "T158959017567"
        },
        {
            "order_datetime": "Tue Aug 16 12:58:49 2011",
            "order_id": "T689442008025"
        },
        {
            "order_datetime": "Thu Jan 26 12:58:49 2012",
            "order_id": "T747653952551"
        },
        {
            "order_datetime": "Wed Feb  8 12:58:49 2012",
            "order_id": "T438664104882"
        },
        {
            "order_datetime": "Wed Aug  8 12:58:49 2012",
            "order_id": "T856946426919"
        }
    ]
}