{
    "doc_type": "user_profile",
    "personal_details": {
        "age": 34,
        "display_name": "Hobert Charles",
        "email": "Hobert.Charles@snailmail.com",
        "first_name": "Hobert",
        "last_name": "Charles",
        "state": "North Carolina"
    },
    "profile_details": {
        "last_login_time": "Sat Jul 20 12:58:49 2013",
        "loyalty": {
            "friends_referred": [],
            "loyalty_score": 0.5109485283612281,
            "membership_type": "Basic",
            "redeemed_points": 0,
            "reward_points": 0
        },
        "password": "Hobert14",
        "prefs": {
            "promotion_category": [
                "Books",
                "Music",
                "Films"
            ],
            "promotion_email": true,
            "ui_language": "Spanish",
            "ui_theme": "Tree Tops"
        },
        "user_creation_time": "Thu Jan 17 12:58:49 2013",
        "user_id": "Hobert_6150535"
    },
    "search_history": [
        {
            "category": "Films",
            "sub-category": [
                "Foreign Films"
            ]
        },
        {
            "category": "Books",
            "sub-category": [
                "Humor",
                "Travel",
                "Sports & Adventure"
            ]
        },
        {
            "category": "Music",
            "sub-category": [
                "Broadway and Vocal",
                "Country Music"
            ]
        }
    ],
    "shipped_order_history": []
}