{
    "doc_type": "user_profile",
    "personal_details": {
        "age": 25,
        "display_name": "Holly Adamson",
        "email": "Holly.Adamson@snailmail.com",
        "first_name": "Holly",
        "last_name": "Adamson",
        "state": "Illinois"
    },
    "profile_details": {
        "last_login_time": "Sat Sep  7 12:58:49 2013",
        "loyalty": {
            "friends_referred": [],
            "loyalty_score": 2.0710428882156453,
            "membership_type": "Basic",
            "redeemed_points": 540,
            "reward_points": 492
        },
        "password": "Holly44",
        "prefs": {
            "promotion_category": [
                "Books",
                "Music",
                "Films"
            ],
            "promotion_email": true,
            "ui_language": "French",
            "ui_theme": "Pebbles"
        },
        "user_creation_time": "Tue Aug 14 12:58:49 2012",
        "user_id": "Holly_8529860"
    },
    "search_history": [
        {
            "category": "Films",
            "sub-category": [
                "Foreign Films",
                "Drama"
            ]
        }
    ],
    "shipped_order_history": [
        {
            "order_datetime": "Sun Aug 11 12:58:49 2013",
            "order_id": "T928765879627"
        }
    ]
}