{
    "doc_type": "user_profile",
    "personal_details": {
        "age": 26,
        "display_name": "Holley Kimble",
        "email": "Holley.Kimble@snailmail.com",
        "first_name": "Holley",
        "last_name": "Kimble",
        "state": "Massachusetts"
    },
    "profile_details": {
        "last_login_time": "Tue Sep  3 12:58:49 2013",
        "loyalty": {
            "friends_referred": [],
            "loyalty_score": 4.914945733696655,
            "membership_type": "Silver",
            "redeemed_points": 1128,
            "reward_points": 540
        },
        "password": "Holley59",
        "prefs": {
            "promotion_category": [
                "Books",
                "Music"
            ],
            "promotion_email": true,
            "ui_language": "English",
            "ui_theme": "Beach"
        },
        "user_creation_time": "Mon Oct 22 12:58:49 2012",
        "user_id": "Holley_98678133"
    },
    "search_history": [
        {
            "category": "Films",
            "sub-category": [
                "Animation",
                "Comedy"
            ]
        },
        {
            "category": "Books",
            "sub-category": [
                "Humor",
                "NonFiction"
            ]
        },
        {
            "category": "Music",
            "sub-category": [
                "Blues and Folk",
                "Jazz"
            ]
        }
    ],
    "shipped_order_history": [
        {
            "order_datetime": "Tue Jun 18 12:58:49 2013",
            "order_id": "T740652908011"
        },
        {
            "order_datetime": "Tue Sep  3 12:58:49 2013",
            "order_id": "T235022918938"
        }
    ]
}