{
    "doc_type": "user_profile",
    "personal_details": {
        "age": 45,
        "display_name": "Holli Dove",
        "email": "Holli.Dove@snailmail.com",
        "first_name": "Holli",
        "last_name": "Dove",
        "state": "North Carolina"
    },
    "profile_details": {
        "last_login_time": "Thu Sep  6 12:58:49 2012",
        "loyalty": {
            "friends_referred": [],
            "loyalty_score": 2.1729253607808854,
            "membership_type": "Basic",
            "redeemed_points": 90,
            "reward_points": 6
        },
        "password": "Holli16",
        "prefs": {
            "promotion_email": false,
            "ui_language": "English",
            "ui_theme": "Mountains"
        },
        "user_creation_time": "Thu Jun  2 12:58:49 2011",
        "user_id": "Holli_62161431"
    },
    "search_history": [
        {
            "category": "Films",
            "sub-category": [
                "Animation",
                "Drama"
            ]
        }
    ],
    "shipped_order_history": [
        {
            "order_datetime": "Tue Oct 25 12:58:49 2011",
            "order_id": "T786525581507"
        },
        {
            "order_datetime": "Wed Jul 27 12:58:49 2011",
            "order_id": "T598333601525"
        }
    ]
}