{
    "doc_type": "user_profile",
    "personal_details": {
        "age": 51,
        "display_name": "Hosea Duffy",
        "email": "Hosea.Duffy@snailmail.com",
        "first_name": "Hosea",
        "last_name": "Duffy",
        "state": "Alaska"
    },
    "profile_details": {
        "last_login_time": "Wed Jul  3 12:58:49 2013",
        "loyalty": {
            "friends_referred": [],
            "loyalty_score": 4.830260492882471,
            "membership_type": "Silver",
            "redeemed_points": 876,
            "reward_points": 912
        },
        "password": "Hosea27",
        "prefs": {
            "promotion_category": [
                "Books"
            ],
            "promotion_email": true,
            "ui_language": "Spanish",
            "ui_theme": "Beach"
        },
        "user_creation_time": "Fri Jun 10 12:58:49 2011",
        "user_id": "Hosea_61393469"
    },
    "search_history": [
        {
            "category": "Films",
            "sub-category": [
                "Foreign Films",
                "Comedy"
            ]
        }
    ],
    "shipped_order_history": [
        {
            "order_datetime": "Sat Feb 25 12:58:49 2012",
            "order_id": "T907137024138"
        }
    ]
}