{
    "doc_type": "user_profile",
    "personal_details": {
        "age": 54,
        "display_name": "Hosea Nealy",
        "email": "Hosea.Nealy@snailmail.com",
        "first_name": "Hosea",
        "last_name": "Nealy",
        "state": "South Carolina"
    },
    "profile_details": {
        "last_login_time": "Tue Aug 20 12:58:49 2013",
        "loyalty": {
            "friends_referred": [],
            "loyalty_score": 8.94866070047712,
            "membership_type": "Gold",
            "redeemed_points": 1656,
            "reward_points": 144
        },
        "password": "Hosea38",
        "prefs": {
            "promotion_email": false,
            "ui_language": "English",
            "ui_theme": "Beach"
        },
        "user_creation_time": "Thu Jun 16 12:58:49 2011",
        "user_id": "Hosea_89157531"
    },
    "search_history": [
        {
            "category": "Films",
            "sub-category": [
                "Foreign Films"
            ]
        },
        {
            "category": "Books",
            "sub-category": [
                "Humor",
                "Medicine"
            ]
        }
    ],
    "shipped_order_history": [
        {
            "order_datetime": "Mon Aug 29 12:58:49 2011",
            "order_id": "T882331867457"
        },
        {
            "order_datetime": "Sun Sep  4 12:58:49 2011",
            "order_id": "T909836349620"
        }
    ]
}