{
    "doc_type": "user_profile",
    "personal_details": {
        "age": 36,
        "display_name": "Hugh Chang",
        "email": "Hugh.Chang@snailmail.com",
        "first_name": "Hugh",
        "last_name": "Chang",
        "state": "Arizona"
    },
    "profile_details": {
        "last_login_time": "Tue May 28 12:58:49 2013",
        "loyalty": {
            "friends_referred": [],
            "loyalty_score": 4.34131444510705,
            "membership_type": "Silver",
            "redeemed_points": 924,
            "reward_points": 1152
        },
        "password": "Hugh12",
        "prefs": {
            "promotion_category": [
                "Books",
                "Music"
            ],
            "promotion_email": true,
            "ui_language": "French",
            "ui_theme": "Planets"
        },
        "user_creation_time": "Thu Oct  6 12:58:49 2011",
        "user_id": "Hugh_67523896"
    },
    "search_history": [
        {
            "category": "Films",
            "sub-category": [
                "Foreign Films",
                "Documentary"
            ]
        },
        {
            "category": "Books",
            "sub-category": [
                "Humor"
            ]
        },
        {
            "category": "Music",
            "sub-category": [
                "Broadway and Vocal",
                "Country Music",
                "New Age"
            ]
        }
    ],
    "shipped_order_history": []
}