{
    "doc_type": "user_profile",
    "personal_details": {
        "age": 33,
        "display_name": "Ian Beardsley",
        "email": "Ian.Beardsley@snailmail.com",
        "first_name": "Ian",
        "last_name": "Beardsley",
        "state": "Delaware"
    },
    "profile_details": {
        "last_login_time": "Wed Jun 19 12:58:49 2013",
        "loyalty": {
            "friends_referred": [],
            "loyalty_score": 6.692709124955448,
            "membership_type": "Silver",
            "redeemed_points": 1134,
            "reward_points": 882
        },
        "password": "Ian82",
        "prefs": {
            "promotion_category": [
                "Books"
            ],
            "promotion_email": true,
            "ui_language": "Spanish",
            "ui_theme": "Grafitti"
        },
        "user_creation_time": "Thu Sep 29 12:58:49 2011",
        "user_id": "Ian_44716468"
    },
    "search_history": [
        {
            "category": "Films",
            "sub-category": [
                "Animation",
                "Documentary"
            ]
        }
    ],
    "shipped_order_history": [
        {
            "order_datetime": "Wed Feb 15 12:58:49 2012",
            "order_id": "T559440587910"
        },
        {
            "order_datetime": "Mon Jan  9 12:58:49 2012",
            "order_id": "T829248961495"
        },
        {
            "order_datetime": "Thu Dec  8 12:58:49 2011",
            "order_id": "T793431254650"
        },
        {
            "order_datetime": "Sat Oct 29 12:58:49 2011",
            "order_id": "T842021056057"
        }
    ]
}