{
    "doc_type": "user_profile",
    "personal_details": {
        "age": 16,
        "display_name": "Idell Sample",
        "email": "Idell.Sample@snailmail.com",
        "first_name": "Idell",
        "last_name": "Sample",
        "state": "New Jersey"
    },
    "profile_details": {
        "last_login_time": "Thu Aug 15 12:58:49 2013",
        "loyalty": {
            "friends_referred": [
                "Shela_78732478",
                "Deann_39722988",
                "Valerie_16953336"
            ],
            "loyalty_score": 8.136654068129799,
            "membership_type": "Gold",
            "redeemed_points": 1320,
            "reward_points": 1656
        },
        "password": "Idell70",
        "prefs": {
            "promotion_email": false,
            "ui_language": "German",
            "ui_theme": "Grafitti"
        },
        "user_creation_time": "Sun Feb 26 12:58:49 2012",
        "user_id": "Idell_73546370"
    },
    "search_history": [
        {
            "category": "Films",
            "sub-category": [
                "Classic Films",
                "Documentary",
                "Sci-Fi, Fantasy & Horror"
            ]
        },
        {
            "category": "Books",
            "sub-category": [
                "Religion",
                "Travel",
                "Diet & Health"
            ]
        }
    ],
    "shipped_order_history": [
        {
            "order_datetime": "Sat Mar  2 12:58:49 2013",
            "order_id": "T405344144802"
        }
    ]
}