{
    "doc_type": "user_profile",
    "personal_details": {
        "age": 27,
        "display_name": "Iesha Bennett",
        "email": "Iesha.Bennett@snailmail.com",
        "first_name": "Iesha",
        "last_name": "Bennett",
        "state": "South Carolina"
    },
    "profile_details": {
        "last_login_time": "Mon Jun 10 12:58:49 2013",
        "loyalty": {
            "friends_referred": [],
            "loyalty_score": 5.875443698706025,
            "membership_type": "Silver",
            "redeemed_points": 570,
            "reward_points": 510
        },
        "password": "Iesha59",
        "prefs": {
            "promotion_email": false,
            "ui_language": "Spanish",
            "ui_theme": "Pebbles"
        },
        "user_creation_time": "Fri Nov 16 12:58:49 2012",
        "user_id": "Iesha_97567500"
    },
    "search_history": [
        {
            "category": "Films",
            "sub-category": [
                "Animation"
            ]
        },
        {
            "category": "Books",
            "sub-category": [
                "Religion",
                "Medicine",
                "Home & Garden"
            ]
        },
        {
            "category": "Music",
            "sub-category": [
                "Classical Music",
                "Jazz",
                "New Age"
            ]
        }
    ],
    "shipped_order_history": [
        {
            "order_datetime": "Fri May 31 12:58:49 2013",
            "order_id": "T319124885470"
        },
        {
            "order_datetime": "Mon Mar  4 12:58:49 2013",
            "order_id": "T243158315580"
        },
        {
            "order_datetime": "Mon Mar 18 12:58:49 2013",
            "order_id": "T334320301269"
        }
    ]
}