{
    "doc_type": "user_profile",
    "personal_details": {
        "age": 39,
        "display_name": "Ileana William",
        "email": "Ileana.William@snailmail.com",
        "first_name": "Ileana",
        "last_name": "William",
        "state": "Florida"
    },
    "profile_details": {
        "last_login_time": "Mon May 27 12:58:49 2013",
        "loyalty": {
            "friends_referred": [],
            "loyalty_score": 5.553460753487801,
            "membership_type": "Silver",
            "redeemed_points": 525,
            "reward_points": 1290
        },
        "password": "Ileana61",
        "prefs": {
            "promotion_category": [
                "Books",
                "Music",
                "Films"
            ],
            "promotion_email": true,
            "ui_language": "French",
            "ui_theme": "Grafitti"
        },
        "user_creation_time": "Sun Feb 19 12:58:49 2012",
        "user_id": "Ileana_35209260"
    },
    "search_history": [
        {
            "category": "Films",
            "sub-category": [
                "Classic Films",
                "Drama"
            ]
        }
    ],
    "shipped_order_history": []
}