{
    "doc_type": "user_profile",
    "personal_details": {
        "age": 40,
        "display_name": "Illa Oakley",
        "email": "Illa.Oakley@snailmail.com",
        "first_name": "Illa",
        "last_name": "Oakley",
        "state": "New Mexico"
    },
    "profile_details": {
        "last_login_time": "Mon Mar 11 12:58:49 2013",
        "loyalty": {
            "friends_referred": [],
            "loyalty_score": 5.06467732204549,
            "membership_type": "Silver",
            "redeemed_points": 1395,
            "reward_points": 1440
        },
        "password": "Illa19",
        "prefs": {
            "promotion_category": [
                "Books",
                "Music"
            ],
            "promotion_email": true,
            "ui_language": "Spanish",
            "ui_theme": "Planets"
        },
        "user_creation_time": "Fri Jul 13 12:58:49 2012",
        "user_id": "Illa_18606144"
    },
    "search_history": [
        {
            "category": "Films",
            "sub-category": [
                "Classic Films"
            ]
        },
        {
            "category": "Books",
            "sub-category": [
                "Humor",
                "NonFiction",
                "Home & Garden"
            ]
        }
    ],
    "shipped_order_history": []
}