{
    "doc_type": "user_profile",
    "personal_details": {
        "age": 51,
        "display_name": "Indira Odell",
        "email": "Indira.Odell@snailmail.com",
        "first_name": "Indira",
        "last_name": "Odell",
        "state": "Vermont"
    },
    "profile_details": {
        "last_login_time": "Sat Aug 24 12:58:49 2013",
        "loyalty": {
            "friends_referred": [],
            "loyalty_score": 6.0467182980777165,
            "membership_type": "Silver",
            "redeemed_points": 612,
            "reward_points": 1620
        },
        "password": "Indira39",
        "prefs": {
            "promotion_category": [
                "Books",
                "Music",
                "Films"
            ],
            "promotion_email": true,
            "ui_language": "Spanish",
            "ui_theme": "Grafitti"
        },
        "user_creation_time": "Thu Jul  4 12:58:49 2013",
        "user_id": "Indira_3796647"
    },
    "search_history": [
        {
            "category": "Films",
            "sub-category": [
                "Classic Films",
                "Documentary"
            ]
        },
        {
            "category": "Books",
            "sub-category": [
                "Humor",
                "Travel"
            ]
        },
        {
            "category": "Music",
            "sub-category": [
                "Classical Music",
                "Country Music"
            ]
        }
    ],
    "shipped_order_history": [
        {
            "order_datetime": "Sat Aug 24 12:58:49 2013",
            "order_id": "T768563727795"
        },
        {
            "order_datetime": "Sat Aug 17 12:58:49 2013",
            "order_id": "T175850223108"
        }
    ]
}