{
    "doc_type": "user_profile",
    "personal_details": {
        "age": 59,
        "display_name": "Ines Plummer",
        "email": "Ines.Plummer@snailmail.com",
        "first_name": "Ines",
        "last_name": "Plummer",
        "state": "Delaware"
    },
    "profile_details": {
        "last_login_time": "Thu Sep  5 12:58:49 2013",
        "loyalty": {
            "friends_referred": [],
            "loyalty_score": 3.962371292739819,
            "membership_type": "Basic",
            "redeemed_points": 783,
            "reward_points": 855
        },
        "password": "Ines36",
        "prefs": {
            "promotion_category": [
                "Books"
            ],
            "promotion_email": true,
            "ui_language": "English",
            "ui_theme": "Ocean"
        },
        "user_creation_time": "Sun Jul 29 12:58:49 2012",
        "user_id": "Ines_1524943"
    },
    "search_history": [
        {
            "category": "Films",
            "sub-category": [
                "Foreign Films",
                "Drama"
            ]
        }
    ],
    "shipped_order_history": []
}