{
    "doc_type": "user_profile",
    "personal_details": {
        "age": 41,
        "display_name": "Inez Lamontagne",
        "email": "Inez.Lamontagne@snailmail.com",
        "first_name": "Inez",
        "last_name": "Lamontagne",
        "state": "Georgia"
    },
    "profile_details": {
        "last_login_time": "Mon Jan 14 12:58:49 2013",
        "loyalty": {
            "friends_referred": [],
            "loyalty_score": 4.8218086421195885,
            "membership_type": "Silver",
            "redeemed_points": 804,
            "reward_points": 96
        },
        "password": "Inez64",
        "prefs": {
            "promotion_email": false,
            "ui_language": "German",
            "ui_theme": "Tree Tops"
        },
        "user_creation_time": "Tue Apr 12 12:58:49 2011",
        "user_id": "Inez_68254237"
    },
    "search_history": [
        {
            "category": "Films",
            "sub-category": [
                "Foreign Films",
                "Comedy"
            ]
        },
        {
            "category": "Books",
            "sub-category": [
                "History"
            ]
        }
    ],
    "shipped_order_history": [
        {
            "order_datetime": "Sat Nov 17 12:58:49 2012",
            "order_id": "T520046095844"
        }
    ]
}