{
    "doc_type": "user_profile",
    "personal_details": {
        "age": 41,
        "display_name": "Irish Benitez",
        "email": "Irish.Benitez@snailmail.com",
        "first_name": "Irish",
        "last_name": "Benitez",
        "state": "New Hampshire"
    },
    "profile_details": {
        "last_login_time": "Sun Jul  7 12:58:49 2013",
        "loyalty": {
            "friends_referred": [],
            "loyalty_score": 1.756220361697386,
            "membership_type": "Basic",
            "redeemed_points": 18,
            "reward_points": 210
        },
        "password": "Irish25",
        "prefs": {
            "promotion_category": [
                "Books",
                "Music",
                "Films"
            ],
            "promotion_email": true,
            "ui_language": "French",
            "ui_theme": "Beach"
        },
        "user_creation_time": "Sun Dec  9 12:58:49 2012",
        "user_id": "Irish_8563660"
    },
    "search_history": [
        {
            "category": "Films",
            "sub-category": [
                "Classic Films",
                "Drama",
                "Sci-Fi, Fantasy & Horror"
            ]
        },
        {
            "category": "Books",
            "sub-category": [
                "Religion",
                "NonFiction",
                "Diet & Health"
            ]
        }
    ],
    "shipped_order_history": [
        {
            "order_datetime": "Mon Jan 28 12:58:49 2013",
            "order_id": "T748355916041"
        }
    ]
}