{
    "doc_type": "user_profile",
    "personal_details": {
        "age": 19,
        "display_name": "Irwin Thorpe",
        "email": "Irwin.Thorpe@snailmail.com",
        "first_name": "Irwin",
        "last_name": "Thorpe",
        "state": "Arizona"
    },
    "profile_details": {
        "last_login_time": "Fri Aug 16 12:58:49 2013",
        "loyalty": {
            "friends_referred": [],
            "loyalty_score": 2.1581457047516297,
            "membership_type": "Basic",
            "redeemed_points": 18,
            "reward_points": 138
        },
        "password": "Irwin47",
        "prefs": {
            "promotion_email": false,
            "ui_language": "German",
            "ui_theme": "Pebbles"
        },
        "user_creation_time": "Sun May 19 12:58:49 2013",
        "user_id": "Irwin_59684949"
    },
    "search_history": [
        {
            "category": "Films",
            "sub-category": [
                "Animation",
                "Drama"
            ]
        }
    ],
    "shipped_order_history": [
        {
            "order_datetime": "Tue Jul 16 12:58:49 2013",
            "order_id": "T914062338402"
        },
        {
            "order_datetime": "Thu Jul 18 12:58:49 2013",
            "order_id": "T780128412309"
        }
    ]
}