{
    "doc_type": "user_profile",
    "personal_details": {
        "age": 17,
        "display_name": "Isa Casanova",
        "email": "Isa.Casanova@snailmail.com",
        "first_name": "Isa",
        "last_name": "Casanova",
        "state": "North Carolina"
    },
    "profile_details": {
        "last_login_time": "Mon Apr  8 12:58:49 2013",
        "loyalty": {
            "friends_referred": [],
            "loyalty_score": 5.665843995955898,
            "membership_type": "Silver",
            "redeemed_points": 1500,
            "reward_points": 1050
        },
        "password": "Isa12",
        "prefs": {
            "promotion_email": false,
            "ui_language": "English",
            "ui_theme": "Pebbles"
        },
        "user_creation_time": "Sat Oct  8 12:58:49 2011",
        "user_id": "Isa_63958772"
    },
    "search_history": [
        {
            "category": "Films",
            "sub-category": [
                "Classic Films",
                "Drama",
                "Sci-Fi, Fantasy & Horror"
            ]
        },
        {
            "category": "Books",
            "sub-category": [
                "History",
                "Medicine"
            ]
        }
    ],
    "shipped_order_history": [
        {
            "order_datetime": "Sat Dec 10 12:58:49 2011",
            "order_id": "T280349187652"
        },
        {
            "order_datetime": "Sun Nov 25 12:58:49 2012",
            "order_id": "T842444301186"
        },
        {
            "order_datetime": "Sun Dec 30 12:58:49 2012",
            "order_id": "T901555405800"
        },
        {
            "order_datetime": "Mon Dec 19 12:58:49 2011",
            "order_id": "T220468289900"
        }
    ]
}