{
    "doc_type": "user_profile",
    "personal_details": {
        "age": 45,
        "display_name": "Isabella Little",
        "email": "Isabella.Little@snailmail.com",
        "first_name": "Isabella",
        "last_name": "Little",
        "state": "Montana"
    },
    "profile_details": {
        "last_login_time": "Mon Mar  4 12:58:49 2013",
        "loyalty": {
            "friends_referred": [],
            "loyalty_score": 1.0268115590188065,
            "membership_type": "Basic",
            "redeemed_points": 81,
            "reward_points": 183
        },
        "password": "Isabella35",
        "prefs": {
            "promotion_email": false,
            "ui_language": "English",
            "ui_theme": "Pebbles"
        },
        "user_creation_time": "Sun Mar  4 12:58:49 2012",
        "user_id": "Isabella_55877503"
    },
    "search_history": [
        {
            "category": "Films",
            "sub-category": [
                "Foreign Films",
                "Drama"
            ]
        }
    ],
    "shipped_order_history": []
}