{
    "doc_type": "user_profile",
    "personal_details": {
        "age": 60,
        "display_name": "Isaiah Herrmann",
        "email": "Isaiah.Herrmann@snailmail.com",
        "first_name": "Isaiah",
        "last_name": "Herrmann",
        "state": "South Dakota"
    },
    "profile_details": {
        "last_login_time": "Wed Feb 13 12:58:49 2013",
        "loyalty": {
            "friends_referred": [],
            "loyalty_score": 3.1943666404628788,
            "membership_type": "Basic",
            "redeemed_points": 108,
            "reward_points": 540
        },
        "password": "Isaiah12",
        "prefs": {
            "promotion_category": [
                "Books"
            ],
            "promotion_email": true,
            "ui_language": "German",
            "ui_theme": "Beach"
        },
        "user_creation_time": "Wed Feb  8 12:58:49 2012",
        "user_id": "Isaiah_10829804"
    },
    "search_history": [
        {
            "category": "Films",
            "sub-category": [
                "Foreign Films",
                "Drama"
            ]
        }
    ],
    "shipped_order_history": [
        {
            "order_datetime": "Sun Sep 30 12:58:49 2012",
            "order_id": "T692858019116"
        },
        {
            "order_datetime": "Sun Jun 17 12:58:49 2012",
            "order_id": "T863822334157"
        },
        {
            "order_datetime": "Mon Apr  9 12:58:49 2012",
            "order_id": "T345028463999"
        }
    ]
}