{
    "doc_type": "user_profile",
    "personal_details": {
        "age": 46,
        "display_name": "Isobel Olivas",
        "email": "Isobel.Olivas@snailmail.com",
        "first_name": "Isobel",
        "last_name": "Olivas",
        "state": "Nebraska"
    },
    "profile_details": {
        "last_login_time": "Mon Jan 21 12:58:49 2013",
        "loyalty": {
            "friends_referred": [],
            "loyalty_score": 6.274999231139368,
            "membership_type": "Silver",
            "redeemed_points": 216,
            "reward_points": 1476
        },
        "password": "Isobel20",
        "prefs": {
            "promotion_category": [
                "Books",
                "Music"
            ],
            "promotion_email": true,
            "ui_language": "French",
            "ui_theme": "Planets"
        },
        "user_creation_time": "Wed Sep 21 12:58:49 2011",
        "user_id": "Isobel_49147081"
    },
    "search_history": [
        {
            "category": "Films",
            "sub-category": [
                "Foreign Films",
                "Drama",
                "Sci-Fi, Fantasy & Horror"
            ]
        },
        {
            "category": "Books",
            "sub-category": [
                "History",
                "Medicine",
                "Home & Garden"
            ]
        }
    ],
    "shipped_order_history": [
        {
            "order_datetime": "Sun Feb 19 12:58:49 2012",
            "order_id": "T713425858197"
        },
        {
            "order_datetime": "Mon Jan  2 12:58:49 2012",
            "order_id": "T519367261064"
        },
        {
            "order_datetime": "Sun Dec 23 12:58:49 2012",
            "order_id": "T442721539073"
        },
        {
            "order_datetime": "Tue May 22 12:58:49 2012",
            "order_id": "T313832515725"
        },
        {
            "order_datetime": "Sun Feb 12 12:58:49 2012",
            "order_id": "T468032165743"
        },
        {
            "order_datetime": "Fri Jul 27 12:58:49 2012",
            "order_id": "T449038058107"
        }
    ]
}