{
    "doc_type": "user_profile",
    "personal_details": {
        "age": 40,
        "display_name": "Issac Salcedo",
        "email": "Issac.Salcedo@snailmail.com",
        "first_name": "Issac",
        "last_name": "Salcedo",
        "state": "Nebraska"
    },
    "profile_details": {
        "last_login_time": "Mon Sep 23 12:58:49 2013",
        "loyalty": {
            "friends_referred": [],
            "loyalty_score": 5.28677206366088,
            "membership_type": "Silver",
            "redeemed_points": 525,
            "reward_points": 840
        },
        "password": "Issac61",
        "prefs": {
            "promotion_category": [
                "Books",
                "Music",
                "Films"
            ],
            "promotion_email": true,
            "ui_language": "German",
            "ui_theme": "Beach"
        },
        "user_creation_time": "Fri Sep 20 12:58:49 2013",
        "user_id": "Issac_45076438"
    },
    "search_history": [
        {
            "category": "Films",
            "sub-category": [
                "Animation",
                "Drama"
            ]
        },
        {
            "category": "Books",
            "sub-category": [
                "History",
                "Travel"
            ]
        },
        {
            "category": "Music",
            "sub-category": [
                "Blues and Folk",
                "Jazz"
            ]
        }
    ],
    "shipped_order_history": [
        {
            "order_datetime": "Sun Sep 22 12:58:49 2013",
            "order_id": "T658725738627"
        },
        {
            "order_datetime": "Mon Sep 23 12:58:49 2013",
            "order_id": "T769527099790"
        },
        {
            "order_datetime": "Sat Sep 21 12:58:49 2013",
            "order_id": "T339422468877"
        },
        {
            "order_datetime": "Sat Sep 21 12:58:49 2013",
            "order_id": "T202550458691"
        },
        {
            "order_datetime": "Sun Sep 22 12:58:49 2013",
            "order_id": "T307824127003"
        }
    ]
}