{
    "doc_type": "user_profile",
    "personal_details": {
        "age": 33,
        "display_name": "Ivonne Robins",
        "email": "Ivonne.Robins@snailmail.com",
        "first_name": "Ivonne",
        "last_name": "Robins",
        "state": "Delaware"
    },
    "profile_details": {
        "last_login_time": "Fri May  3 12:58:49 2013",
        "loyalty": {
            "friends_referred": [
                "Hailey_81817286"
            ],
            "loyalty_score": 8.358339987834299,
            "membership_type": "Gold",
            "redeemed_points": 480,
            "reward_points": 1512
        },
        "password": "Ivonne70",
        "prefs": {
            "promotion_category": [
                "Books",
                "Music"
            ],
            "promotion_email": true,
            "ui_language": "French",
            "ui_theme": "Beach"
        },
        "user_creation_time": "Thu Aug  9 12:58:49 2012",
        "user_id": "Ivonne_94609792"
    },
    "search_history": [
        {
            "category": "Films",
            "sub-category": [
                "Animation",
                "Documentary"
            ]
        }
    ],
    "shipped_order_history": [
        {
            "order_datetime": "Fri Oct 26 12:58:49 2012",
            "order_id": "T276760642608"
        }
    ]
}