{
    "doc_type": "user_profile",
    "personal_details": {
        "age": 27,
        "display_name": "Jacinto Coles",
        "email": "Jacinto.Coles@snailmail.com",
        "first_name": "Jacinto",
        "last_name": "Coles",
        "state": "Oklahoma"
    },
    "profile_details": {
        "last_login_time": "Thu Oct 11 12:58:49 2012",
        "loyalty": {
            "friends_referred": [],
            "loyalty_score": 1.926046111365064,
            "membership_type": "Basic",
            "redeemed_points": 183,
            "reward_points": 294
        },
        "password": "Jacinto49",
        "prefs": {
            "promotion_email": false,
            "ui_language": "French",
            "ui_theme": "Pebbles"
        },
        "user_creation_time": "Fri Apr 29 12:58:49 2011",
        "user_id": "Jacinto_64575809"
    },
    "search_history": [
        {
            "category": "Films",
            "sub-category": [
                "Classic Films"
            ]
        },
        {
            "category": "Books",
            "sub-category": [
                "Humor"
            ]
        },
        {
            "category": "Music",
            "sub-category": [
                "Broadway and Vocal",
                "Jazz",
                "Opera and Vocal"
            ]
        }
    ],
    "shipped_order_history": [
        {
            "order_datetime": "Mon Nov 21 12:58:49 2011",
            "order_id": "T240063068052"
        }
    ]
}