{
    "doc_type": "user_profile",
    "personal_details": {
        "age": 47,
        "display_name": "Jackelyn Browning",
        "email": "Jackelyn.Browning@snailmail.com",
        "first_name": "Jackelyn",
        "last_name": "Browning",
        "state": "South Carolina"
    },
    "profile_details": {
        "last_login_time": "Sat Sep 21 12:58:49 2013",
        "loyalty": {
            "friends_referred": [],
            "loyalty_score": 0.4240411118812437,
            "membership_type": "Basic",
            "redeemed_points": 0,
            "reward_points": 0
        },
        "password": "Jackelyn60",
        "prefs": {
            "promotion_email": false,
            "ui_language": "English",
            "ui_theme": "Mountains"
        },
        "user_creation_time": "Sun Sep 15 12:58:49 2013",
        "user_id": "Jackelyn_19627860"
    },
    "search_history": [
        {
            "category": "Films",
            "sub-category": [
                "Classic Films",
                "Comedy"
            ]
        },
        {
            "category": "Books",
            "sub-category": [
                "Religion",
                "NonFiction"
            ]
        }
    ],
    "shipped_order_history": []
}