{
    "doc_type": "user_profile",
    "personal_details": {
        "age": 49,
        "display_name": "Jacki Key",
        "email": "Jacki.Key@snailmail.com",
        "first_name": "Jacki",
        "last_name": "Key",
        "state": "Wisconsin\n"
    },
    "profile_details": {
        "last_login_time": "Fri Apr 26 12:58:49 2013",
        "loyalty": {
            "friends_referred": [
                "Waneta_64636981",
                "Tarah_5928278"
            ],
            "loyalty_score": 7.58979327130219,
            "membership_type": "Gold",
            "redeemed_points": 1449,
            "reward_points": 693
        },
        "password": "Jacki87",
        "prefs": {
            "promotion_email": false,
            "ui_language": "English",
            "ui_theme": "Wood"
        },
        "user_creation_time": "Mon Feb 27 12:58:49 2012",
        "user_id": "Jacki_26512373"
    },
    "search_history": [
        {
            "category": "Films",
            "sub-category": [
                "Classic Films"
            ]
        },
        {
            "category": "Books",
            "sub-category": [
                "History",
                "NonFiction"
            ]
        },
        {
            "category": "Music",
            "sub-category": [
                "Broadway and Vocal",
                "Jazz",
                "Opera and Vocal"
            ]
        }
    ],
    "shipped_order_history": [
        {
            "order_datetime": "Wed Jun 27 12:58:49 2012",
            "order_id": "T811056031072"
        },
        {
            "order_datetime": "Tue Feb 26 12:58:49 2013",
            "order_id": "T190231322797"
        },
        {
            "order_datetime": "Sat Jun 16 12:58:49 2012",
            "order_id": "T436748935215"
        },
        {
            "order_datetime": "Sat Mar 10 12:58:49 2012",
            "order_id": "T355236582361"
        },
        {
            "order_datetime": "Tue Oct  9 12:58:49 2012",
            "order_id": "T495832748716"
        },
        {
            "order_datetime": "Wed Apr 11 12:58:49 2012",
            "order_id": "T169861347980"
        },
        {
            "order_datetime": "Sat Jan 12 12:58:49 2013",
            "order_id": "T385966024386"
        }
    ]
}