{
    "doc_type": "user_profile",
    "personal_details": {
        "age": 49,
        "display_name": "Jacques Rosenberg",
        "email": "Jacques.Rosenberg@snailmail.com",
        "first_name": "Jacques",
        "last_name": "Rosenberg",
        "state": "Maine"
    },
    "profile_details": {
        "last_login_time": "Mon Aug 19 12:58:49 2013",
        "loyalty": {
            "friends_referred": [],
            "loyalty_score": 3.5793842462474657,
            "membership_type": "Basic",
            "redeemed_points": 468,
            "reward_points": 207
        },
        "password": "Jacques50",
        "prefs": {
            "promotion_email": false,
            "ui_language": "German",
            "ui_theme": "Pebbles"
        },
        "user_creation_time": "Fri Mar 15 12:58:49 2013",
        "user_id": "Jacques_84862840"
    },
    "search_history": [
        {
            "category": "Films",
            "sub-category": [
                "Animation",
                "Documentary"
            ]
        },
        {
            "category": "Books",
            "sub-category": [
                "Religion",
                "Medicine",
                "Sports & Adventure"
            ]
        }
    ],
    "shipped_order_history": [
        {
            "order_datetime": "Sun Jun  9 12:58:49 2013",
            "order_id": "T255622742618"
        },
        {
            "order_datetime": "Tue Aug  6 12:58:49 2013",
            "order_id": "T607164983348"
        },
        {
            "order_datetime": "Wed Jul  3 12:58:49 2013",
            "order_id": "T123451837179"
        }
    ]
}