{
    "doc_type": "user_profile",
    "personal_details": {
        "age": 21,
        "display_name": "Jacqulyn Totten",
        "email": "Jacqulyn.Totten@snailmail.com",
        "first_name": "Jacqulyn",
        "last_name": "Totten",
        "state": "Arkansas"
    },
    "profile_details": {
        "last_login_time": "Fri Aug 23 12:58:49 2013",
        "loyalty": {
            "friends_referred": [
                "Adrian_74534503"
            ],
            "loyalty_score": 7.773701691327101,
            "membership_type": "Gold",
            "redeemed_points": 378,
            "reward_points": 1491
        },
        "password": "Jacqulyn97",
        "prefs": {
            "promotion_email": false,
            "ui_language": "German",
            "ui_theme": "Beach"
        },
        "user_creation_time": "Mon Sep  3 12:58:49 2012",
        "user_id": "Jacqulyn_8656604"
    },
    "search_history": [
        {
            "category": "Films",
            "sub-category": [
                "Classic Films"
            ]
        }
    ],
    "shipped_order_history": [
        {
            "order_datetime": "Fri Apr  5 12:58:49 2013",
            "order_id": "T253152651030"
        },
        {
            "order_datetime": "Thu Sep 13 12:58:49 2012",
            "order_id": "T318441621514"
        },
        {
            "order_datetime": "Mon May  6 12:58:49 2013",
            "order_id": "T398643354062"
        },
        {
            "order_datetime": "Tue Dec  4 12:58:49 2012",
            "order_id": "T742352287022"
        }
    ]
}