{
    "doc_type": "user_profile",
    "personal_details": {
        "age": 54,
        "display_name": "Jaimie Baez",
        "email": "Jaimie.Baez@snailmail.com",
        "first_name": "Jaimie",
        "last_name": "Baez",
        "state": "Colorado"
    },
    "profile_details": {
        "last_login_time": "Thu Sep  5 12:58:49 2013",
        "loyalty": {
            "friends_referred": [],
            "loyalty_score": 5.848477627611887,
            "membership_type": "Silver",
            "redeemed_points": 1230,
            "reward_points": 720
        },
        "password": "Jaimie79",
        "prefs": {
            "promotion_email": false,
            "ui_language": "English",
            "ui_theme": "Pebbles"
        },
        "user_creation_time": "Mon Aug  5 12:58:49 2013",
        "user_id": "Jaimie_31782494"
    },
    "search_history": [
        {
            "category": "Films",
            "sub-category": [
                "Classic Films"
            ]
        },
        {
            "category": "Books",
            "sub-category": [
                "Religion"
            ]
        }
    ],
    "shipped_order_history": [
        {
            "order_datetime": "Thu Aug 15 12:58:49 2013",
            "order_id": "T572268512042"
        },
        {
            "order_datetime": "Fri Aug 23 12:58:49 2013",
            "order_id": "T100260389870"
        },
        {
            "order_datetime": "Tue Aug 13 12:58:49 2013",
            "order_id": "T742449891140"
        },
        {
            "order_datetime": "Tue Aug 13 12:58:49 2013",
            "order_id": "T816466205500"
        },
        {
            "order_datetime": "Thu Aug 15 12:58:49 2013",
            "order_id": "T479447659334"
        }
    ]
}