{
    "doc_type": "user_profile",
    "personal_details": {
        "age": 42,
        "display_name": "Jamie Epps",
        "email": "Jamie.Epps@snailmail.com",
        "first_name": "Jamie",
        "last_name": "Epps",
        "state": "Ohio"
    },
    "profile_details": {
        "last_login_time": "Wed May 29 12:58:49 2013",
        "loyalty": {
            "friends_referred": [],
            "loyalty_score": 6.174771749115202,
            "membership_type": "Silver",
            "redeemed_points": 1638,
            "reward_points": 1206
        },
        "password": "Jamie51",
        "prefs": {
            "promotion_email": false,
            "ui_language": "Spanish",
            "ui_theme": "Ocean"
        },
        "user_creation_time": "Tue Apr 24 12:58:49 2012",
        "user_id": "Jamie_5687760"
    },
    "search_history": [
        {
            "category": "Films",
            "sub-category": [
                "Animation",
                "Comedy"
            ]
        },
        {
            "category": "Books",
            "sub-category": [
                "Religion",
                "Travel",
                "Home & Garden"
            ]
        }
    ],
    "shipped_order_history": []
}