{
    "doc_type": "user_profile",
    "personal_details": {
        "age": 37,
        "display_name": "Janeth Faulk",
        "email": "Janeth.Faulk@snailmail.com",
        "first_name": "Janeth",
        "last_name": "Faulk",
        "state": "Pennsylvania"
    },
    "profile_details": {
        "last_login_time": "Sun Apr 28 12:58:49 2013",
        "loyalty": {
            "friends_referred": [],
            "loyalty_score": 3.883924887291924,
            "membership_type": "Basic",
            "redeemed_points": 864,
            "reward_points": 846
        },
        "password": "Janeth47",
        "prefs": {
            "promotion_category": [
                "Books"
            ],
            "promotion_email": true,
            "ui_language": "Spanish",
            "ui_theme": "Wood"
        },
        "user_creation_time": "Wed Nov 28 12:58:49 2012",
        "user_id": "Janeth_85755975"
    },
    "search_history": [
        {
            "category": "Films",
            "sub-category": [
                "Foreign Films",
                "Comedy"
            ]
        },
        {
            "category": "Books",
            "sub-category": [
                "Religion",
                "NonFiction",
                "Sports & Adventure"
            ]
        },
        {
            "category": "Music",
            "sub-category": [
                "Classical Music",
                "Kid's Music",
                "New Age"
            ]
        }
    ],
    "shipped_order_history": []
}