{
    "doc_type": "user_profile",
    "personal_details": {
        "age": 33,
        "display_name": "Janene Lake",
        "email": "Janene.Lake@snailmail.com",
        "first_name": "Janene",
        "last_name": "Lake",
        "state": "West Virginia"
    },
    "profile_details": {
        "last_login_time": "Wed Apr  3 12:58:49 2013",
        "loyalty": {
            "friends_referred": [
                "Chelsie_81415743"
            ],
            "loyalty_score": 9.732861027868232,
            "membership_type": "Platinum",
            "redeemed_points": 1323,
            "reward_points": 810
        },
        "password": "Janene14",
        "prefs": {
            "promotion_category": [
                "Books",
                "Music"
            ],
            "promotion_email": true,
            "ui_language": "Spanish",
            "ui_theme": "Mountains"
        },
        "user_creation_time": "Sun Oct  2 12:58:49 2011",
        "user_id": "Janene_72527950"
    },
    "search_history": [
        {
            "category": "Films",
            "sub-category": [
                "Classic Films"
            ]
        },
        {
            "category": "Books",
            "sub-category": [
                "History",
                "Medicine",
                "Sports & Adventure"
            ]
        }
    ],
    "shipped_order_history": [
        {
            "order_datetime": "Thu Mar 29 12:58:49 2012",
            "order_id": "T559657889585"
        },
        {
            "order_datetime": "Tue Nov  6 12:58:49 2012",
            "order_id": "T326229011160"
        },
        {
            "order_datetime": "Sat May 12 12:58:49 2012",
            "order_id": "T633540137510"
        },
        {
            "order_datetime": "Fri Nov 25 12:58:49 2011",
            "order_id": "T537866976706"
        }
    ]
}