{
    "doc_type": "user_profile",
    "personal_details": {
        "age": 38,
        "display_name": "Janey Toler",
        "email": "Janey.Toler@snailmail.com",
        "first_name": "Janey",
        "last_name": "Toler",
        "state": "Arkansas"
    },
    "profile_details": {
        "last_login_time": "Sat Dec 29 12:58:49 2012",
        "loyalty": {
            "friends_referred": [],
            "loyalty_score": 1.2092649999228944,
            "membership_type": "Basic",
            "redeemed_points": 105,
            "reward_points": 192
        },
        "password": "Janey57",
        "prefs": {
            "promotion_email": false,
            "ui_language": "German",
            "ui_theme": "Planets"
        },
        "user_creation_time": "Sun Dec 11 12:58:49 2011",
        "user_id": "Janey_1219578"
    },
    "search_history": [
        {
            "category": "Films",
            "sub-category": [
                "Classic Films"
            ]
        },
        {
            "category": "Books",
            "sub-category": [
                "Humor"
            ]
        }
    ],
    "shipped_order_history": [
        {
            "order_datetime": "Thu Dec 13 12:58:49 2012",
            "order_id": "T150026216263"
        }
    ]
}