{
    "doc_type": "user_profile",
    "personal_details": {
        "age": 50,
        "display_name": "Janina Pointer",
        "email": "Janina.Pointer@snailmail.com",
        "first_name": "Janina",
        "last_name": "Pointer",
        "state": "New York"
    },
    "profile_details": {
        "last_login_time": "Wed Jan  2 12:58:49 2013",
        "loyalty": {
            "friends_referred": [],
            "loyalty_score": 1.4522997147061523,
            "membership_type": "Basic",
            "redeemed_points": 153,
            "reward_points": 54
        },
        "password": "Janina56",
        "prefs": {
            "promotion_email": false,
            "ui_language": "German",
            "ui_theme": "Mountains"
        },
        "user_creation_time": "Wed Feb 22 12:58:49 2012",
        "user_id": "Janina_57112084"
    },
    "search_history": [
        {
            "category": "Films",
            "sub-category": [
                "Animation"
            ]
        },
        {
            "category": "Books",
            "sub-category": [
                "Religion"
            ]
        },
        {
            "category": "Music",
            "sub-category": [
                "Broadway and Vocal",
                "Kid's Music"
            ]
        }
    ],
    "shipped_order_history": [
        {
            "order_datetime": "Mon Aug 27 12:58:49 2012",
            "order_id": "T849952231923"
        }
    ]
}