{
    "doc_type": "user_profile",
    "personal_details": {
        "age": 27,
        "display_name": "Jaquelyn Duckett",
        "email": "Jaquelyn.Duckett@snailmail.com",
        "first_name": "Jaquelyn",
        "last_name": "Duckett",
        "state": "Maryland"
    },
    "profile_details": {
        "last_login_time": "Sat Sep  7 12:58:49 2013",
        "loyalty": {
            "friends_referred": [],
            "loyalty_score": 8.40844790455561,
            "membership_type": "Gold",
            "redeemed_points": 1416,
            "reward_points": 24
        },
        "password": "Jaquelyn63",
        "prefs": {
            "promotion_category": [
                "Books",
                "Music",
                "Films"
            ],
            "promotion_email": true,
            "ui_language": "English",
            "ui_theme": "Wood"
        },
        "user_creation_time": "Tue Aug 13 12:58:49 2013",
        "user_id": "Jaquelyn_2678901"
    },
    "search_history": [
        {
            "category": "Films",
            "sub-category": [
                "Classic Films"
            ]
        },
        {
            "category": "Books",
            "sub-category": [
                "Religion",
                "NonFiction",
                "Home & Garden"
            ]
        },
        {
            "category": "Music",
            "sub-category": [
                "Broadway and Vocal",
                "Kid's Music"
            ]
        }
    ],
    "shipped_order_history": [
        {
            "order_datetime": "Sun Sep  1 12:58:49 2013",
            "order_id": "T951458232959"
        },
        {
            "order_datetime": "Mon Aug 19 12:58:49 2013",
            "order_id": "T883744063858"
        },
        {
            "order_datetime": "Wed Sep  4 12:58:49 2013",
            "order_id": "T632467543896"
        },
        {
            "order_datetime": "Thu Aug 22 12:58:49 2013",
            "order_id": "T303854864054"
        },
        {
            "order_datetime": "Tue Aug 27 12:58:49 2013",
            "order_id": "T836929934748"
        },
        {
            "order_datetime": "Sat Aug 31 12:58:49 2013",
            "order_id": "T168638925470"
        },
        {
            "order_datetime": "Tue Sep  3 12:58:49 2013",
            "order_id": "T361939671519"
        },
        {
            "order_datetime": "Sat Aug 31 12:58:49 2013",
            "order_id": "T293536325365"
        }
    ]
}