{
    "doc_type": "user_profile",
    "personal_details": {
        "age": 18,
        "display_name": "Jarrod Valenzuela",
        "email": "Jarrod.Valenzuela@snailmail.com",
        "first_name": "Jarrod",
        "last_name": "Valenzuela",
        "state": "New York"
    },
    "profile_details": {
        "last_login_time": "Tue Dec 25 12:58:49 2012",
        "loyalty": {
            "friends_referred": [],
            "loyalty_score": 6.166379817821483,
            "membership_type": "Silver",
            "redeemed_points": 1224,
            "reward_points": 288
        },
        "password": "Jarrod43",
        "prefs": {
            "promotion_category": [
                "Books",
                "Music"
            ],
            "promotion_email": true,
            "ui_language": "German",
            "ui_theme": "Beach"
        },
        "user_creation_time": "Mon Feb 14 12:58:49 2011",
        "user_id": "Jarrod_79854971"
    },
    "search_history": [
        {
            "category": "Films",
            "sub-category": [
                "Animation",
                "Comedy"
            ]
        },
        {
            "category": "Books",
            "sub-category": [
                "Religion"
            ]
        },
        {
            "category": "Music",
            "sub-category": [
                "Classical Music",
                "Country Music",
                "Pop Music"
            ]
        }
    ],
    "shipped_order_history": [
        {
            "order_datetime": "Fri May 18 12:58:49 2012",
            "order_id": "T507666251548"
        },
        {
            "order_datetime": "Thu Mar  3 12:58:49 2011",
            "order_id": "T984752761377"
        },
        {
            "order_datetime": "Tue Apr  5 12:58:49 2011",
            "order_id": "T434355788081"
        },
        {
            "order_datetime": "Sun Aug 28 12:58:49 2011",
            "order_id": "T755152229512"
        },
        {
            "order_datetime": "Thu Feb 23 12:58:49 2012",
            "order_id": "T130131961296"
        },
        {
            "order_datetime": "Fri May  6 12:58:49 2011",
            "order_id": "T173543004936"
        }
    ]
}