{
    "doc_type": "user_profile",
    "personal_details": {
        "age": 36,
        "display_name": "Jayme Warfield",
        "email": "Jayme.Warfield@snailmail.com",
        "first_name": "Jayme",
        "last_name": "Warfield",
        "state": "Michigan"
    },
    "profile_details": {
        "last_login_time": "Fri Sep 13 12:58:49 2013",
        "loyalty": {
            "friends_referred": [],
            "loyalty_score": 4.606191186114791,
            "membership_type": "Silver",
            "redeemed_points": 96,
            "reward_points": 276
        },
        "password": "Jayme61",
        "prefs": {
            "promotion_email": false,
            "ui_language": "French",
            "ui_theme": "Pebbles"
        },
        "user_creation_time": "Sun Aug 11 12:58:49 2013",
        "user_id": "Jayme_41855351"
    },
    "search_history": [
        {
            "category": "Films",
            "sub-category": [
                "Foreign Films"
            ]
        }
    ],
    "shipped_order_history": [
        {
            "order_datetime": "Sat Sep  7 12:58:49 2013",
            "order_id": "T805769868644"
        },
        {
            "order_datetime": "Tue Aug 20 12:58:49 2013",
            "order_id": "T260462827492"
        }
    ]
}