{
    "doc_type": "user_profile",
    "personal_details": {
        "age": 56,
        "display_name": "Jazmine Bohn",
        "email": "Jazmine.Bohn@snailmail.com",
        "first_name": "Jazmine",
        "last_name": "Bohn",
        "state": "Oregon"
    },
    "profile_details": {
        "last_login_time": "Tue Mar  5 12:58:49 2013",
        "loyalty": {
            "friends_referred": [],
            "loyalty_score": 5.150123284708114,
            "membership_type": "Silver",
            "redeemed_points": 15,
            "reward_points": 315
        },
        "password": "Jazmine23",
        "prefs": {
            "promotion_email": false,
            "ui_language": "German",
            "ui_theme": "Beach"
        },
        "user_creation_time": "Sun Dec 18 12:58:49 2011",
        "user_id": "Jazmine_28366619"
    },
    "search_history": [
        {
            "category": "Films",
            "sub-category": [
                "Animation",
                "Drama"
            ]
        },
        {
            "category": "Books",
            "sub-category": [
                "History",
                "NonFiction",
                "Home & Garden"
            ]
        },
        {
            "category": "Music",
            "sub-category": [
                "Broadway and Vocal"
            ]
        }
    ],
    "shipped_order_history": [
        {
            "order_datetime": "Sat Dec 22 12:58:49 2012",
            "order_id": "T919040466080"
        },
        {
            "order_datetime": "Mon Jul 16 12:58:49 2012",
            "order_id": "T440936171305"
        },
        {
            "order_datetime": "Wed Dec 28 12:58:49 2011",
            "order_id": "T973458702733"
        },
        {
            "order_datetime": "Tue Sep 11 12:58:49 2012",
            "order_id": "T556425953527"
        },
        {
            "order_datetime": "Wed Mar 21 12:58:49 2012",
            "order_id": "T710834423364"
        }
    ]
}