{
    "doc_type": "user_profile",
    "personal_details": {
        "age": 55,
        "display_name": "Jeannetta Bandy",
        "email": "Jeannetta.Bandy@snailmail.com",
        "first_name": "Jeannetta",
        "last_name": "Bandy",
        "state": "California"
    },
    "profile_details": {
        "last_login_time": "Sun Sep 15 12:58:49 2013",
        "loyalty": {
            "friends_referred": [],
            "loyalty_score": 5.767517362094662,
            "membership_type": "Silver",
            "redeemed_points": 915,
            "reward_points": 1500
        },
        "password": "Jeannetta49",
        "prefs": {
            "promotion_category": [
                "Books"
            ],
            "promotion_email": true,
            "ui_language": "Spanish",
            "ui_theme": "Beach"
        },
        "user_creation_time": "Sun Aug 18 12:58:49 2013",
        "user_id": "Jeannetta_28753591"
    },
    "search_history": [
        {
            "category": "Films",
            "sub-category": [
                "Foreign Films"
            ]
        },
        {
            "category": "Books",
            "sub-category": [
                "Religion"
            ]
        },
        {
            "category": "Music",
            "sub-category": [
                "Classical Music"
            ]
        }
    ],
    "shipped_order_history": [
        {
            "order_datetime": "Tue Aug 20 12:58:49 2013",
            "order_id": "T186047174181"
        },
        {
            "order_datetime": "Sun Sep  1 12:58:49 2013",
            "order_id": "T374861602197"
        },
        {
            "order_datetime": "Fri Aug 23 12:58:49 2013",
            "order_id": "T728636718906"
        }
    ]
}