{
    "doc_type": "user_profile",
    "personal_details": {
        "age": 50,
        "display_name": "Jeanette Slocum",
        "email": "Jeanette.Slocum@snailmail.com",
        "first_name": "Jeanette",
        "last_name": "Slocum",
        "state": "Delaware"
    },
    "profile_details": {
        "last_login_time": "Sat Jun 29 12:58:49 2013",
        "loyalty": {
            "friends_referred": [
                "Stevie_4645831",
                "Floretta_82894220"
            ],
            "loyalty_score": 8.443179944283779,
            "membership_type": "Gold",
            "redeemed_points": 840,
            "reward_points": 912
        },
        "password": "Jeanette38",
        "prefs": {
            "promotion_category": [
                "Books"
            ],
            "promotion_email": true,
            "ui_language": "Spanish",
            "ui_theme": "Mountains"
        },
        "user_creation_time": "Sat Jan 22 12:58:49 2011",
        "user_id": "Jeanette_31981695"
    },
    "search_history": [
        {
            "category": "Films",
            "sub-category": [
                "Classic Films",
                "Comedy"
            ]
        }
    ],
    "shipped_order_history": [
        {
            "order_datetime": "Sun May 27 12:58:49 2012",
            "order_id": "T470766684361"
        },
        {
            "order_datetime": "Sat Jun  9 12:58:49 2012",
            "order_id": "T755733409163"
        },
        {
            "order_datetime": "Sat Jul 14 12:58:49 2012",
            "order_id": "T825936316837"
        },
        {
            "order_datetime": "Wed Jan 11 12:58:49 2012",
            "order_id": "T310057828729"
        }
    ]
}