{
    "doc_type": "user_profile",
    "personal_details": {
        "age": 25,
        "display_name": "Jeanna Hudson",
        "email": "Jeanna.Hudson@snailmail.com",
        "first_name": "Jeanna",
        "last_name": "Hudson",
        "state": "Washington"
    },
    "profile_details": {
        "last_login_time": "Mon Jul 22 12:58:49 2013",
        "loyalty": {
            "friends_referred": [],
            "loyalty_score": 6.068878331511169,
            "membership_type": "Silver",
            "redeemed_points": 1008,
            "reward_points": 72
        },
        "password": "Jeanna79",
        "prefs": {
            "promotion_category": [
                "Books"
            ],
            "promotion_email": true,
            "ui_language": "English",
            "ui_theme": "Planets"
        },
        "user_creation_time": "Mon Nov  5 12:58:49 2012",
        "user_id": "Jeanna_27958353"
    },
    "shipped_order_history": [
        {
            "order_datetime": "Tue Apr 16 12:58:49 2013",
            "order_id": "T860454493296"
        }
    ]
}