{
    "doc_type": "user_profile",
    "personal_details": {
        "age": 53,
        "display_name": "Jeanetta Garay",
        "email": "Jeanetta.Garay@snailmail.com",
        "first_name": "Jeanetta",
        "last_name": "Garay",
        "state": "Nevada"
    },
    "profile_details": {
        "last_login_time": "Thu Apr 18 12:58:49 2013",
        "loyalty": {
            "friends_referred": [],
            "loyalty_score": 2.752290128533917,
            "membership_type": "Basic",
            "redeemed_points": 24,
            "reward_points": 378
        },
        "password": "Jeanetta30",
        "prefs": {
            "promotion_category": [
                "Books"
            ],
            "promotion_email": true,
            "ui_language": "French",
            "ui_theme": "Planets"
        },
        "user_creation_time": "Wed Aug  1 12:58:49 2012",
        "user_id": "Jeanetta_95698212"
    },
    "search_history": [
        {
            "category": "Films",
            "sub-category": [
                "Foreign Films"
            ]
        },
        {
            "category": "Books",
            "sub-category": [
                "Humor",
                "NonFiction"
            ]
        },
        {
            "category": "Music",
            "sub-category": [
                "Broadway and Vocal",
                "Jazz",
                "Pop Music"
            ]
        }
    ],
    "shipped_order_history": [
        {
            "order_datetime": "Wed Nov 14 12:58:49 2012",
            "order_id": "T622862909090"
        }
    ]
}