{
    "doc_type": "user_profile",
    "personal_details": {
        "age": 23,
        "display_name": "Jeana Matheny",
        "email": "Jeana.Matheny@snailmail.com",
        "first_name": "Jeana",
        "last_name": "Matheny",
        "state": "Massachusetts"
    },
    "profile_details": {
        "last_login_time": "Tue Apr  2 12:58:49 2013",
        "loyalty": {
            "friends_referred": [],
            "loyalty_score": 2.2126624158153585,
            "membership_type": "Basic",
            "redeemed_points": 270,
            "reward_points": 234
        },
        "password": "Jeana13",
        "prefs": {
            "promotion_category": [
                "Books",
                "Music"
            ],
            "promotion_email": true,
            "ui_language": "German",
            "ui_theme": "Tree Tops"
        },
        "user_creation_time": "Sat Oct 15 12:58:49 2011",
        "user_id": "Jeana_97862231"
    },
    "search_history": [
        {
            "category": "Films",
            "sub-category": [
                "Foreign Films"
            ]
        },
        {
            "category": "Books",
            "sub-category": [
                "Religion",
                "NonFiction"
            ]
        },
        {
            "category": "Music",
            "sub-category": [
                "Blues and Folk",
                "Country Music"
            ]
        }
    ],
    "shipped_order_history": [
        {
            "order_datetime": "Tue Nov 29 12:58:49 2011",
            "order_id": "T450666509837"
        },
        {
            "order_datetime": "Thu Sep 27 12:58:49 2012",
            "order_id": "T702668077554"
        }
    ]
}