{
    "doc_type": "user_profile",
    "personal_details": {
        "age": 54,
        "display_name": "Jeanine Grider",
        "email": "Jeanine.Grider@snailmail.com",
        "first_name": "Jeanine",
        "last_name": "Grider",
        "state": "South Carolina"
    },
    "profile_details": {
        "last_login_time": "Tue Aug  6 12:58:49 2013",
        "loyalty": {
            "friends_referred": [
                "Faith_33336293",
                "Carlee_15826052",
                "Barry_20735078"
            ],
            "loyalty_score": 9.501072024120793,
            "membership_type": "Platinum",
            "redeemed_points": 2295,
            "reward_points": 2403
        },
        "password": "Jeanine80",
        "prefs": {
            "promotion_category": [
                "Books"
            ],
            "promotion_email": true,
            "ui_language": "Spanish",
            "ui_theme": "Beach"
        },
        "user_creation_time": "Mon May  6 12:58:49 2013",
        "user_id": "Jeanine_92594719"
    },
    "search_history": [
        {
            "category": "Films",
            "sub-category": [
                "Classic Films"
            ]
        },
        {
            "category": "Books",
            "sub-category": [
                "History"
            ]
        },
        {
            "category": "Music",
            "sub-category": [
                "Broadway and Vocal"
            ]
        }
    ],
    "shipped_order_history": [
        {
            "order_datetime": "Fri May 31 12:58:49 2013",
            "order_id": "T823352911042"
        }
    ]
}