{
    "doc_type": "user_profile",
    "personal_details": {
        "age": 57,
        "display_name": "Jefferey Macdonald",
        "email": "Jefferey.Macdonald@snailmail.com",
        "first_name": "Jefferey",
        "last_name": "Macdonald",
        "state": "Indiana"
    },
    "profile_details": {
        "last_login_time": "Wed Jul 24 12:58:49 2013",
        "loyalty": {
            "friends_referred": [
                "Valene_54838894",
                "Patrica_49528834"
            ],
            "loyalty_score": 7.978774192135099,
            "membership_type": "Gold",
            "redeemed_points": 1113,
            "reward_points": 819
        },
        "password": "Jefferey64",
        "prefs": {
            "promotion_category": [
                "Books",
                "Music",
                "Films"
            ],
            "promotion_email": true,
            "ui_language": "English",
            "ui_theme": "Mountains"
        },
        "user_creation_time": "Tue May 14 12:58:49 2013",
        "user_id": "Jefferey_95863911"
    },
    "search_history": [
        {
            "category": "Films",
            "sub-category": [
                "Foreign Films",
                "Drama"
            ]
        }
    ],
    "shipped_order_history": [
        {
            "order_datetime": "Fri May 24 12:58:49 2013",
            "order_id": "T743947024747"
        },
        {
            "order_datetime": "Thu May 16 12:58:49 2013",
            "order_id": "T428865623970"
        },
        {
            "order_datetime": "Sat May 18 12:58:49 2013",
            "order_id": "T643927767922"
        },
        {
            "order_datetime": "Mon Jun 24 12:58:49 2013",
            "order_id": "T252846852200"
        },
        {
            "order_datetime": "Thu Jun 13 12:58:49 2013",
            "order_id": "T401057212304"
        }
    ]
}