{
    "doc_type": "user_profile",
    "personal_details": {
        "age": 46,
        "display_name": "Jen Ham",
        "email": "Jen.Ham@snailmail.com",
        "first_name": "Jen",
        "last_name": "Ham",
        "state": "Oklahoma"
    },
    "profile_details": {
        "last_login_time": "Thu Apr 11 12:58:49 2013",
        "loyalty": {
            "friends_referred": [],
            "loyalty_score": 4.524402387391129,
            "membership_type": "Silver",
            "redeemed_points": 1008,
            "reward_points": 492
        },
        "password": "Jen35",
        "prefs": {
            "promotion_category": [
                "Books",
                "Music",
                "Films"
            ],
            "promotion_email": true,
            "ui_language": "Spanish",
            "ui_theme": "Mountains"
        },
        "user_creation_time": "Mon Jul 16 12:58:49 2012",
        "user_id": "Jen_5993294"
    },
    "shipped_order_history": [
        {
            "order_datetime": "Sat Dec  1 12:58:49 2012",
            "order_id": "T109240903946"
        },
        {
            "order_datetime": "Fri Oct 19 12:58:49 2012",
            "order_id": "T395327067533"
        }
    ]
}