{
    "doc_type": "user_profile",
    "personal_details": {
        "age": 45,
        "display_name": "Jenell Hoyle",
        "email": "Jenell.Hoyle@snailmail.com",
        "first_name": "Jenell",
        "last_name": "Hoyle",
        "state": "West Virginia"
    },
    "profile_details": {
        "last_login_time": "Thu Jun  6 12:58:49 2013",
        "loyalty": {
            "friends_referred": [],
            "loyalty_score": 5.351402205322212,
            "membership_type": "Silver",
            "redeemed_points": 1365,
            "reward_points": 465
        },
        "password": "Jenell36",
        "prefs": {
            "promotion_category": [
                "Books",
                "Music",
                "Films"
            ],
            "promotion_email": true,
            "ui_language": "Spanish",
            "ui_theme": "Planets"
        },
        "user_creation_time": "Tue Aug 28 12:58:49 2012",
        "user_id": "Jenell_40955754"
    },
    "search_history": [
        {
            "category": "Films",
            "sub-category": [
                "Classic Films"
            ]
        },
        {
            "category": "Books",
            "sub-category": [
                "History"
            ]
        }
    ],
    "shipped_order_history": [
        {
            "order_datetime": "Wed May 15 12:58:49 2013",
            "order_id": "T634057791553"
        },
        {
            "order_datetime": "Sun Apr  7 12:58:49 2013",
            "order_id": "T293025719844"
        }
    ]
}