{
    "doc_type": "user_profile",
    "personal_details": {
        "age": 59,
        "display_name": "Jerald Wren",
        "email": "Jerald.Wren@snailmail.com",
        "first_name": "Jerald",
        "last_name": "Wren",
        "state": "New Hampshire"
    },
    "profile_details": {
        "last_login_time": "Sun Jan 27 12:58:49 2013",
        "loyalty": {
            "friends_referred": [],
            "loyalty_score": 3.636879844099097,
            "membership_type": "Basic",
            "redeemed_points": 180,
            "reward_points": 477
        },
        "password": "Jerald37",
        "prefs": {
            "promotion_category": [
                "Books"
            ],
            "promotion_email": true,
            "ui_language": "Spanish",
            "ui_theme": "Wood"
        },
        "user_creation_time": "Sat Apr 21 12:58:49 2012",
        "user_id": "Jerald_65547072"
    },
    "search_history": [
        {
            "category": "Films",
            "sub-category": [
                "Classic Films",
                "Documentary"
            ]
        },
        {
            "category": "Books",
            "sub-category": [
                "Humor",
                "Travel",
                "Diet & Health"
            ]
        },
        {
            "category": "Music",
            "sub-category": [
                "Classical Music",
                "Jazz",
                "New Age"
            ]
        }
    ],
    "shipped_order_history": [
        {
            "order_datetime": "Tue Nov 20 12:58:49 2012",
            "order_id": "T130441925637"
        }
    ]
}