{
    "doc_type": "user_profile",
    "personal_details": {
        "age": 16,
        "display_name": "Jerrie Thorpe",
        "email": "Jerrie.Thorpe@snailmail.com",
        "first_name": "Jerrie",
        "last_name": "Thorpe",
        "state": "West Virginia"
    },
    "profile_details": {
        "last_login_time": "Sun Jan 13 12:58:49 2013",
        "loyalty": {
            "friends_referred": [
                "Emely_34696659",
                "Kandy_95576758",
                "Emmy_53007409"
            ],
            "loyalty_score": 8.041154453359498,
            "membership_type": "Gold",
            "redeemed_points": 1440,
            "reward_points": 2352
        },
        "password": "Jerrie76",
        "prefs": {
            "promotion_category": [
                "Books",
                "Music",
                "Films"
            ],
            "promotion_email": true,
            "ui_language": "English",
            "ui_theme": "Grafitti"
        },
        "user_creation_time": "Mon Jul 25 12:58:49 2011",
        "user_id": "Jerrie_27501196"
    },
    "search_history": [
        {
            "category": "Films",
            "sub-category": [
                "Animation"
            ]
        },
        {
            "category": "Books",
            "sub-category": [
                "Humor",
                "Travel",
                "Home & Garden"
            ]
        },
        {
            "category": "Music",
            "sub-category": [
                "Classical Music"
            ]
        }
    ],
    "shipped_order_history": [
        {
            "order_datetime": "Sun Jan  6 12:58:49 2013",
            "order_id": "T444241492315"
        },
        {
            "order_datetime": "Fri Nov 18 12:58:49 2011",
            "order_id": "T345730517702"
        },
        {
            "order_datetime": "Fri Sep 23 12:58:49 2011",
            "order_id": "T308060048461"
        },
        {
            "order_datetime": "Tue Sep 11 12:58:49 2012",
            "order_id": "T840955687322"
        },
        {
            "order_datetime": "Fri Sep  2 12:58:49 2011",
            "order_id": "T956333401875"
        }
    ]
}