{
    "doc_type": "user_profile",
    "personal_details": {
        "age": 40,
        "display_name": "Jesse Stoddard",
        "email": "Jesse.Stoddard@snailmail.com",
        "first_name": "Jesse",
        "last_name": "Stoddard",
        "state": "Nevada"
    },
    "profile_details": {
        "last_login_time": "Mon Jul  1 12:58:49 2013",
        "loyalty": {
            "friends_referred": [
                "Carlos_80462943"
            ],
            "loyalty_score": 9.079903042735836,
            "membership_type": "Platinum",
            "redeemed_points": 297,
            "reward_points": 1755
        },
        "password": "Jesse95",
        "prefs": {
            "promotion_email": false,
            "ui_language": "French",
            "ui_theme": "Tree Tops"
        },
        "user_creation_time": "Sun Oct 21 12:58:49 2012",
        "user_id": "Jesse_73801883"
    },
    "search_history": [
        {
            "category": "Films",
            "sub-category": [
                "Classic Films",
                "Drama",
                "Fitness / Instructional"
            ]
        }
    ],
    "shipped_order_history": [
        {
            "order_datetime": "Fri Nov 30 12:58:49 2012",
            "order_id": "T315048818510"
        },
        {
            "order_datetime": "Tue Oct 30 12:58:49 2012",
            "order_id": "T545531577194"
        },
        {
            "order_datetime": "Sat Mar 16 12:58:49 2013",
            "order_id": "T996552709277"
        },
        {
            "order_datetime": "Tue Mar  5 12:58:49 2013",
            "order_id": "T510960245822"
        },
        {
            "order_datetime": "Wed Mar  6 12:58:49 2013",
            "order_id": "T211238846060"
        },
        {
            "order_datetime": "Fri Apr 19 12:58:49 2013",
            "order_id": "T400321802856"
        }
    ]
}