{
    "doc_type": "user_profile",
    "personal_details": {
        "age": 33,
        "display_name": "Jess Cade",
        "email": "Jess.Cade@snailmail.com",
        "first_name": "Jess",
        "last_name": "Cade",
        "state": "Illinois"
    },
    "profile_details": {
        "last_login_time": "Tue Jul 23 12:58:49 2013",
        "loyalty": {
            "friends_referred": [],
            "loyalty_score": 1.6296720032412926,
            "membership_type": "Basic",
            "redeemed_points": 285,
            "reward_points": 78
        },
        "password": "Jess49",
        "prefs": {
            "promotion_email": false,
            "ui_language": "Spanish",
            "ui_theme": "Wood"
        },
        "user_creation_time": "Tue Mar 26 12:58:49 2013",
        "user_id": "Jess_45178885"
    },
    "shipped_order_history": []
}