{
    "doc_type": "user_profile",
    "personal_details": {
        "age": 54,
        "display_name": "Jessenia Scanlon",
        "email": "Jessenia.Scanlon@snailmail.com",
        "first_name": "Jessenia",
        "last_name": "Scanlon",
        "state": "Pennsylvania"
    },
    "profile_details": {
        "last_login_time": "Sun May  5 12:58:49 2013",
        "loyalty": {
            "friends_referred": [],
            "loyalty_score": 1.5954857855981963,
            "membership_type": "Basic",
            "redeemed_points": 234,
            "reward_points": 48
        },
        "password": "Jessenia88",
        "prefs": {
            "promotion_category": [
                "Books",
                "Music"
            ],
            "promotion_email": true,
            "ui_language": "German",
            "ui_theme": "Wood"
        },
        "user_creation_time": "Mon Jun  4 12:58:49 2012",
        "user_id": "Jessenia_30347557"
    },
    "shipped_order_history": []
}