{
    "doc_type": "user_profile",
    "personal_details": {
        "age": 54,
        "display_name": "Jessica Eller",
        "email": "Jessica.Eller@snailmail.com",
        "first_name": "Jessica",
        "last_name": "Eller",
        "state": "Florida"
    },
    "profile_details": {
        "last_login_time": "Tue Jun 25 12:58:49 2013",
        "loyalty": {
            "friends_referred": [],
            "loyalty_score": 2.851314680497552,
            "membership_type": "Basic",
            "redeemed_points": 468,
            "reward_points": 456
        },
        "password": "Jessica81",
        "prefs": {
            "promotion_email": false,
            "ui_language": "French",
            "ui_theme": "Mountains"
        },
        "user_creation_time": "Mon Feb 14 12:58:49 2011",
        "user_id": "Jessica_12349997"
    },
    "search_history": [
        {
            "category": "Films",
            "sub-category": [
                "Animation"
            ]
        }
    ],
    "shipped_order_history": [
        {
            "order_datetime": "Thu Apr  4 12:58:49 2013",
            "order_id": "T913343658456"
        }
    ]
}