{
    "doc_type": "user_profile",
    "personal_details": {
        "age": 54,
        "display_name": "Jewell Moon",
        "email": "Jewell.Moon@snailmail.com",
        "first_name": "Jewell",
        "last_name": "Moon",
        "state": "Minnesota"
    },
    "profile_details": {
        "last_login_time": "Thu Jan 31 12:58:49 2013",
        "loyalty": {
            "friends_referred": [],
            "loyalty_score": 5.925603180661869,
            "membership_type": "Silver",
            "redeemed_points": 765,
            "reward_points": 345
        },
        "password": "Jewell16",
        "prefs": {
            "promotion_email": false,
            "ui_language": "English",
            "ui_theme": "Ocean"
        },
        "user_creation_time": "Sat Jun 11 12:58:49 2011",
        "user_id": "Jewell_90626497"
    },
    "search_history": [
        {
            "category": "Films",
            "sub-category": [
                "Classic Films",
                "Documentary",
                "Music & Musicals"
            ]
        },
        {
            "category": "Books",
            "sub-category": [
                "Religion",
                "Travel",
                "Sports & Adventure"
            ]
        }
    ],
    "shipped_order_history": [
        {
            "order_datetime": "Tue Dec 13 12:58:49 2011",
            "order_id": "T510252852330"
        }
    ]
}