{
    "doc_type": "user_profile",
    "personal_details": {
        "age": 30,
        "display_name": "Jillian Oconner",
        "email": "Jillian.Oconner@snailmail.com",
        "first_name": "Jillian",
        "last_name": "Oconner",
        "state": "Massachusetts"
    },
    "profile_details": {
        "last_login_time": "Mon May 27 12:58:49 2013",
        "loyalty": {
            "friends_referred": [
                "Kaley_67986194"
            ],
            "loyalty_score": 9.372571997151638,
            "membership_type": "Platinum",
            "redeemed_points": 837,
            "reward_points": 999
        },
        "password": "Jillian20",
        "prefs": {
            "promotion_category": [
                "Books",
                "Music"
            ],
            "promotion_email": true,
            "ui_language": "French",
            "ui_theme": "Planets"
        },
        "user_creation_time": "Sat Aug  4 12:58:49 2012",
        "user_id": "Jillian_73941282"
    },
    "search_history": [
        {
            "category": "Films",
            "sub-category": [
                "Classic Films"
            ]
        },
        {
            "category": "Books",
            "sub-category": [
                "Religion",
                "Travel"
            ]
        }
    ],
    "shipped_order_history": [
        {
            "order_datetime": "Sat Sep 22 12:58:49 2012",
            "order_id": "T541051705436"
        },
        {
            "order_datetime": "Mon Apr  8 12:58:49 2013",
            "order_id": "T311460114151"
        },
        {
            "order_datetime": "Sat Aug 11 12:58:49 2012",
            "order_id": "T449654773129"
        },
        {
            "order_datetime": "Mon Aug 13 12:58:49 2012",
            "order_id": "T294138199278"
        },
        {
            "order_datetime": "Wed Nov  7 12:58:49 2012",
            "order_id": "T832046537281"
        },
        {
            "order_datetime": "Wed Oct 10 12:58:49 2012",
            "order_id": "T957234383067"
        },
        {
            "order_datetime": "Fri Nov 16 12:58:49 2012",
            "order_id": "T979651464484"
        },
        {
            "order_datetime": "Sun Dec  2 12:58:49 2012",
            "order_id": "T549369535906"
        }
    ]
}