{
    "doc_type": "user_profile",
    "personal_details": {
        "age": 40,
        "display_name": "Jim Sills",
        "email": "Jim.Sills@snailmail.com",
        "first_name": "Jim",
        "last_name": "Sills",
        "state": "Kansas"
    },
    "profile_details": {
        "last_login_time": "Mon Sep 16 12:58:49 2013",
        "loyalty": {
            "friends_referred": [
                "Violet_56557705"
            ],
            "loyalty_score": 7.721689361165475,
            "membership_type": "Gold",
            "redeemed_points": 1302,
            "reward_points": 1008
        },
        "password": "Jim65",
        "prefs": {
            "promotion_category": [
                "Books"
            ],
            "promotion_email": true,
            "ui_language": "English",
            "ui_theme": "Mountains"
        },
        "user_creation_time": "Tue Jul 23 12:58:49 2013",
        "user_id": "Jim_71284336"
    },
    "search_history": [
        {
            "category": "Films",
            "sub-category": [
                "Animation",
                "Drama"
            ]
        }
    ],
    "shipped_order_history": [
        {
            "order_datetime": "Mon Aug  5 12:58:49 2013",
            "order_id": "T261059859480"
        },
        {
            "order_datetime": "Fri Aug 23 12:58:49 2013",
            "order_id": "T952443836239"
        },
        {
            "order_datetime": "Wed Jul 24 12:58:49 2013",
            "order_id": "T904551562837"
        },
        {
            "order_datetime": "Sun Sep  8 12:58:49 2013",
            "order_id": "T861038841351"
        },
        {
            "order_datetime": "Thu Aug  1 12:58:49 2013",
            "order_id": "T511449575900"
        },
        {
            "order_datetime": "Wed Jul 24 12:58:49 2013",
            "order_id": "T211344668526"
        }
    ]
}