{
    "doc_type": "user_profile",
    "personal_details": {
        "age": 26,
        "display_name": "Jim Frazer",
        "email": "Jim.Frazer@snailmail.com",
        "first_name": "Jim",
        "last_name": "Frazer",
        "state": "Maine"
    },
    "profile_details": {
        "last_login_time": "Sat Jan 19 12:58:49 2013",
        "loyalty": {
            "friends_referred": [],
            "loyalty_score": 3.05283168388514,
            "membership_type": "Basic",
            "redeemed_points": 783,
            "reward_points": 801
        },
        "password": "Jim33",
        "prefs": {
            "promotion_category": [
                "Books"
            ],
            "promotion_email": true,
            "ui_language": "Spanish",
            "ui_theme": "Wood"
        },
        "user_creation_time": "Sun Mar  6 12:58:49 2011",
        "user_id": "Jim_59371698"
    },
    "search_history": [
        {
            "category": "Films",
            "sub-category": [
                "Animation",
                "Documentary"
            ]
        }
    ],
    "shipped_order_history": [
        {
            "order_datetime": "Fri Mar  2 12:58:49 2012",
            "order_id": "T982741038601"
        },
        {
            "order_datetime": "Mon May 21 12:58:49 2012",
            "order_id": "T951765078360"
        },
        {
            "order_datetime": "Thu May 17 12:58:49 2012",
            "order_id": "T926858485055"
        }
    ]
}