{
    "doc_type": "user_profile",
    "personal_details": {
        "age": 20,
        "display_name": "Jin Gilliam",
        "email": "Jin.Gilliam@snailmail.com",
        "first_name": "Jin",
        "last_name": "Gilliam",
        "state": "Minnesota"
    },
    "profile_details": {
        "last_login_time": "Wed Jul 10 12:58:49 2013",
        "loyalty": {
            "friends_referred": [],
            "loyalty_score": 2.31070511351965,
            "membership_type": "Basic",
            "redeemed_points": 318,
            "reward_points": 306
        },
        "password": "Jin17",
        "prefs": {
            "promotion_category": [
                "Books"
            ],
            "promotion_email": true,
            "ui_language": "French",
            "ui_theme": "Grafitti"
        },
        "user_creation_time": "Fri Jan  7 12:58:49 2011",
        "user_id": "Jin_45444875"
    },
    "search_history": [
        {
            "category": "Films",
            "sub-category": [
                "Animation",
                "Comedy"
            ]
        },
        {
            "category": "Books",
            "sub-category": [
                "Religion"
            ]
        }
    ],
    "shipped_order_history": [
        {
            "order_datetime": "Fri Mar 22 12:58:49 2013",
            "order_id": "T863920463230"
        },
        {
            "order_datetime": "Fri Nov 11 12:58:49 2011",
            "order_id": "T766722717853"
        }
    ]
}