{
    "doc_type": "user_profile",
    "personal_details": {
        "age": 52,
        "display_name": "Jo Cullen",
        "email": "Jo.Cullen@snailmail.com",
        "first_name": "Jo",
        "last_name": "Cullen",
        "state": "Idaho"
    },
    "profile_details": {
        "last_login_time": "Wed Jun  5 12:58:49 2013",
        "loyalty": {
            "friends_referred": [],
            "loyalty_score": 4.600262230251878,
            "membership_type": "Silver",
            "redeemed_points": 96,
            "reward_points": 456
        },
        "password": "Jo61",
        "prefs": {
            "promotion_category": [
                "Books",
                "Music"
            ],
            "promotion_email": true,
            "ui_language": "German",
            "ui_theme": "Tree Tops"
        },
        "user_creation_time": "Thu Oct 11 12:58:49 2012",
        "user_id": "Jo_86701434"
    },
    "search_history": [
        {
            "category": "Films",
            "sub-category": [
                "Foreign Films"
            ]
        }
    ],
    "shipped_order_history": [
        {
            "order_datetime": "Mon Nov 26 12:58:49 2012",
            "order_id": "T685964076477"
        },
        {
            "order_datetime": "Sun Dec 16 12:58:49 2012",
            "order_id": "T513720186950"
        }
    ]
}