{
    "doc_type": "user_profile",
    "personal_details": {
        "age": 24,
        "display_name": "Jody Lo",
        "email": "Jody.Lo@snailmail.com",
        "first_name": "Jody",
        "last_name": "Lo",
        "state": "New York"
    },
    "profile_details": {
        "last_login_time": "Sun Nov 25 12:58:49 2012",
        "loyalty": {
            "friends_referred": [],
            "loyalty_score": 6.391826786630258,
            "membership_type": "Silver",
            "redeemed_points": 576,
            "reward_points": 522
        },
        "password": "Jody57",
        "prefs": {
            "promotion_category": [
                "Books",
                "Music",
                "Films"
            ],
            "promotion_email": true,
            "ui_language": "English",
            "ui_theme": "Wood"
        },
        "user_creation_time": "Wed Dec 28 12:58:49 2011",
        "user_id": "Jody_59583535"
    },
    "search_history": [
        {
            "category": "Films",
            "sub-category": [
                "Animation"
            ]
        },
        {
            "category": "Books",
            "sub-category": [
                "Humor"
            ]
        },
        {
            "category": "Music",
            "sub-category": [
                "Blues and Folk"
            ]
        }
    ],
    "shipped_order_history": [
        {
            "order_datetime": "Sun Sep  2 12:58:49 2012",
            "order_id": "T836863928518"
        },
        {
            "order_datetime": "Mon Apr 30 12:58:49 2012",
            "order_id": "T494250309825"
        },
        {
            "order_datetime": "Fri Sep  7 12:58:49 2012",
            "order_id": "T947632342035"
        },
        {
            "order_datetime": "Fri Jan  6 12:58:49 2012",
            "order_id": "T231168131352"
        },
        {
            "order_datetime": "Fri Sep 14 12:58:49 2012",
            "order_id": "T909445088637"
        },
        {
            "order_datetime": "Wed Aug 29 12:58:49 2012",
            "order_id": "T875847314820"
        }
    ]
}