{
    "doc_type": "user_profile",
    "personal_details": {
        "age": 58,
        "display_name": "Joellen Hacker",
        "email": "Joellen.Hacker@snailmail.com",
        "first_name": "Joellen",
        "last_name": "Hacker",
        "state": "California"
    },
    "profile_details": {
        "last_login_time": "Sat Aug 25 12:58:49 2012",
        "loyalty": {
            "friends_referred": [],
            "loyalty_score": 0.5639132202506181,
            "membership_type": "Basic",
            "redeemed_points": 0,
            "reward_points": 0
        },
        "password": "Joellen20",
        "prefs": {
            "promotion_category": [
                "Books"
            ],
            "promotion_email": true,
            "ui_language": "Spanish",
            "ui_theme": "Tree Tops"
        },
        "user_creation_time": "Thu Mar  3 12:58:49 2011",
        "user_id": "Joellen_93862367"
    },
    "search_history": [
        {
            "category": "Films",
            "sub-category": [
                "Foreign Films",
                "Drama",
                "Sci-Fi, Fantasy & Horror"
            ]
        }
    ],
    "shipped_order_history": []
}