{
    "doc_type": "user_profile",
    "personal_details": {
        "age": 57,
        "display_name": "Joel Esquivel",
        "email": "Joel.Esquivel@snailmail.com",
        "first_name": "Joel",
        "last_name": "Esquivel",
        "state": "Michigan"
    },
    "profile_details": {
        "last_login_time": "Thu Sep 19 12:58:49 2013",
        "loyalty": {
            "friends_referred": [],
            "loyalty_score": 0.47674341399607356,
            "membership_type": "Basic",
            "redeemed_points": 0,
            "reward_points": 0
        },
        "password": "Joel50",
        "prefs": {
            "promotion_category": [
                "Books"
            ],
            "promotion_email": true,
            "ui_language": "English",
            "ui_theme": "Pebbles"
        },
        "user_creation_time": "Tue Jun 12 12:58:49 2012",
        "user_id": "Joel_60731909"
    },
    "search_history": [
        {
            "category": "Films",
            "sub-category": [
                "Classic Films",
                "Comedy"
            ]
        },
        {
            "category": "Books",
            "sub-category": [
                "History"
            ]
        },
        {
            "category": "Music",
            "sub-category": [
                "Classical Music",
                "Kid's Music",
                "Pop Music"
            ]
        }
    ],
    "shipped_order_history": []
}