{
    "doc_type": "user_profile",
    "personal_details": {
        "age": 15,
        "display_name": "Joella Cyr",
        "email": "Joella.Cyr@snailmail.com",
        "first_name": "Joella",
        "last_name": "Cyr",
        "state": "Virginia"
    },
    "profile_details": {
        "last_login_time": "Tue May 28 12:58:49 2013",
        "loyalty": {
            "friends_referred": [
                "Emelda_29649773"
            ],
            "loyalty_score": 9.142933503069147,
            "membership_type": "Platinum",
            "redeemed_points": 972,
            "reward_points": 2376
        },
        "password": "Joella24",
        "prefs": {
            "promotion_category": [
                "Books",
                "Music"
            ],
            "promotion_email": true,
            "ui_language": "German",
            "ui_theme": "Wood"
        },
        "user_creation_time": "Sat Dec 29 12:58:49 2012",
        "user_id": "Joella_94404003"
    },
    "shipped_order_history": [
        {
            "order_datetime": "Sat Feb 16 12:58:49 2013",
            "order_id": "T243168235555"
        },
        {
            "order_datetime": "Fri Feb  8 12:58:49 2013",
            "order_id": "T882635029471"
        }
    ]
}