{
    "doc_type": "user_profile",
    "personal_details": {
        "age": 58,
        "display_name": "Joesph Hoang",
        "email": "Joesph.Hoang@snailmail.com",
        "first_name": "Joesph",
        "last_name": "Hoang",
        "state": "Illinois"
    },
    "profile_details": {
        "last_login_time": "Wed May  8 12:58:49 2013",
        "loyalty": {
            "friends_referred": [],
            "loyalty_score": 2.160244343597185,
            "membership_type": "Basic",
            "redeemed_points": 552,
            "reward_points": 384
        },
        "password": "Joesph95",
        "prefs": {
            "promotion_email": false,
            "ui_language": "German",
            "ui_theme": "Wood"
        },
        "user_creation_time": "Sun Jul  1 12:58:49 2012",
        "user_id": "Joesph_2542194"
    },
    "search_history": [
        {
            "category": "Films",
            "sub-category": [
                "Foreign Films",
                "Comedy"
            ]
        }
    ],
    "shipped_order_history": [
        {
            "order_datetime": "Sun Sep  9 12:58:49 2012",
            "order_id": "T515035282035"
        },
        {
            "order_datetime": "Thu Apr 25 12:58:49 2013",
            "order_id": "T651163461219"
        }
    ]
}