{
    "doc_type": "user_profile",
    "personal_details": {
        "age": 34,
        "display_name": "John Malloy",
        "email": "John.Malloy@snailmail.com",
        "first_name": "John",
        "last_name": "Malloy",
        "state": "North Carolina"
    },
    "profile_details": {
        "last_login_time": "Fri May 10 12:58:49 2013",
        "loyalty": {
            "friends_referred": [
                "Rosy_3824744"
            ],
            "loyalty_score": 9.65545730884363,
            "membership_type": "Platinum",
            "redeemed_points": 1485,
            "reward_points": 837
        },
        "password": "John81",
        "prefs": {
            "promotion_category": [
                "Books",
                "Music",
                "Films"
            ],
            "promotion_email": true,
            "ui_language": "French",
            "ui_theme": "Wood"
        },
        "user_creation_time": "Sun Jan 16 12:58:49 2011",
        "user_id": "John_6897734"
    },
    "search_history": [
        {
            "category": "Films",
            "sub-category": [
                "Animation",
                "Documentary",
                "Fitness / Instructional"
            ]
        },
        {
            "category": "Books",
            "sub-category": [
                "Humor"
            ]
        },
        {
            "category": "Music",
            "sub-category": [
                "Classical Music",
                "Jazz",
                "Pop Music"
            ]
        }
    ],
    "shipped_order_history": [
        {
            "order_datetime": "Mon Jul 25 12:58:49 2011",
            "order_id": "T407960944899"
        },
        {
            "order_datetime": "Tue Mar 26 12:58:49 2013",
            "order_id": "T717658499180"
        },
        {
            "order_datetime": "Fri Dec  2 12:58:49 2011",
            "order_id": "T378263117591"
        },
        {
            "order_datetime": "Sat Aug 25 12:58:49 2012",
            "order_id": "T296730767789"
        },
        {
            "order_datetime": "Wed Aug 10 12:58:49 2011",
            "order_id": "T166566694585"
        },
        {
            "order_datetime": "Wed Jun 27 12:58:49 2012",
            "order_id": "T264367066370"
        }
    ]
}