{
    "doc_type": "user_profile",
    "personal_details": {
        "age": 59,
        "display_name": "Johnnie Martz",
        "email": "Johnnie.Martz@snailmail.com",
        "first_name": "Johnnie",
        "last_name": "Martz",
        "state": "North Dakota"
    },
    "profile_details": {
        "last_login_time": "Thu Apr 25 12:58:49 2013",
        "loyalty": {
            "friends_referred": [
                "Savanna_30781728",
                "Curt_5968651"
            ],
            "loyalty_score": 7.978778396226551,
            "membership_type": "Gold",
            "redeemed_points": 147,
            "reward_points": 672
        },
        "password": "Johnnie58",
        "prefs": {
            "promotion_category": [
                "Books"
            ],
            "promotion_email": true,
            "ui_language": "German",
            "ui_theme": "Mountains"
        },
        "user_creation_time": "Sun Jul 15 12:58:49 2012",
        "user_id": "Johnnie_13839096"
    },
    "search_history": [
        {
            "category": "Films",
            "sub-category": [
                "Animation"
            ]
        }
    ],
    "shipped_order_history": [
        {
            "order_datetime": "Sat Mar  9 12:58:49 2013",
            "order_id": "T963837496816"
        },
        {
            "order_datetime": "Thu Dec  6 12:58:49 2012",
            "order_id": "T155644822680"
        },
        {
            "order_datetime": "Tue Feb 12 12:58:49 2013",
            "order_id": "T624837292258"
        },
        {
            "order_datetime": "Thu Apr 11 12:58:49 2013",
            "order_id": "T130641992676"
        }
    ]
}