{
    "doc_type": "user_profile",
    "personal_details": {
        "age": 20,
        "display_name": "Johnna Romano",
        "email": "Johnna.Romano@snailmail.com",
        "first_name": "Johnna",
        "last_name": "Romano",
        "state": "Florida"
    },
    "profile_details": {
        "last_login_time": "Wed Jun 19 12:58:49 2013",
        "loyalty": {
            "friends_referred": [],
            "loyalty_score": 4.572114627586825,
            "membership_type": "Silver",
            "redeemed_points": 540,
            "reward_points": 420
        },
        "password": "Johnna84",
        "prefs": {
            "promotion_category": [
                "Books",
                "Music",
                "Films"
            ],
            "promotion_email": true,
            "ui_language": "German",
            "ui_theme": "Beach"
        },
        "user_creation_time": "Fri Apr 29 12:58:49 2011",
        "user_id": "Johnna_71527098"
    },
    "shipped_order_history": [
        {
            "order_datetime": "Mon Mar  4 12:58:49 2013",
            "order_id": "T683742507437"
        },
        {
            "order_datetime": "Tue Sep 27 12:58:49 2011",
            "order_id": "T835057342516"
        },
        {
            "order_datetime": "Mon Jan 14 12:58:49 2013",
            "order_id": "T242147363365"
        },
        {
            "order_datetime": "Wed Aug 31 12:58:49 2011",
            "order_id": "T315529209196"
        }
    ]
}