{
    "doc_type": "user_profile",
    "personal_details": {
        "age": 39,
        "display_name": "Johnny Houser",
        "email": "Johnny.Houser@snailmail.com",
        "first_name": "Johnny",
        "last_name": "Houser",
        "state": "Maryland"
    },
    "profile_details": {
        "last_login_time": "Mon Dec 10 12:58:49 2012",
        "loyalty": {
            "friends_referred": [],
            "loyalty_score": 2.7129945005355194,
            "membership_type": "Basic",
            "redeemed_points": 246,
            "reward_points": 516
        },
        "password": "Johnny23",
        "prefs": {
            "promotion_email": false,
            "ui_language": "German",
            "ui_theme": "Mountains"
        },
        "user_creation_time": "Fri Jan 14 12:58:49 2011",
        "user_id": "Johnny_51092767"
    },
    "shipped_order_history": [
        {
            "order_datetime": "Fri Sep 14 12:58:49 2012",
            "order_id": "T734727874410"
        }
    ]
}