{
    "doc_type": "user_profile",
    "personal_details": {
        "age": 40,
        "display_name": "Joi Robson",
        "email": "Joi.Robson@snailmail.com",
        "first_name": "Joi",
        "last_name": "Robson",
        "state": "North Carolina"
    },
    "profile_details": {
        "last_login_time": "Wed Jan 23 12:58:49 2013",
        "loyalty": {
            "friends_referred": [],
            "loyalty_score": 1.2370704109848718,
            "membership_type": "Basic",
            "redeemed_points": 162,
            "reward_points": 90
        },
        "password": "Joi33",
        "prefs": {
            "promotion_category": [
                "Books"
            ],
            "promotion_email": true,
            "ui_language": "English",
            "ui_theme": "Grafitti"
        },
        "user_creation_time": "Tue Apr 17 12:58:49 2012",
        "user_id": "Joi_63944028"
    },
    "search_history": [
        {
            "category": "Films",
            "sub-category": [
                "Classic Films",
                "Drama"
            ]
        },
        {
            "category": "Books",
            "sub-category": [
                "Humor",
                "Travel",
                "Home & Garden"
            ]
        },
        {
            "category": "Music",
            "sub-category": [
                "Blues and Folk",
                "Kid's Music",
                "New Age"
            ]
        }
    ],
    "shipped_order_history": []
}