{
    "doc_type": "user_profile",
    "personal_details": {
        "age": 46,
        "display_name": "Jonelle Gillen",
        "email": "Jonelle.Gillen@snailmail.com",
        "first_name": "Jonelle",
        "last_name": "Gillen",
        "state": "Missouri"
    },
    "profile_details": {
        "last_login_time": "Thu Aug 22 12:58:49 2013",
        "loyalty": {
            "friends_referred": [],
            "loyalty_score": 0.9571143271051319,
            "membership_type": "Basic",
            "redeemed_points": 0,
            "reward_points": 0
        },
        "password": "Jonelle22",
        "prefs": {
            "promotion_category": [
                "Books",
                "Music",
                "Films"
            ],
            "promotion_email": true,
            "ui_language": "Spanish",
            "ui_theme": "Tree Tops"
        },
        "user_creation_time": "Thu Feb  2 12:58:49 2012",
        "user_id": "Jonelle_3164221"
    },
    "search_history": [
        {
            "category": "Films",
            "sub-category": [
                "Classic Films",
                "Comedy",
                "Music & Musicals"
            ]
        },
        {
            "category": "Books",
            "sub-category": [
                "Religion",
                "NonFiction"
            ]
        },
        {
            "category": "Music",
            "sub-category": [
                "Blues and Folk"
            ]
        }
    ],
    "shipped_order_history": []
}