{
    "doc_type": "user_profile",
    "personal_details": {
        "age": 29,
        "display_name": "Joni Levin",
        "email": "Joni.Levin@snailmail.com",
        "first_name": "Joni",
        "last_name": "Levin",
        "state": "South Carolina"
    },
    "profile_details": {
        "last_login_time": "Thu Sep 19 12:58:49 2013",
        "loyalty": {
            "friends_referred": [
                "Anja_70314781"
            ],
            "loyalty_score": 6.603478847137872,
            "membership_type": "Silver",
            "redeemed_points": 1746,
            "reward_points": 666
        },
        "password": "Joni99",
        "prefs": {
            "promotion_email": false,
            "ui_language": "French",
            "ui_theme": "Mountains"
        },
        "user_creation_time": "Tue Sep  3 12:58:49 2013",
        "user_id": "Joni_51495017"
    },
    "shipped_order_history": [
        {
            "order_datetime": "Fri Sep  6 12:58:49 2013",
            "order_id": "T921559168347"
        },
        {
            "order_datetime": "Thu Sep 12 12:58:49 2013",
            "order_id": "T113068723470"
        },
        {
            "order_datetime": "Thu Sep 19 12:58:49 2013",
            "order_id": "T813035213872"
        },
        {
            "order_datetime": "Thu Sep 19 12:58:49 2013",
            "order_id": "T185643167085"
        },
        {
            "order_datetime": "Sun Sep  8 12:58:49 2013",
            "order_id": "T179920843087"
        },
        {
            "order_datetime": "Sun Sep  8 12:58:49 2013",
            "order_id": "T602567129392"
        }
    ]
}