{
    "doc_type": "user_profile",
    "personal_details": {
        "age": 60,
        "display_name": "Josette Schreiner",
        "email": "Josette.Schreiner@snailmail.com",
        "first_name": "Josette",
        "last_name": "Schreiner",
        "state": "Nebraska"
    },
    "profile_details": {
        "last_login_time": "Tue Sep 24 12:58:49 2013",
        "loyalty": {
            "friends_referred": [],
            "loyalty_score": 2.0430897837146675,
            "membership_type": "Basic",
            "redeemed_points": 564,
            "reward_points": 84
        },
        "password": "Josette36",
        "prefs": {
            "promotion_email": false,
            "ui_language": "Spanish",
            "ui_theme": "Mountains"
        },
        "user_creation_time": "Fri Aug 16 12:58:49 2013",
        "user_id": "Josette_19576444"
    },
    "search_history": [
        {
            "category": "Films",
            "sub-category": [
                "Classic Films",
                "Drama",
                "Music & Musicals"
            ]
        },
        {
            "category": "Books",
            "sub-category": [
                "Humor",
                "NonFiction",
                "Home & Garden"
            ]
        }
    ],
    "shipped_order_history": [
        {
            "order_datetime": "Mon Sep 16 12:58:49 2013",
            "order_id": "T745758987384"
        },
        {
            "order_datetime": "Wed Aug 28 12:58:49 2013",
            "order_id": "T203651877216"
        }
    ]
}