{
    "doc_type": "user_profile",
    "personal_details": {
        "age": 24,
        "display_name": "Joseph Felts",
        "email": "Joseph.Felts@snailmail.com",
        "first_name": "Joseph",
        "last_name": "Felts",
        "state": "New Jersey"
    },
    "profile_details": {
        "last_login_time": "Sat Aug 10 12:58:49 2013",
        "loyalty": {
            "friends_referred": [],
            "loyalty_score": 5.302150248736036,
            "membership_type": "Silver",
            "redeemed_points": 1485,
            "reward_points": 900
        },
        "password": "Joseph66",
        "prefs": {
            "promotion_email": false,
            "ui_language": "English",
            "ui_theme": "Tree Tops"
        },
        "user_creation_time": "Sat Jun 30 12:58:49 2012",
        "user_id": "Joseph_79144481"
    },
    "search_history": [
        {
            "category": "Films",
            "sub-category": [
                "Animation",
                "Comedy"
            ]
        },
        {
            "category": "Books",
            "sub-category": [
                "Religion",
                "NonFiction",
                "Diet & Health"
            ]
        }
    ],
    "shipped_order_history": [
        {
            "order_datetime": "Sun Mar  3 12:58:49 2013",
            "order_id": "T211168306935"
        }
    ]
}