{
    "doc_type": "user_profile",
    "personal_details": {
        "age": 55,
        "display_name": "Adaline Kimbrell",
        "email": "Adaline.Kimbrell@snailmail.com",
        "first_name": "Adaline",
        "last_name": "Kimbrell",
        "state": "Louisiana"
    },
    "profile_details": {
        "last_login_time": "Thu Nov  8 18:53:39 2012",
        "loyalty": {
            "friends_referred": [],
            "loyalty_score": 1.6823683333882444,
            "membership_type": "Basic",
            "redeemed_points": 48,
            "reward_points": 255
        },
        "password": "Adaline16",
        "prefs": {
            "promotion_email": false,
            "ui_language": "Spanish",
            "ui_theme": "Tree Tops"
        },
        "user_creation_time": "Sun Jun 26 18:53:39 2011",
        "user_id": "Adaline_67672807"
    },
    "search_history": [
        {
            "category": "Films",
            "sub-category": [
                "Classic Films",
                "Comedy"
            ]
        }
    ],
    "shipped_order_history": []
}