{
    "doc_type": "user_profile",
    "personal_details": {
        "age": 27,
        "display_name": "Amiee Benedict",
        "email": "Amiee.Benedict@snailmail.com",
        "first_name": "Amiee",
        "last_name": "Benedict",
        "state": "Delaware"
    },
    "profile_details": {
        "last_login_time": "Fri Jun 14 18:53:39 2013",
        "loyalty": {
            "friends_referred": [],
            "loyalty_score": 7.80647397913965,
            "membership_type": "Gold",
            "redeemed_points": 1680,
            "reward_points": 1659
        },
        "password": "Amiee64",
        "prefs": {
            "promotion_category": [
                "Books"
            ],
            "promotion_email": true,
            "ui_language": "English",
            "ui_theme": "Tree Tops"
        },
        "user_creation_time": "Fri Jul  1 18:53:39 2011",
        "user_id": "Amiee_7993471"
    },
    "search_history": [
        {
            "category": "Films",
            "sub-category": [
                "Classic Films",
                "Drama"
            ]
        },
        {
            "category": "Books",
            "sub-category": [
                "Religion",
                "NonFiction"
            ]
        }
    ],
    "shipped_order_history": [
        {
            "order_datetime": "Tue May 29 18:53:39 2012",
            "order_id": "T641254794533"
        },
        {
            "order_datetime": "Sun Jul 31 18:53:39 2011",
            "order_id": "T950266173752"
        },
        {
            "order_datetime": "Thu May 31 18:53:39 2012",
            "order_id": "T772851595562"
        },
        {
            "order_datetime": "Mon Aug  8 18:53:39 2011",
            "order_id": "T580741965822"
        }
    ]
}