{
    "doc_type": "user_profile",
    "personal_details": {
        "age": 36,
        "display_name": "Andrea Jaramillo",
        "email": "Andrea.Jaramillo@snailmail.com",
        "first_name": "Andrea",
        "last_name": "Jaramillo",
        "state": "California"
    },
    "profile_details": {
        "last_login_time": "Mon Jul 29 18:53:39 2013",
        "loyalty": {
            "friends_referred": [
                "Dorothea_44046955",
                "Fausto_60268264",
                "Denis_32248733"
            ],
            "loyalty_score": 8.25456286289642,
            "membership_type": "Gold",
            "redeemed_points": 384,
            "reward_points": 816
        },
        "password": "Andrea60",
        "prefs": {
            "promotion_category": [
                "Books",
                "Music"
            ],
            "promotion_email": true,
            "ui_language": "German",
            "ui_theme": "Beach"
        },
        "user_creation_time": "Sun Mar 25 18:53:39 2012",
        "user_id": "Andrea_28317556"
    },
    "search_history": [
        {
            "category": "Films",
            "sub-category": [
                "Foreign Films",
                "Documentary",
                "Music & Musicals"
            ]
        }
    ],
    "shipped_order_history": [
        {
            "order_datetime": "Sat Jan 26 18:53:39 2013",
            "order_id": "T236720831384"
        },
        {
            "order_datetime": "Sat Sep 22 18:53:39 2012",
            "order_id": "T279321819861"
        },
        {
            "order_datetime": "Tue Nov 13 18:53:39 2012",
            "order_id": "T344667619879"
        },
        {
            "order_datetime": "Fri Jul 26 18:53:39 2013",
            "order_id": "T293959878197"
        },
        {
            "order_datetime": "Wed Jun 19 18:53:39 2013",
            "order_id": "T546950011310"
        },
        {
            "order_datetime": "Fri Feb 15 18:53:39 2013",
            "order_id": "T440040305395"
        }
    ]
}