{
    "doc_type": "user_profile",
    "personal_details": {
        "age": 26,
        "display_name": "Carin Garay",
        "email": "Carin.Garay@snailmail.com",
        "first_name": "Carin",
        "last_name": "Garay",
        "state": "Texas"
    },
    "profile_details": {
        "last_login_time": "Sat Aug 10 18:53:39 2013",
        "loyalty": {
            "friends_referred": [],
            "loyalty_score": 5.955040243165188,
            "membership_type": "Silver",
            "redeemed_points": 720,
            "reward_points": 870
        },
        "password": "Carin20",
        "prefs": {
            "promotion_email": false,
            "ui_language": "English",
            "ui_theme": "Planets"
        },
        "user_creation_time": "Mon Feb 13 18:53:39 2012",
        "user_id": "Carin_66303336"
    },
    "search_history": [
        {
            "category": "Films",
            "sub-category": [
                "Classic Films",
                "Comedy"
            ]
        },
        {
            "category": "Books",
            "sub-category": [
                "Religion"
            ]
        },
        {
            "category": "Music",
            "sub-category": [
                "Broadway and Vocal",
                "Country Music",
                "Opera and Vocal"
            ]
        }
    ],
    "shipped_order_history": [
        {
            "order_datetime": "Wed Nov  7 18:53:39 2012",
            "order_id": "T788422224413"
        },
        {
            "order_datetime": "Fri Mar 15 18:53:39 2013",
            "order_id": "T906657403311"
        }
    ]
}