{
    "doc_type": "user_profile",
    "personal_details": {
        "age": 46,
        "display_name": "Clarine Cass",
        "email": "Clarine.Cass@snailmail.com",
        "first_name": "Clarine",
        "last_name": "Cass",
        "state": "Tennessee"
    },
    "profile_details": {
        "last_login_time": "Wed Dec 11 18:53:39 2013",
        "loyalty": {
            "friends_referred": [],
            "loyalty_score": 1.3280965269688316,
            "membership_type": "Basic",
            "redeemed_points": 15,
            "reward_points": 60
        },
        "password": "Clarine81",
        "prefs": {
            "promotion_email": false,
            "ui_language": "Spanish",
            "ui_theme": "Grafitti"
        },
        "user_creation_time": "Sun May  1 18:53:39 2011",
        "user_id": "Clarine_6651254"
    },
    "search_history": [
        {
            "category": "Films",
            "sub-category": [
                "Classic Films",
                "Drama"
            ]
        },
        {
            "category": "Books",
            "sub-category": [
                "Religion",
                "Travel"
            ]
        },
        {
            "category": "Music",
            "sub-category": [
                "Classical Music",
                "Country Music",
                "Opera and Vocal"
            ]
        }
    ],
    "shipped_order_history": [
        {
            "order_datetime": "Tue Apr 10 18:53:39 2012",
            "order_id": "T707523609134"
        }
    ]
}