{
    "doc_type": "user_profile",
    "personal_details": {
        "age": 52,
        "display_name": "Dagmar Bustamante",
        "email": "Dagmar.Bustamante@snailmail.com",
        "first_name": "Dagmar",
        "last_name": "Bustamante",
        "state": "Connecticut"
    },
    "profile_details": {
        "last_login_time": "Mon Apr 29 18:53:39 2013",
        "loyalty": {
            "friends_referred": [
                "Charlene_27922619"
            ],
            "loyalty_score": 9.021162266355018,
            "membership_type": "Platinum",
            "redeemed_points": 837,
            "reward_points": 1917
        },
        "password": "Dagmar16",
        "prefs": {
            "promotion_category": [
                "Books",
                "Music",
                "Films"
            ],
            "promotion_email": true,
            "ui_language": "German",
            "ui_theme": "Wood"
        },
        "user_creation_time": "Thu Jul  7 18:53:39 2011",
        "user_id": "Dagmar_23328509"
    },
    "search_history": [
        {
            "category": "Films",
            "sub-category": [
                "Animation",
                "Drama",
                "Fitness / Instructional"
            ]
        }
    ],
    "shipped_order_history": [
        {
            "order_datetime": "Wed Nov 14 18:53:39 2012",
            "order_id": "T590862061716"
        },
        {
            "order_datetime": "Fri Feb 17 18:53:39 2012",
            "order_id": "T445228864031"
        },
        {
            "order_datetime": "Sun Nov 11 18:53:39 2012",
            "order_id": "T917959534170"
        },
        {
            "order_datetime": "Tue Sep 20 18:53:39 2011",
            "order_id": "T499723387040"
        },
        {
            "order_datetime": "Mon Aug 15 18:53:39 2011",
            "order_id": "T375243641855"
        },
        {
            "order_datetime": "Sat Sep  3 18:53:39 2011",
            "order_id": "T833161711344"
        },
        {
            "order_datetime": "Sat Jan 26 18:53:39 2013",
            "order_id": "T141621392299"
        },
        {
            "order_datetime": "Fri Jan 13 18:53:39 2012",
            "order_id": "T988668161749"
        },
        {
            "order_datetime": "Thu May 10 18:53:39 2012",
            "order_id": "T209065534457"
        }
    ]
}