{
    "doc_type": "user_profile",
    "personal_details": {
        "age": 24,
        "display_name": "Dania Pannell",
        "email": "Dania.Pannell@snailmail.com",
        "first_name": "Dania",
        "last_name": "Pannell",
        "state": "Florida"
    },
    "profile_details": {
        "last_login_time": "Fri Dec 27 18:53:39 2013",
        "loyalty": {
            "friends_referred": [],
            "loyalty_score": 4.664591804075555,
            "membership_type": "Silver",
            "redeemed_points": 300,
            "reward_points": 240
        },
        "password": "Dania22",
        "prefs": {
            "promotion_email": false,
            "ui_language": "French",
            "ui_theme": "Wood"
        },
        "user_creation_time": "Mon Dec  3 18:53:39 2012",
        "user_id": "Dania_7021839"
    },
    "search_history": [
        {
            "category": "Films",
            "sub-category": [
                "Classic Films"
            ]
        },
        {
            "category": "Books",
            "sub-category": [
                "Religion"
            ]
        }
    ],
    "shipped_order_history": [
        {
            "order_datetime": "Tue Jan  8 18:53:39 2013",
            "order_id": "T528146481338"
        }
    ]
}