{
    "doc_type": "user_profile",
    "personal_details": {
        "age": 41,
        "display_name": "Del Legg",
        "email": "Del.Legg@snailmail.com",
        "first_name": "Del",
        "last_name": "Legg",
        "state": "Missouri"
    },
    "profile_details": {
        "last_login_time": "Tue Aug 20 18:53:39 2013",
        "loyalty": {
            "friends_referred": [],
            "loyalty_score": 4.338168345320765,
            "membership_type": "Silver",
            "redeemed_points": 384,
            "reward_points": 780
        },
        "password": "Del48",
        "prefs": {
            "promotion_email": false,
            "ui_language": "Spanish",
            "ui_theme": "Tree Tops"
        },
        "user_creation_time": "Tue Aug 28 18:53:39 2012",
        "user_id": "Del_49512473"
    },
    "search_history": [
        {
            "category": "Films",
            "sub-category": [
                "Foreign Films",
                "Documentary",
                "Fitness / Instructional"
            ]
        }
    ],
    "shipped_order_history": [
        {
            "order_datetime": "Thu Apr 18 18:53:39 2013",
            "order_id": "T412453299498"
        },
        {
            "order_datetime": "Sun Feb  3 18:53:39 2013",
            "order_id": "T671825381704"
        },
        {
            "order_datetime": "Wed Sep 19 18:53:39 2012",
            "order_id": "T245742914084"
        },
        {
            "order_datetime": "Sun Apr 14 18:53:39 2013",
            "order_id": "T841642507924"
        }
    ]
}