{
    "doc_type": "user_profile",
    "personal_details": {
        "age": 39,
        "display_name": "Edgardo Ashford",
        "email": "Edgardo.Ashford@snailmail.com",
        "first_name": "Edgardo",
        "last_name": "Ashford",
        "state": "Mississippi"
    },
    "profile_details": {
        "last_login_time": "Wed Apr 10 18:53:39 2013",
        "loyalty": {
            "friends_referred": [],
            "loyalty_score": 6.420873648714865,
            "membership_type": "Silver",
            "redeemed_points": 1314,
            "reward_points": 594
        },
        "password": "Edgardo85",
        "prefs": {
            "promotion_category": [
                "Books"
            ],
            "promotion_email": true,
            "ui_language": "French",
            "ui_theme": "Beach"
        },
        "user_creation_time": "Wed Jul 13 18:53:39 2011",
        "user_id": "Edgardo_50071453"
    },
    "search_history": [
        {
            "category": "Films",
            "sub-category": [
                "Animation"
            ]
        }
    ],
    "shipped_order_history": [
        {
            "order_datetime": "Thu Oct 25 18:53:39 2012",
            "order_id": "T674050328203"
        }
    ]
}