{
    "doc_type": "user_profile",
    "personal_details": {
        "age": 35,
        "display_name": "Francina Lash",
        "email": "Francina.Lash@snailmail.com",
        "first_name": "Francina",
        "last_name": "Lash",
        "state": "Connecticut"
    },
    "profile_details": {
        "last_login_time": "Wed Dec 18 18:53:39 2013",
        "loyalty": {
            "friends_referred": [],
            "loyalty_score": 4.18968104848488,
            "membership_type": "Silver",
            "redeemed_points": 840,
            "reward_points": 720
        },
        "password": "Francina24",
        "prefs": {
            "promotion_category": [
                "Books",
                "Music",
                "Films"
            ],
            "promotion_email": true,
            "ui_language": "English",
            "ui_theme": "Pebbles"
        },
        "user_creation_time": "Mon Apr  1 18:53:39 2013",
        "user_id": "Francina_44076988"
    },
    "search_history": [
        {
            "category": "Films",
            "sub-category": [
                "Classic Films",
                "Drama",
                "Sci-Fi, Fantasy & Horror"
            ]
        },
        {
            "category": "Books",
            "sub-category": [
                "Religion",
                "Travel",
                "Sports & Adventure"
            ]
        }
    ],
    "shipped_order_history": [
        {
            "order_datetime": "Wed Aug 14 18:53:39 2013",
            "order_id": "T857566791425"
        }
    ]
}