{
    "doc_type": "user_profile",
    "personal_details": {
        "age": 52,
        "display_name": "Gerda Haag",
        "email": "Gerda.Haag@snailmail.com",
        "first_name": "Gerda",
        "last_name": "Haag",
        "state": "Mississippi"
    },
    "profile_details": {
        "last_login_time": "Mon Oct 28 18:53:39 2013",
        "loyalty": {
            "friends_referred": [],
            "loyalty_score": 1.2404837360468546,
            "membership_type": "Basic",
            "redeemed_points": 156,
            "reward_points": 249
        },
        "password": "Gerda73",
        "prefs": {
            "promotion_category": [
                "Books",
                "Music"
            ],
            "promotion_email": true,
            "ui_language": "French",
            "ui_theme": "Beach"
        },
        "user_creation_time": "Tue May  1 18:53:39 2012",
        "user_id": "Gerda_83805577"
    },
    "search_history": [
        {
            "category": "Films",
            "sub-category": [
                "Classic Films",
                "Documentary",
                "Sci-Fi, Fantasy & Horror"
            ]
        },
        {
            "category": "Books",
            "sub-category": [
                "History"
            ]
        }
    ],
    "shipped_order_history": [
        {
            "order_datetime": "Thu May 30 18:53:39 2013",
            "order_id": "T466245491733"
        }
    ]
}