{
    "doc_type": "user_profile",
    "personal_details": {
        "age": 38,
        "display_name": "Kenna Cummins",
        "email": "Kenna.Cummins@snailmail.com",
        "first_name": "Kenna",
        "last_name": "Cummins",
        "state": "Missouri"
    },
    "profile_details": {
        "last_login_time": "Sat Nov  9 18:53:39 2013",
        "loyalty": {
            "friends_referred": [],
            "loyalty_score": 4.4776674495506885,
            "membership_type": "Silver",
            "redeemed_points": 1164,
            "reward_points": 972
        },
        "password": "Kenna48",
        "prefs": {
            "promotion_category": [
                "Books",
                "Music",
                "Films"
            ],
            "promotion_email": true,
            "ui_language": "French",
            "ui_theme": "Beach"
        },
        "user_creation_time": "Thu Jul 11 18:53:39 2013",
        "user_id": "Kenna_23979702"
    },
    "search_history": [
        {
            "category": "Films",
            "sub-category": [
                "Animation",
                "Comedy",
                "Fitness / Instructional"
            ]
        }
    ],
    "shipped_order_history": [
        {
            "order_datetime": "Sat Aug 10 18:53:39 2013",
            "order_id": "T469923147486"
        },
        {
            "order_datetime": "Tue Jul 23 18:53:39 2013",
            "order_id": "T882869943554"
        },
        {
            "order_datetime": "Wed Oct  2 18:53:39 2013",
            "order_id": "T776850045272"
        }
    ]
}