{
    "doc_type": "user_profile",
    "personal_details": {
        "age": 57,
        "display_name": "Keven Carney",
        "email": "Keven.Carney@snailmail.com",
        "first_name": "Keven",
        "last_name": "Carney",
        "state": "Nevada"
    },
    "profile_details": {
        "last_login_time": "Sun Dec 22 18:53:39 2013",
        "loyalty": {
            "friends_referred": [],
            "loyalty_score": 2.7726891654201125,
            "membership_type": "Basic",
            "redeemed_points": 564,
            "reward_points": 480
        },
        "password": "Keven44",
        "prefs": {
            "promotion_email": false,
            "ui_language": "Spanish",
            "ui_theme": "Grafitti"
        },
        "user_creation_time": "Wed Nov 27 18:53:39 2013",
        "user_id": "Keven_42241460"
    },
    "search_history": [
        {
            "category": "Films",
            "sub-category": [
                "Classic Films",
                "Drama",
                "Fitness / Instructional"
            ]
        }
    ],
    "shipped_order_history": [
        {
            "order_datetime": "Wed Dec  4 18:53:39 2013",
            "order_id": "T582925621506"
        }
    ]
}