{
    "doc_type": "user_profile",
    "personal_details": {
        "age": 37,
        "display_name": "Kimberley Pringle",
        "email": "Kimberley.Pringle@snailmail.com",
        "first_name": "Kimberley",
        "last_name": "Pringle",
        "state": "Colorado"
    },
    "profile_details": {
        "last_login_time": "Fri Oct 25 18:53:39 2013",
        "loyalty": {
            "friends_referred": [],
            "loyalty_score": 5.679645307009706,
            "membership_type": "Silver",
            "redeemed_points": 135,
            "reward_points": 435
        },
        "password": "Kimberley23",
        "prefs": {
            "promotion_email": false,
            "ui_language": "French",
            "ui_theme": "Pebbles"
        },
        "user_creation_time": "Fri Jul 26 18:53:39 2013",
        "user_id": "Kimberley_47718181"
    },
    "search_history": [
        {
            "category": "Films",
            "sub-category": [
                "Foreign Films"
            ]
        },
        {
            "category": "Books",
            "sub-category": [
                "History"
            ]
        },
        {
            "category": "Music",
            "sub-category": [
                "Broadway and Vocal",
                "Jazz",
                "New Age"
            ]
        }
    ],
    "shipped_order_history": [
        {
            "order_datetime": "Mon Aug 19 18:53:39 2013",
            "order_id": "T908558139350"
        }
    ]
}