{
    "doc_type": "user_profile",
    "personal_details": {
        "age": 60,
        "display_name": "Lorraine Higgins",
        "email": "Lorraine.Higgins@snailmail.com",
        "first_name": "Lorraine",
        "last_name": "Higgins",
        "state": "Rhode Island"
    },
    "profile_details": {
        "last_login_time": "Mon Jul  1 18:53:39 2013",
        "loyalty": {
            "friends_referred": [],
            "loyalty_score": 3.0183925549424617,
            "membership_type": "Basic",
            "redeemed_points": 693,
            "reward_points": 549
        },
        "password": "Lorraine58",
        "prefs": {
            "promotion_category": [
                "Books",
                "Music"
            ],
            "promotion_email": true,
            "ui_language": "French",
            "ui_theme": "Ocean"
        },
        "user_creation_time": "Sat Jun  9 18:53:39 2012",
        "user_id": "Lorraine_3104097"
    },
    "search_history": [
        {
            "category": "Films",
            "sub-category": [
                "Classic Films"
            ]
        },
        {
            "category": "Books",
            "sub-category": [
                "History",
                "NonFiction"
            ]
        },
        {
            "category": "Music",
            "sub-category": [
                "Classical Music",
                "Jazz",
                "New Age"
            ]
        }
    ],
    "shipped_order_history": [
        {
            "order_datetime": "Mon Apr 15 18:53:39 2013",
            "order_id": "T247556584854"
        }
    ]
}