{
    "doc_type": "order",
    "order_details": {
        "order_datetime": "Fri Jul  5 18:53:39 2013",
        "order_id": "T105343889104"
    },
    "payment_details": {
        "payment_mode": "Credit Card",
        "total_charges": 272
    },
    "product_details": {
        "currency": "GBP",
        "list_price": 285,
        "pct_discount": 10,
        "product_id": "P9642733945",
        "sale_price": 257
    },
    "shipping_details": {
        "shipping_charges": 15,
        "shipping_status": "Delivered",
        "shipping_type": "Priority"
    },
    "user_id": "Leif_20105422"
}