{
    "doc_type": "order",
    "order_details": {
        "order_datetime": "Fri Jul 20 18:53:39 2012",
        "order_id": "T118033252098"
    },
    "payment_details": {
        "payment_mode": "Reward Points",
        "total_charges": 597
    },
    "product_details": {
        "currency": "USD",
        "list_price": 700,
        "pct_discount": 15,
        "product_id": "P3304253835",
        "sale_price": 595
    },
    "shipping_details": {
        "shipping_charges": 2,
        "shipping_status": "Delivered",
        "shipping_type": "Regular"
    },
    "user_id": "Drew_71707295"
}