{
    "doc_type": "order",
    "order_details": {
        "order_datetime": "Sat Jul 20 18:53:39 2013",
        "order_id": "T129953161367"
    },
    "payment_details": {
        "payment_mode": "Debit Card",
        "total_charges": 247
    },
    "product_details": {
        "currency": "EUR",
        "list_price": 306,
        "pct_discount": 20,
        "product_id": "P3777393148",
        "sale_price": 245
    },
    "shipping_details": {
        "shipping_charges": 2,
        "shipping_status": "Delivered",
        "shipping_type": "Regular"
    },
    "user_id": "Carmelina_83652573"
}