{
    "doc_type": "order",
    "order_details": {
        "order_datetime": "Sat Jun 15 18:53:39 2013",
        "order_id": "T138062011396"
    },
    "payment_details": {
        "payment_mode": "Debit Card",
        "total_charges": 835
    },
    "product_details": {
        "currency": "EUR",
        "list_price": 868,
        "pct_discount": 5,
        "product_id": "P7899356234",
        "sale_price": 825
    },
    "shipping_details": {
        "shipping_charges": 10,
        "shipping_status": "Delivered",
        "shipping_type": "Overnight"
    },
    "user_id": "Eve_74255491"
}