{
    "doc_type": "order",
    "order_details": {
        "order_datetime": "Fri Apr 27 18:53:39 2012",
        "order_id": "T138839139972"
    },
    "payment_details": {
        "payment_mode": "Cash On Delivery",
        "total_charges": 96
    },
    "product_details": {
        "currency": "USD",
        "list_price": 125,
        "pct_discount": 25,
        "product_id": "P1738384931",
        "sale_price": 94
    },
    "shipping_details": {
        "shipping_charges": 2,
        "shipping_status": "Delivered",
        "shipping_type": "Regular"
    },
    "user_id": "Raleigh_32499577"
}