{
    "doc_type": "order",
    "order_details": {
        "order_datetime": "Tue Jul  9 18:53:39 2013",
        "order_id": "T179222196325"
    },
    "payment_details": {
        "payment_mode": "Cash On Delivery",
        "total_charges": 350
    },
    "product_details": {
        "currency": "USD",
        "list_price": 394,
        "pct_discount": 15,
        "product_id": "P2592522383",
        "sale_price": 335
    },
    "shipping_details": {
        "shipping_charges": 15,
        "shipping_status": "Delivered",
        "shipping_type": "Priority"
    },
    "user_id": "Tatiana_15401485"
}