{
    "doc_type": "order",
    "order_details": {
        "order_datetime": "Sun Dec 29 18:53:39 2013",
        "order_id": "T185231122745"
    },
    "payment_details": {
        "payment_mode": "Credit Card",
        "total_charges": 478
    },
    "product_details": {
        "currency": "EUR",
        "list_price": 525,
        "pct_discount": 10,
        "product_id": "P1035665011",
        "sale_price": 473
    },
    "shipping_details": {
        "shipping_charges": 5,
        "shipping_status": "Delivered",
        "shipping_type": "Express"
    },
    "user_id": "Weston_3077363"
}