{
    "doc_type": "order",
    "order_details": {
        "order_datetime": "Thu May 10 18:53:39 2012",
        "order_id": "T209065534457"
    },
    "payment_details": {
        "payment_mode": "Reward Points",
        "total_charges": 77
    },
    "product_details": {
        "currency": "EUR",
        "list_price": 90,
        "pct_discount": 20,
        "product_id": "P8980966995",
        "sale_price": 72
    },
    "shipping_details": {
        "shipping_charges": 5,
        "shipping_status": "Delivered",
        "shipping_type": "Express"
    },
    "user_id": "Dagmar_23328509"
}