{
    "doc_type": "order",
    "order_details": {
        "order_datetime": "Tue Oct 15 18:53:39 2013",
        "order_id": "T212541498770"
    },
    "payment_details": {
        "payment_mode": "Cash On Delivery",
        "total_charges": 206
    },
    "product_details": {
        "currency": "EUR",
        "list_price": 245,
        "pct_discount": 20,
        "product_id": "P4641756899",
        "sale_price": 196
    },
    "shipping_details": {
        "shipping_charges": 10,
        "shipping_status": "Delivered",
        "shipping_type": "Overnight"
    },
    "user_id": "Lakeesha_78622017"
}