{
    "doc_type": "order",
    "order_details": {
        "order_datetime": "Fri Oct 11 18:53:39 2013",
        "order_id": "T214948712062"
    },
    "payment_details": {
        "payment_mode": "NetBanking",
        "total_charges": 146
    },
    "product_details": {
        "currency": "GBP",
        "list_price": 156,
        "pct_discount": 10,
        "product_id": "P2692866607",
        "sale_price": 141
    },
    "shipping_details": {
        "shipping_charges": 5,
        "shipping_status": "Delivered",
        "shipping_type": "Express"
    },
    "user_id": "Mitchell_37945034"
}