{
    "doc_type": "order",
    "order_details": {
        "order_datetime": "Mon Apr 22 18:53:39 2013",
        "order_id": "T236369091384"
    },
    "payment_details": {
        "payment_mode": "Reward Points",
        "total_charges": 207
    },
    "product_details": {
        "currency": "USD",
        "list_price": 202,
        "pct_discount": 5,
        "product_id": "P4099924563",
        "sale_price": 192
    },
    "shipping_details": {
        "shipping_charges": 15,
        "shipping_status": "Delivered",
        "shipping_type": "Priority"
    },
    "user_id": "Drew_71707295"
}