{
    "doc_type": "order",
    "order_details": {
        "order_datetime": "Mon Apr 15 18:53:39 2013",
        "order_id": "T247556584854"
    },
    "payment_details": {
        "payment_mode": "Cash On Delivery",
        "total_charges": 753
    },
    "product_details": {
        "currency": "USD",
        "list_price": 938,
        "pct_discount": 20,
        "product_id": "P2986974323",
        "sale_price": 751
    },
    "shipping_details": {
        "shipping_charges": 2,
        "shipping_status": "Delivered",
        "shipping_type": "Regular"
    },
    "user_id": "Lorraine_3104097"
}