{
    "doc_type": "order",
    "order_details": {
        "order_datetime": "Tue Jul 16 18:53:39 2013",
        "order_id": "T275527432241"
    },
    "payment_details": {
        "payment_mode": "Reward Points",
        "total_charges": 249
    },
    "product_details": {
        "currency": "GBP",
        "list_price": 329,
        "pct_discount": 25,
        "product_id": "P2239822232",
        "sale_price": 247
    },
    "shipping_details": {
        "shipping_charges": 2,
        "shipping_status": "Delivered",
        "shipping_type": "Regular"
    },
    "user_id": "Leif_20105422"
}