{
    "doc_type": "order",
    "order_details": {
        "order_datetime": "Sun Apr 14 18:53:39 2013",
        "order_id": "T306128256394"
    },
    "payment_details": {
        "payment_mode": "Reward Points",
        "total_charges": 128
    },
    "product_details": {
        "currency": "EUR",
        "list_price": 163,
        "pct_discount": 25,
        "product_id": "P4028934634",
        "sale_price": 123
    },
    "shipping_details": {
        "shipping_charges": 5,
        "shipping_status": "Delivered",
        "shipping_type": "Express"
    },
    "user_id": "Juliann_7598556"
}