{
    "doc_type": "order",
    "order_details": {
        "order_datetime": "Sun Jun  9 18:53:39 2013",
        "order_id": "T318460645928"
    },
    "payment_details": {
        "payment_mode": "Reward Points",
        "total_charges": 285
    },
    "product_details": {
        "currency": "USD",
        "list_price": 305,
        "pct_discount": 10,
        "product_id": "P8981342709",
        "sale_price": 275
    },
    "shipping_details": {
        "shipping_charges": 10,
        "shipping_status": "Delivered",
        "shipping_type": "Overnight"
    },
    "user_id": "Juliann_7598556"
}