{
    "doc_type": "order",
    "order_details": {
        "order_datetime": "Tue Nov 13 18:53:39 2012",
        "order_id": "T344667619879"
    },
    "payment_details": {
        "payment_mode": "NetBanking",
        "total_charges": 493
    },
    "product_details": {
        "currency": "USD",
        "list_price": 603,
        "pct_discount": 20,
        "product_id": "P5817475165",
        "sale_price": 483
    },
    "shipping_details": {
        "shipping_charges": 10,
        "shipping_status": "Delivered",
        "shipping_type": "Overnight"
    },
    "user_id": "Andrea_28317556"
}