{
    "doc_type": "order",
    "order_details": {
        "order_datetime": "Sat Oct 26 18:53:39 2013",
        "order_id": "T369824744541"
    },
    "payment_details": {
        "payment_mode": "Debit Card",
        "total_charges": 207
    },
    "product_details": {
        "currency": "EUR",
        "list_price": 239,
        "pct_discount": 20,
        "product_id": "P9351923323",
        "sale_price": 192
    },
    "shipping_details": {
        "shipping_charges": 15,
        "shipping_status": "Delivered",
        "shipping_type": "Priority"
    },
    "user_id": "Dorothea_44046955"
}