{
    "doc_type": "order",
    "order_details": {
        "order_datetime": "Mon Aug 15 18:53:39 2011",
        "order_id": "T375243641855"
    },
    "payment_details": {
        "payment_mode": "NetBanking",
        "total_charges": 714
    },
    "product_details": {
        "currency": "USD",
        "list_price": 945,
        "pct_discount": 25,
        "product_id": "P5530054642",
        "sale_price": 709
    },
    "shipping_details": {
        "shipping_charges": 5,
        "shipping_status": "Delivered",
        "shipping_type": "Express"
    },
    "user_id": "Dagmar_23328509"
}