{
    "doc_type": "order",
    "order_details": {
        "order_datetime": "Sat Apr 13 18:53:39 2013",
        "order_id": "T402320858473"
    },
    "payment_details": {
        "payment_mode": "NetBanking",
        "total_charges": 645
    },
    "product_details": {
        "currency": "GBP",
        "list_price": 752,
        "pct_discount": 15,
        "product_id": "P3908695267",
        "sale_price": 640
    },
    "shipping_details": {
        "shipping_charges": 5,
        "shipping_status": "Delivered",
        "shipping_type": "Express"
    },
    "user_id": "Charlene_27922619"
}