{
    "doc_type": "order",
    "order_details": {
        "order_datetime": "Thu Apr 18 18:53:39 2013",
        "order_id": "T412453299498"
    },
    "payment_details": {
        "payment_mode": "Reward Points",
        "total_charges": 442
    },
    "product_details": {
        "currency": "EUR",
        "list_price": 485,
        "pct_discount": 10,
        "product_id": "P7419285217",
        "sale_price": 437
    },
    "shipping_details": {
        "shipping_charges": 5,
        "shipping_status": "Delivered",
        "shipping_type": "Express"
    },
    "user_id": "Del_49512473"
}