{
    "doc_type": "order",
    "order_details": {
        "order_datetime": "Tue Oct 22 18:53:39 2013",
        "order_id": "T413851914599"
    },
    "payment_details": {
        "payment_mode": "Reward Points",
        "total_charges": 259
    },
    "product_details": {
        "currency": "GBP",
        "list_price": 282,
        "pct_discount": 10,
        "product_id": "P1988433712",
        "sale_price": 254
    },
    "shipping_details": {
        "shipping_charges": 5,
        "shipping_status": "Delivered",
        "shipping_type": "Express"
    },
    "user_id": "Carmelina_83652573"
}