{
    "doc_type": "order",
    "order_details": {
        "order_datetime": "Sun Jul 31 18:53:39 2011",
        "order_id": "T420546695608"
    },
    "payment_details": {
        "payment_mode": "Debit Card",
        "total_charges": 633
    },
    "product_details": {
        "currency": "USD",
        "list_price": 823,
        "pct_discount": 25,
        "product_id": "P2646392483",
        "sale_price": 618
    },
    "shipping_details": {
        "shipping_charges": 15,
        "shipping_status": "Delivered",
        "shipping_type": "Priority"
    },
    "user_id": "Madaline_6687999"
}