{
    "doc_type": "order",
    "order_details": {
        "order_datetime": "Wed May 29 18:53:39 2013",
        "order_id": "T438061461103"
    },
    "payment_details": {
        "payment_mode": "Reward Points",
        "total_charges": 384
    },
    "product_details": {
        "currency": "EUR",
        "list_price": 410,
        "pct_discount": 10,
        "product_id": "P3873652437",
        "sale_price": 369
    },
    "shipping_details": {
        "shipping_charges": 15,
        "shipping_status": "Delivered",
        "shipping_type": "Priority"
    },
    "user_id": "Dorothea_44046955"
}