{
    "doc_type": "order",
    "order_details": {
        "order_datetime": "Fri Feb 15 18:53:39 2013",
        "order_id": "T440040305395"
    },
    "payment_details": {
        "payment_mode": "Reward Points",
        "total_charges": 353
    },
    "product_details": {
        "currency": "USD",
        "list_price": 403,
        "pct_discount": 15,
        "product_id": "P5253185836",
        "sale_price": 343
    },
    "shipping_details": {
        "shipping_charges": 10,
        "shipping_status": "Delivered",
        "shipping_type": "Overnight"
    },
    "user_id": "Andrea_28317556"
}