{
    "doc_type": "order",
    "order_details": {
        "order_datetime": "Mon Sep 23 18:53:39 2013",
        "order_id": "T440564675703"
    },
    "payment_details": {
        "payment_mode": "Debit Card",
        "total_charges": 75
    },
    "product_details": {
        "currency": "EUR",
        "list_price": 82,
        "pct_discount": 15,
        "product_id": "P2606903692",
        "sale_price": 70
    },
    "shipping_details": {
        "shipping_charges": 5,
        "shipping_status": "Delivered",
        "shipping_type": "Express"
    },
    "user_id": "Fausto_60268264"
}