{
    "doc_type": "order",
    "order_details": {
        "order_datetime": "Fri Feb 17 18:53:39 2012",
        "order_id": "T445228864031"
    },
    "payment_details": {
        "payment_mode": "NetBanking",
        "total_charges": 235
    },
    "product_details": {
        "currency": "GBP",
        "list_price": 300,
        "pct_discount": 25,
        "product_id": "P3075756683",
        "sale_price": 225
    },
    "shipping_details": {
        "shipping_charges": 10,
        "shipping_status": "Delivered",
        "shipping_type": "Overnight"
    },
    "user_id": "Dagmar_23328509"
}