{
    "doc_type": "order",
    "order_details": {
        "order_datetime": "Fri Jan 11 18:53:39 2013",
        "order_id": "T450021497472"
    },
    "payment_details": {
        "payment_mode": "NetBanking",
        "total_charges": 835
    },
    "product_details": {
        "currency": "EUR",
        "list_price": 979,
        "pct_discount": 15,
        "product_id": "P5608214973",
        "sale_price": 833
    },
    "shipping_details": {
        "shipping_charges": 2,
        "shipping_status": "Delivered",
        "shipping_type": "Regular"
    },
    "user_id": "Dale_47487690"
}