{
    "doc_type": "order",
    "order_details": {
        "order_datetime": "Sun Aug 25 18:53:39 2013",
        "order_id": "T451450262181"
    },
    "payment_details": {
        "payment_mode": "Debit Card",
        "total_charges": 337
    },
    "product_details": {
        "currency": "GBP",
        "list_price": 394,
        "pct_discount": 15,
        "product_id": "P7307155990",
        "sale_price": 335
    },
    "shipping_details": {
        "shipping_charges": 2,
        "shipping_status": "Delivered",
        "shipping_type": "Regular"
    },
    "user_id": "Daniella_55868984"
}