{
    "doc_type": "order",
    "order_details": {
        "order_datetime": "Sun Dec  1 18:53:39 2013",
        "order_id": "T466337106525"
    },
    "payment_details": {
        "payment_mode": "NetBanking",
        "total_charges": 332
    },
    "product_details": {
        "currency": "EUR",
        "list_price": 435,
        "pct_discount": 25,
        "product_id": "P6624285232",
        "sale_price": 327
    },
    "shipping_details": {
        "shipping_charges": 5,
        "shipping_status": "Delivered",
        "shipping_type": "Express"
    },
    "user_id": "Leann_56519658"
}