{
    "doc_type": "order",
    "order_details": {
        "order_datetime": "Thu May 30 18:53:39 2013",
        "order_id": "T466245491733"
    },
    "payment_details": {
        "payment_mode": "NetBanking",
        "total_charges": 579
    },
    "product_details": {
        "currency": "USD",
        "list_price": 769,
        "pct_discount": 25,
        "product_id": "P8268644225",
        "sale_price": 577
    },
    "shipping_details": {
        "shipping_charges": 2,
        "shipping_status": "Delivered",
        "shipping_type": "Regular"
    },
    "user_id": "Gerda_83805577"
}