{
    "doc_type": "order",
    "order_details": {
        "order_datetime": "Sat Aug 10 18:53:39 2013",
        "order_id": "T469923147486"
    },
    "payment_details": {
        "payment_mode": "Reward Points",
        "total_charges": 650
    },
    "product_details": {
        "currency": "GBP",
        "list_price": 746,
        "pct_discount": 15,
        "product_id": "P9907372928",
        "sale_price": 635
    },
    "shipping_details": {
        "shipping_charges": 15,
        "shipping_status": "Delivered",
        "shipping_type": "Priority"
    },
    "user_id": "Kenna_23979702"
}