{
    "doc_type": "order",
    "order_details": {
        "order_datetime": "Sat May 21 18:53:39 2011",
        "order_id": "T490767747884"
    },
    "payment_details": {
        "payment_mode": "Debit Card",
        "total_charges": 303
    },
    "product_details": {
        "currency": "EUR",
        "list_price": 350,
        "pct_discount": 15,
        "product_id": "P8300676693",
        "sale_price": 298
    },
    "shipping_details": {
        "shipping_charges": 5,
        "shipping_status": "Delivered",
        "shipping_type": "Express"
    },
    "user_id": "Dale_47487690"
}