{
    "doc_type": "order",
    "order_details": {
        "order_datetime": "Wed Jan  1 18:53:39 2014",
        "order_id": "T511422157046"
    },
    "payment_details": {
        "payment_mode": "Reward Points",
        "total_charges": 533
    },
    "product_details": {
        "currency": "EUR",
        "list_price": 558,
        "pct_discount": 5,
        "product_id": "P2393732123",
        "sale_price": 531
    },
    "shipping_details": {
        "shipping_charges": 2,
        "shipping_status": "Delivered",
        "shipping_type": "Regular"
    },
    "user_id": "Weston_3077363"
}