{
    "doc_type": "order",
    "order_details": {
        "order_datetime": "Mon Jul 15 18:53:39 2013",
        "order_id": "T545064239003"
    },
    "payment_details": {
        "payment_mode": "Credit Card",
        "total_charges": 241
    },
    "product_details": {
        "currency": "GBP",
        "list_price": 262,
        "pct_discount": 10,
        "product_id": "P4130473966",
        "sale_price": 236
    },
    "shipping_details": {
        "shipping_charges": 5,
        "shipping_status": "Delivered",
        "shipping_type": "Express"
    },
    "user_id": "Lakeesha_78622017"
}