{
    "doc_type": "order",
    "order_details": {
        "order_datetime": "Wed Jun 19 18:53:39 2013",
        "order_id": "T546950011310"
    },
    "payment_details": {
        "payment_mode": "Credit Card",
        "total_charges": 684
    },
    "product_details": {
        "currency": "EUR",
        "list_price": 754,
        "pct_discount": 10,
        "product_id": "P8006132061",
        "sale_price": 679
    },
    "shipping_details": {
        "shipping_charges": 5,
        "shipping_status": "Delivered",
        "shipping_type": "Express"
    },
    "user_id": "Andrea_28317556"
}