{
    "doc_type": "order",
    "order_details": {
        "order_datetime": "Sun Dec 22 18:53:39 2013",
        "order_id": "T559134122391"
    },
    "payment_details": {
        "payment_mode": "Debit Card",
        "total_charges": 667
    },
    "product_details": {
        "currency": "USD",
        "list_price": 767,
        "pct_discount": 15,
        "product_id": "P5591696049",
        "sale_price": 652
    },
    "shipping_details": {
        "shipping_charges": 15,
        "shipping_status": "Delivered",
        "shipping_type": "Priority"
    },
    "user_id": "Mei_43996997"
}