{
    "doc_type": "order",
    "order_details": {
        "order_datetime": "Wed Jul 24 18:53:39 2013",
        "order_id": "T560565358672"
    },
    "payment_details": {
        "payment_mode": "Reward Points",
        "total_charges": 318
    },
    "product_details": {
        "currency": "USD",
        "list_price": 404,
        "pct_discount": 25,
        "product_id": "P9246152057",
        "sale_price": 303
    },
    "shipping_details": {
        "shipping_charges": 15,
        "shipping_status": "Delivered",
        "shipping_type": "Priority"
    },
    "user_id": "Kyle_58073906"
}