{
    "doc_type": "order",
    "order_details": {
        "order_datetime": "Wed Jun 19 18:53:39 2013",
        "order_id": "T570853223083"
    },
    "payment_details": {
        "payment_mode": "Cash On Delivery",
        "total_charges": 283
    },
    "product_details": {
        "currency": "USD",
        "list_price": 297,
        "pct_discount": 10,
        "product_id": "P4822804988",
        "sale_price": 268
    },
    "shipping_details": {
        "shipping_charges": 15,
        "shipping_status": "Delivered",
        "shipping_type": "Priority"
    },
    "user_id": "Dorothea_44046955"
}