{
    "doc_type": "order",
    "order_details": {
        "order_datetime": "Thu Aug 11 18:53:39 2011",
        "order_id": "T573145204032"
    },
    "payment_details": {
        "payment_mode": "NetBanking",
        "total_charges": 569
    },
    "product_details": {
        "currency": "GBP",
        "list_price": 666,
        "pct_discount": 15,
        "product_id": "P9315874155",
        "sale_price": 567
    },
    "shipping_details": {
        "shipping_charges": 2,
        "shipping_status": "Delivered",
        "shipping_type": "Regular"
    },
    "user_id": "Elinor_33313792"
}