{
    "doc_type": "order",
    "order_details": {
        "order_datetime": "Tue Mar 19 18:53:39 2013",
        "order_id": "T580945593818"
    },
    "payment_details": {
        "payment_mode": "NetBanking",
        "total_charges": 151
    },
    "product_details": {
        "currency": "USD",
        "list_price": 162,
        "pct_discount": 10,
        "product_id": "P1185332157",
        "sale_price": 146
    },
    "shipping_details": {
        "shipping_charges": 5,
        "shipping_status": "Delivered",
        "shipping_type": "Express"
    },
    "user_id": "Juliann_7598556"
}