{
    "doc_type": "order",
    "order_details": {
        "order_datetime": "Fri Jun  1 18:53:39 2012",
        "order_id": "T585931895139"
    },
    "payment_details": {
        "payment_mode": "Reward Points",
        "total_charges": 420
    },
    "product_details": {
        "currency": "GBP",
        "list_price": 518,
        "pct_discount": 20,
        "product_id": "P3082682150",
        "sale_price": 415
    },
    "shipping_details": {
        "shipping_charges": 5,
        "shipping_status": "Delivered",
        "shipping_type": "Express"
    },
    "user_id": "Drew_71707295"
}