{
    "doc_type": "order",
    "order_details": {
        "order_datetime": "Wed Nov 14 18:53:39 2012",
        "order_id": "T590862061716"
    },
    "payment_details": {
        "payment_mode": "Reward Points",
        "total_charges": 500
    },
    "product_details": {
        "currency": "USD",
        "list_price": 550,
        "pct_discount": 10,
        "product_id": "P4126964917",
        "sale_price": 495
    },
    "shipping_details": {
        "shipping_charges": 5,
        "shipping_status": "Delivered",
        "shipping_type": "Express"
    },
    "user_id": "Dagmar_23328509"
}