{
    "doc_type": "order",
    "order_details": {
        "order_datetime": "Sat Mar 16 18:53:39 2013",
        "order_id": "T603552836056"
    },
    "payment_details": {
        "payment_mode": "Reward Points",
        "total_charges": 808
    },
    "product_details": {
        "currency": "USD",
        "list_price": 839,
        "pct_discount": 5,
        "product_id": "P7592595008",
        "sale_price": 798
    },
    "shipping_details": {
        "shipping_charges": 10,
        "shipping_status": "Delivered",
        "shipping_type": "Overnight"
    },
    "user_id": "Madaline_6687999"
}