{
    "doc_type": "order",
    "order_details": {
        "order_datetime": "Mon Jan  7 18:53:39 2013",
        "order_id": "T610447164953"
    },
    "payment_details": {
        "payment_mode": "Debit Card",
        "total_charges": 722
    },
    "product_details": {
        "currency": "EUR",
        "list_price": 831,
        "pct_discount": 15,
        "product_id": "P7075152499",
        "sale_price": 707
    },
    "shipping_details": {
        "shipping_charges": 15,
        "shipping_status": "Delivered",
        "shipping_type": "Priority"
    },
    "user_id": "Lakeesha_78622017"
}