{
    "doc_type": "order",
    "order_details": {
        "order_datetime": "Wed Sep  7 18:53:39 2011",
        "order_id": "T627065046452"
    },
    "payment_details": {
        "payment_mode": "Debit Card",
        "total_charges": 249
    },
    "product_details": {
        "currency": "EUR",
        "list_price": 265,
        "pct_discount": 10,
        "product_id": "P4233692155",
        "sale_price": 239
    },
    "shipping_details": {
        "shipping_charges": 10,
        "shipping_status": "Delivered",
        "shipping_type": "Overnight"
    },
    "user_id": "Raleigh_32499577"
}