{
    "doc_type": "order",
    "order_details": {
        "order_datetime": "Wed Jun 12 18:53:39 2013",
        "order_id": "T636943876971"
    },
    "payment_details": {
        "payment_mode": "Cash On Delivery",
        "total_charges": 574
    },
    "product_details": {
        "currency": "USD",
        "list_price": 758,
        "pct_discount": 25,
        "product_id": "P8991093204",
        "sale_price": 569
    },
    "shipping_details": {
        "shipping_charges": 5,
        "shipping_status": "Delivered",
        "shipping_type": "Express"
    },
    "user_id": "Dorothea_44046955"
}