{
    "doc_type": "order",
    "order_details": {
        "order_datetime": "Tue Oct 22 18:53:39 2013",
        "order_id": "T646249424084"
    },
    "payment_details": {
        "payment_mode": "NetBanking",
        "total_charges": 333
    },
    "product_details": {
        "currency": "EUR",
        "list_price": 389,
        "pct_discount": 15,
        "product_id": "P1655803101",
        "sale_price": 331
    },
    "shipping_details": {
        "shipping_charges": 2,
        "shipping_status": "Delivered",
        "shipping_type": "Regular"
    },
    "user_id": "Dorothea_44046955"
}