{
    "doc_type": "order",
    "order_details": {
        "order_datetime": "Thu Aug  1 18:53:39 2013",
        "order_id": "T651152156778"
    },
    "payment_details": {
        "payment_mode": "Credit Card",
        "total_charges": 235
    },
    "product_details": {
        "currency": "USD",
        "list_price": 291,
        "pct_discount": 20,
        "product_id": "P3727613766",
        "sale_price": 233
    },
    "shipping_details": {
        "shipping_charges": 2,
        "shipping_status": "Delivered",
        "shipping_type": "Regular"
    },
    "user_id": "Leif_20105422"
}