{
    "doc_type": "order",
    "order_details": {
        "order_datetime": "Sun Feb  3 18:53:39 2013",
        "order_id": "T671825381704"
    },
    "payment_details": {
        "payment_mode": "Reward Points",
        "total_charges": 75
    },
    "product_details": {
        "currency": "GBP",
        "list_price": 73,
        "pct_discount": 5,
        "product_id": "P4747422744",
        "sale_price": 70
    },
    "shipping_details": {
        "shipping_charges": 5,
        "shipping_status": "Delivered",
        "shipping_type": "Express"
    },
    "user_id": "Del_49512473"
}