{
    "doc_type": "order",
    "order_details": {
        "order_datetime": "Thu Oct 25 18:53:39 2012",
        "order_id": "T674050328203"
    },
    "payment_details": {
        "payment_mode": "Credit Card",
        "total_charges": 179
    },
    "product_details": {
        "currency": "USD",
        "list_price": 192,
        "pct_discount": 15,
        "product_id": "P3605285109",
        "sale_price": 164
    },
    "shipping_details": {
        "shipping_charges": 15,
        "shipping_status": "Delivered",
        "shipping_type": "Priority"
    },
    "user_id": "Edgardo_50071453"
}