{
    "doc_type": "order",
    "order_details": {
        "order_datetime": "Mon Aug  5 18:53:39 2013",
        "order_id": "T677233511602"
    },
    "payment_details": {
        "payment_mode": "Credit Card",
        "total_charges": 530
    },
    "product_details": {
        "currency": "USD",
        "list_price": 555,
        "pct_discount": 5,
        "product_id": "P3476296738",
        "sale_price": 528
    },
    "shipping_details": {
        "shipping_charges": 2,
        "shipping_status": "Delivered",
        "shipping_type": "Regular"
    },
    "user_id": "Charlene_27922619"
}