{
    "doc_type": "order",
    "order_details": {
        "order_datetime": "Wed Aug 28 18:53:39 2013",
        "order_id": "T697537834646"
    },
    "payment_details": {
        "payment_mode": "Cash On Delivery",
        "total_charges": 863
    },
    "product_details": {
        "currency": "EUR",
        "list_price": 947,
        "pct_discount": 10,
        "product_id": "P5581666479",
        "sale_price": 853
    },
    "shipping_details": {
        "shipping_charges": 10,
        "shipping_status": "Delivered",
        "shipping_type": "Overnight"
    },
    "user_id": "Lakeesha_78622017"
}