{
    "doc_type": "order",
    "order_details": {
        "order_datetime": "Sat Aug 10 18:53:39 2013",
        "order_id": "T699649912633"
    },
    "payment_details": {
        "payment_mode": "Credit Card",
        "total_charges": 910
    },
    "product_details": {
        "currency": "USD",
        "list_price": 994,
        "pct_discount": 10,
        "product_id": "P6268445652",
        "sale_price": 895
    },
    "shipping_details": {
        "shipping_charges": 15,
        "shipping_status": "Delivered",
        "shipping_type": "Priority"
    },
    "user_id": "Eve_74255491"
}