{
    "doc_type": "order",
    "order_details": {
        "order_datetime": "Tue Apr 10 18:53:39 2012",
        "order_id": "T707523609134"
    },
    "payment_details": {
        "payment_mode": "NetBanking",
        "total_charges": 478
    },
    "product_details": {
        "currency": "EUR",
        "list_price": 544,
        "pct_discount": 15,
        "product_id": "P4264066891",
        "sale_price": 463
    },
    "shipping_details": {
        "shipping_charges": 15,
        "shipping_status": "Delivered",
        "shipping_type": "Priority"
    },
    "user_id": "Clarine_6651254"
}