{
    "doc_type": "order",
    "order_details": {
        "order_datetime": "Mon Aug  8 18:53:39 2011",
        "order_id": "T726824542576"
    },
    "payment_details": {
        "payment_mode": "Cash On Delivery",
        "total_charges": 393
    },
    "product_details": {
        "currency": "USD",
        "list_price": 472,
        "pct_discount": 20,
        "product_id": "P5885422254",
        "sale_price": 378
    },
    "shipping_details": {
        "shipping_charges": 15,
        "shipping_status": "Delivered",
        "shipping_type": "Priority"
    },
    "user_id": "Gene_79725542"
}