{
    "doc_type": "order",
    "order_details": {
        "order_datetime": "Mon Apr  9 18:53:39 2012",
        "order_id": "T729243037283"
    },
    "payment_details": {
        "payment_mode": "Debit Card",
        "total_charges": 506
    },
    "product_details": {
        "currency": "USD",
        "list_price": 671,
        "pct_discount": 25,
        "product_id": "P2589755201",
        "sale_price": 504
    },
    "shipping_details": {
        "shipping_charges": 2,
        "shipping_status": "Delivered",
        "shipping_type": "Regular"
    },
    "user_id": "Sueann_84562518"
}