{
    "doc_type": "order",
    "order_details": {
        "order_datetime": "Thu Jun 27 18:53:39 2013",
        "order_id": "T740767026593"
    },
    "payment_details": {
        "payment_mode": "Reward Points",
        "total_charges": 297
    },
    "product_details": {
        "currency": "GBP",
        "list_price": 343,
        "pct_discount": 15,
        "product_id": "P2282404785",
        "sale_price": 292
    },
    "shipping_details": {
        "shipping_charges": 5,
        "shipping_status": "Delivered",
        "shipping_type": "Express"
    },
    "user_id": "Carmelina_83652573"
}