{
    "doc_type": "order",
    "order_details": {
        "order_datetime": "Thu Aug  1 18:53:39 2013",
        "order_id": "T771466861943"
    },
    "payment_details": {
        "payment_mode": "NetBanking",
        "total_charges": 682
    },
    "product_details": {
        "currency": "GBP",
        "list_price": 839,
        "pct_discount": 20,
        "product_id": "P6412015534",
        "sale_price": 672
    },
    "shipping_details": {
        "shipping_charges": 10,
        "shipping_status": "Delivered",
        "shipping_type": "Overnight"
    },
    "user_id": "Leif_20105422"
}