{
    "doc_type": "order",
    "order_details": {
        "order_datetime": "Fri Jan 25 18:53:39 2013",
        "order_id": "T772859202679"
    },
    "payment_details": {
        "payment_mode": "Credit Card",
        "total_charges": 680
    },
    "product_details": {
        "currency": "USD",
        "list_price": 794,
        "pct_discount": 15,
        "product_id": "P4915183016",
        "sale_price": 675
    },
    "shipping_details": {
        "shipping_charges": 5,
        "shipping_status": "Delivered",
        "shipping_type": "Express"
    },
    "user_id": "Dorothea_44046955"
}