{
    "doc_type": "order",
    "order_details": {
        "order_datetime": "Wed Oct  2 18:53:39 2013",
        "order_id": "T776850045272"
    },
    "payment_details": {
        "payment_mode": "Cash On Delivery",
        "total_charges": 285
    },
    "product_details": {
        "currency": "GBP",
        "list_price": 297,
        "pct_discount": 5,
        "product_id": "P2334936473",
        "sale_price": 283
    },
    "shipping_details": {
        "shipping_charges": 2,
        "shipping_status": "Delivered",
        "shipping_type": "Regular"
    },
    "user_id": "Kenna_23979702"
}