{
    "doc_type": "order",
    "order_details": {
        "order_datetime": "Mon May 27 18:53:39 2013",
        "order_id": "T778159812660"
    },
    "payment_details": {
        "payment_mode": "Credit Card",
        "total_charges": 382
    },
    "product_details": {
        "currency": "USD",
        "list_price": 465,
        "pct_discount": 20,
        "product_id": "P8473613803",
        "sale_price": 372
    },
    "shipping_details": {
        "shipping_charges": 10,
        "shipping_status": "Delivered",
        "shipping_type": "Overnight"
    },
    "user_id": "Leif_20105422"
}