{
    "doc_type": "order",
    "order_details": {
        "order_datetime": "Sat Jun  8 18:53:39 2013",
        "order_id": "T782663781809"
    },
    "payment_details": {
        "payment_mode": "Debit Card",
        "total_charges": 663
    },
    "product_details": {
        "currency": "USD",
        "list_price": 810,
        "pct_discount": 20,
        "product_id": "P5259092824",
        "sale_price": 648
    },
    "shipping_details": {
        "shipping_charges": 15,
        "shipping_status": "Delivered",
        "shipping_type": "Priority"
    },
    "user_id": "Drew_71707295"
}