{
    "doc_type": "order",
    "order_details": {
        "order_datetime": "Wed Nov  7 18:53:39 2012",
        "order_id": "T788422224413"
    },
    "payment_details": {
        "payment_mode": "Debit Card",
        "total_charges": 398
    },
    "product_details": {
        "currency": "GBP",
        "list_price": 403,
        "pct_discount": 5,
        "product_id": "P8004494685",
        "sale_price": 383
    },
    "shipping_details": {
        "shipping_charges": 15,
        "shipping_status": "Delivered",
        "shipping_type": "Priority"
    },
    "user_id": "Carin_66303336"
}