{
    "doc_type": "order",
    "order_details": {
        "order_datetime": "Mon Jan  9 18:53:39 2012",
        "order_id": "T812851042648"
    },
    "payment_details": {
        "payment_mode": "NetBanking",
        "total_charges": 145
    },
    "product_details": {
        "currency": "EUR",
        "list_price": 175,
        "pct_discount": 20,
        "product_id": "P2273243645",
        "sale_price": 140
    },
    "shipping_details": {
        "shipping_charges": 5,
        "shipping_status": "Delivered",
        "shipping_type": "Express"
    },
    "user_id": "Sueann_84562518"
}