{
    "doc_type": "order",
    "order_details": {
        "order_datetime": "Wed Feb 22 18:53:39 2012",
        "order_id": "T825237533328"
    },
    "payment_details": {
        "payment_mode": "NetBanking",
        "total_charges": 589
    },
    "product_details": {
        "currency": "USD",
        "list_price": 772,
        "pct_discount": 25,
        "product_id": "P1056735975",
        "sale_price": 579
    },
    "shipping_details": {
        "shipping_charges": 10,
        "shipping_status": "Delivered",
        "shipping_type": "Overnight"
    },
    "user_id": "Gene_79725542"
}