{
    "doc_type": "order",
    "order_details": {
        "order_datetime": "Fri Dec  6 18:53:39 2013",
        "order_id": "T827735448636"
    },
    "payment_details": {
        "payment_mode": "Reward Points",
        "total_charges": 117
    },
    "product_details": {
        "currency": "USD",
        "list_price": 113,
        "pct_discount": 10,
        "product_id": "P7985506920",
        "sale_price": 102
    },
    "shipping_details": {
        "shipping_charges": 15,
        "shipping_status": "Delivered",
        "shipping_type": "Priority"
    },
    "user_id": "Leann_56519658"
}