{
    "doc_type": "order",
    "order_details": {
        "order_datetime": "Sat Sep  3 18:53:39 2011",
        "order_id": "T833161711344"
    },
    "payment_details": {
        "payment_mode": "Credit Card",
        "total_charges": 701
    },
    "product_details": {
        "currency": "GBP",
        "list_price": 767,
        "pct_discount": 10,
        "product_id": "P7667222271",
        "sale_price": 691
    },
    "shipping_details": {
        "shipping_charges": 10,
        "shipping_status": "Delivered",
        "shipping_type": "Overnight"
    },
    "user_id": "Dagmar_23328509"
}