{
    "doc_type": "order",
    "order_details": {
        "order_datetime": "Wed Aug 14 18:53:39 2013",
        "order_id": "T857566791425"
    },
    "payment_details": {
        "payment_mode": "NetBanking",
        "total_charges": 485
    },
    "product_details": {
        "currency": "USD",
        "list_price": 593,
        "pct_discount": 20,
        "product_id": "P9762983065",
        "sale_price": 475
    },
    "shipping_details": {
        "shipping_charges": 10,
        "shipping_status": "Delivered",
        "shipping_type": "Overnight"
    },
    "user_id": "Francina_44076988"
}