{
    "doc_type": "order",
    "order_details": {
        "order_datetime": "Thu Jul  4 18:53:39 2013",
        "order_id": "T883140375321"
    },
    "payment_details": {
        "payment_mode": "Reward Points",
        "total_charges": 107
    },
    "product_details": {
        "currency": "USD",
        "list_price": 123,
        "pct_discount": 15,
        "product_id": "P8836663439",
        "sale_price": 105
    },
    "shipping_details": {
        "shipping_charges": 2,
        "shipping_status": "Delivered",
        "shipping_type": "Regular"
    },
    "user_id": "Lakeesha_78622017"
}