{
    "doc_type": "order",
    "order_details": {
        "order_datetime": "Sat Aug  3 18:53:39 2013",
        "order_id": "T883657628037"
    },
    "payment_details": {
        "payment_mode": "Debit Card",
        "total_charges": 378
    },
    "product_details": {
        "currency": "EUR",
        "list_price": 403,
        "pct_discount": 10,
        "product_id": "P2618284969",
        "sale_price": 363
    },
    "shipping_details": {
        "shipping_charges": 15,
        "shipping_status": "Delivered",
        "shipping_type": "Priority"
    },
    "user_id": "Mitchell_37945034"
}