{
    "doc_type": "order",
    "order_details": {
        "order_datetime": "Mon Feb  6 18:53:39 2012",
        "order_id": "T899941429406"
    },
    "payment_details": {
        "payment_mode": "Credit Card",
        "total_charges": 354
    },
    "product_details": {
        "currency": "GBP",
        "list_price": 356,
        "pct_discount": 5,
        "product_id": "P3849552679",
        "sale_price": 339
    },
    "shipping_details": {
        "shipping_charges": 15,
        "shipping_status": "Delivered",
        "shipping_type": "Priority"
    },
    "user_id": "Sueann_84562518"
}