{
    "doc_type": "order",
    "order_details": {
        "order_datetime": "Thu Aug  1 18:53:39 2013",
        "order_id": "T901926226467"
    },
    "payment_details": {
        "payment_mode": "NetBanking",
        "total_charges": 777
    },
    "product_details": {
        "currency": "EUR",
        "list_price": 908,
        "pct_discount": 15,
        "product_id": "P4809352640",
        "sale_price": 772
    },
    "shipping_details": {
        "shipping_charges": 5,
        "shipping_status": "Delivered",
        "shipping_type": "Express"
    },
    "user_id": "Leif_20105422"
}