{
    "doc_type": "order",
    "order_details": {
        "order_datetime": "Fri Mar 15 18:53:39 2013",
        "order_id": "T906657403311"
    },
    "payment_details": {
        "payment_mode": "NetBanking",
        "total_charges": 185
    },
    "product_details": {
        "currency": "USD",
        "list_price": 199,
        "pct_discount": 10,
        "product_id": "P1698596243",
        "sale_price": 180
    },
    "shipping_details": {
        "shipping_charges": 5,
        "shipping_status": "Delivered",
        "shipping_type": "Express"
    },
    "user_id": "Carin_66303336"
}