{
    "doc_type": "order",
    "order_details": {
        "order_datetime": "Mon Aug 19 18:53:39 2013",
        "order_id": "T908558139350"
    },
    "payment_details": {
        "payment_mode": "Cash On Delivery",
        "total_charges": 487
    },
    "product_details": {
        "currency": "EUR",
        "list_price": 646,
        "pct_discount": 25,
        "product_id": "P4472854875",
        "sale_price": 485
    },
    "shipping_details": {
        "shipping_charges": 2,
        "shipping_status": "Delivered",
        "shipping_type": "Regular"
    },
    "user_id": "Kimberley_47718181"
}