{
    "doc_type": "order",
    "order_details": {
        "order_datetime": "Sun Nov 11 18:53:39 2012",
        "order_id": "T917959534170"
    },
    "payment_details": {
        "payment_mode": "Credit Card",
        "total_charges": 133
    },
    "product_details": {
        "currency": "EUR",
        "list_price": 144,
        "pct_discount": 15,
        "product_id": "P6959292983",
        "sale_price": 123
    },
    "shipping_details": {
        "shipping_charges": 10,
        "shipping_status": "Delivered",
        "shipping_type": "Overnight"
    },
    "user_id": "Dagmar_23328509"
}