{
    "doc_type": "order",
    "order_details": {
        "order_datetime": "Wed Mar  7 18:53:39 2012",
        "order_id": "T928254098925"
    },
    "payment_details": {
        "payment_mode": "Cash On Delivery",
        "total_charges": 625
    },
    "product_details": {
        "currency": "USD",
        "list_price": 778,
        "pct_discount": 20,
        "product_id": "P4768075545",
        "sale_price": 623
    },
    "shipping_details": {
        "shipping_charges": 2,
        "shipping_status": "Delivered",
        "shipping_type": "Regular"
    },
    "user_id": "Gene_79725542"
}