{
    "doc_type": "order",
    "order_details": {
        "order_datetime": "Sun Apr 21 18:53:39 2013",
        "order_id": "T944145023603"
    },
    "payment_details": {
        "payment_mode": "Debit Card",
        "total_charges": 234
    },
    "product_details": {
        "currency": "GBP",
        "list_price": 286,
        "pct_discount": 20,
        "product_id": "P4522196233",
        "sale_price": 229
    },
    "shipping_details": {
        "shipping_charges": 5,
        "shipping_status": "Delivered",
        "shipping_type": "Express"
    },
    "user_id": "Tajuana_40937693"
}