{
    "doc_type": "order",
    "order_details": {
        "order_datetime": "Sun Jul 31 18:53:39 2011",
        "order_id": "T950266173752"
    },
    "payment_details": {
        "payment_mode": "Cash On Delivery",
        "total_charges": 474
    },
    "product_details": {
        "currency": "GBP",
        "list_price": 510,
        "pct_discount": 10,
        "product_id": "P3849343386",
        "sale_price": 459
    },
    "shipping_details": {
        "shipping_charges": 15,
        "shipping_status": "Delivered",
        "shipping_type": "Priority"
    },
    "user_id": "Amiee_7993471"
}