{
    "doc_type": "order",
    "order_details": {
        "order_datetime": "Tue Dec 17 18:53:39 2013",
        "order_id": "T959025942927"
    },
    "payment_details": {
        "payment_mode": "Debit Card",
        "total_charges": 149
    },
    "product_details": {
        "currency": "USD",
        "list_price": 183,
        "pct_discount": 20,
        "product_id": "P4554695994",
        "sale_price": 147
    },
    "shipping_details": {
        "shipping_charges": 2,
        "shipping_status": "Delivered",
        "shipping_type": "Regular"
    },
    "user_id": "Leann_56519658"
}