{
    "doc_type": "order",
    "order_details": {
        "order_datetime": "Tue Aug 21 18:53:39 2012",
        "order_id": "T975057097133"
    },
    "payment_details": {
        "payment_mode": "Credit Card",
        "total_charges": 454
    },
    "product_details": {
        "currency": "EUR",
        "list_price": 585,
        "pct_discount": 25,
        "product_id": "P3410225895",
        "sale_price": 439
    },
    "shipping_details": {
        "shipping_charges": 15,
        "shipping_status": "Delivered",
        "shipping_type": "Priority"
    },
    "user_id": "Madaline_6687999"
}