{
    "doc_type": "order",
    "order_details": {
        "order_datetime": "Sun Jul 28 18:53:39 2013",
        "order_id": "T979824273595"
    },
    "payment_details": {
        "payment_mode": "Reward Points",
        "total_charges": 293
    },
    "product_details": {
        "currency": "EUR",
        "list_price": 353,
        "pct_discount": 20,
        "product_id": "P1032016434",
        "sale_price": 283
    },
    "shipping_details": {
        "shipping_charges": 10,
        "shipping_status": "Delivered",
        "shipping_type": "Overnight"
    },
    "user_id": "Charlene_27922619"
}