{
    "doc_type": "order",
    "order_details": {
        "order_datetime": "Sat Jul 20 18:53:39 2013",
        "order_id": "T984729317603"
    },
    "payment_details": {
        "payment_mode": "Credit Card",
        "total_charges": 201
    },
    "product_details": {
        "currency": "GBP",
        "list_price": 230,
        "pct_discount": 15,
        "product_id": "P8249643343",
        "sale_price": 196
    },
    "shipping_details": {
        "shipping_charges": 5,
        "shipping_status": "Delivered",
        "shipping_type": "Express"
    },
    "user_id": "Joy_30282690"
}