{
    "doc_type": "order",
    "order_details": {
        "order_datetime": "Fri Jan 13 18:53:39 2012",
        "order_id": "T988668161749"
    },
    "payment_details": {
        "payment_mode": "Credit Card",
        "total_charges": 850
    },
    "product_details": {
        "currency": "GBP",
        "list_price": 884,
        "pct_discount": 5,
        "product_id": "P3946884630",
        "sale_price": 840
    },
    "shipping_details": {
        "shipping_charges": 10,
        "shipping_status": "Delivered",
        "shipping_type": "Overnight"
    },
    "user_id": "Dagmar_23328509"
}