{
    "doc_type": "user_profile",
    "personal_details": {
        "age": 54,
        "display_name": "Tajuana Moll",
        "email": "Tajuana.Moll@snailmail.com",
        "first_name": "Tajuana",
        "last_name": "Moll",
        "state": "North Dakota"
    },
    "profile_details": {
        "last_login_time": "Mon Aug  5 18:53:39 2013",
        "loyalty": {
            "friends_referred": [],
            "loyalty_score": 1.9092088254290551,
            "membership_type": "Basic",
            "redeemed_points": 264,
            "reward_points": 288
        },
        "password": "Tajuana33",
        "prefs": {
            "promotion_category": [
                "Books",
                "Music",
                "Films"
            ],
            "promotion_email": true,
            "ui_language": "Spanish",
            "ui_theme": "Grafitti"
        },
        "user_creation_time": "Fri Jan 11 18:53:39 2013",
        "user_id": "Tajuana_40937693"
    },
    "search_history": [
        {
            "category": "Films",
            "sub-category": [
                "Animation",
                "Documentary"
            ]
        }
    ],
    "shipped_order_history": [
        {
            "order_datetime": "Sun Apr 21 18:53:39 2013",
            "order_id": "T944145023603"
        }
    ]
}