{
    "doc_type": "user_profile",
    "personal_details": {
        "age": 29,
        "display_name": "Weston Galvin",
        "email": "Weston.Galvin@snailmail.com",
        "first_name": "Weston",
        "last_name": "Galvin",
        "state": "South Dakota"
    },
    "profile_details": {
        "last_login_time": "Wed Jan  1 18:53:39 2014",
        "loyalty": {
            "friends_referred": [],
            "loyalty_score": 6.580854167557021,
            "membership_type": "Silver",
            "redeemed_points": 288,
            "reward_points": 144
        },
        "password": "Weston32",
        "prefs": {
            "promotion_category": [
                "Books",
                "Music"
            ],
            "promotion_email": true,
            "ui_language": "Spanish",
            "ui_theme": "Tree Tops"
        },
        "user_creation_time": "Tue Dec 24 18:53:39 2013",
        "user_id": "Weston_3077363"
    },
    "search_history": [
        {
            "category": "Films",
            "sub-category": [
                "Foreign Films",
                "Drama",
                "Music & Musicals"
            ]
        },
        {
            "category": "Books",
            "sub-category": [
                "Religion",
                "Medicine"
            ]
        }
    ],
    "shipped_order_history": [
        {
            "order_datetime": "Sun Dec 29 18:53:39 2013",
            "order_id": "T185231122745"
        },
        {
            "order_datetime": "Wed Jan  1 18:53:39 2014",
            "order_id": "T511422157046"
        },
        {
            "order_datetime": "Fri Dec 27 18:53:39 2013",
            "order_id": "T553634919630"
        },
        {
            "order_datetime": "Fri Dec 27 18:53:39 2013",
            "order_id": "T854237276537"
        }
    ]
}